"Time (s)";"Acceleration x (m/s^2)";"Acceleration y (m/s^2)";"Acceleration z (m/s^2)";"Absolute acceleration (m/s^2)"
3.045001067E-4;2.882256317E0;2.801125031E0;7.130571899E0;8.185276936E0
1.034549996E-2;2.936892700E0;2.764750671E0;7.305108948E0;8.344687037E0
2.038649982E-2;3.086431732E0;2.800526276E0;7.694449310E0;8.750631888E0
3.042849991E-2;3.043022003E0;2.689157867E0;8.039182434E0;9.006664597E0
4.046950024E-2;3.007695465E0;2.600542145E0;8.414152679E0;9.306289098E0
5.051050009E-2;3.157234497E0;2.670147400E0;8.905281372E0;9.818444537E0
6.055250019E-2;3.326981506E0;2.723885651E0;9.159752197E0;1.011876570E1
7.059350004E-2;3.512595520E0;2.714904327E0;9.120533752E0;1.014362700E1
8.063449990E-2;3.761677551E0;2.730172577E0;9.009464722E0;1.013777662E1
9.067650000E-2;3.982169037E0;2.761158142E0;8.877588959E0;1.011401257E1
1.007174999E-1;4.057312775E0;2.633473663E0;8.863967285E0;1.009786544E1
1.107585002E-1;3.913162537E0;2.488125916E0;8.846154327E0;9.987895574E0
1.208004998E-1;3.554957428E0;2.416574707E0;8.514144745E0;9.537725954E0
1.308415001E-1;3.184477844E0;2.308948517E0;7.960895233E0;8.879639368E0
1.408825000E-1;2.941832428E0;2.192341003E0;7.415279846E0;8.273276999E0
1.509234998E-1;3.004552002E0;2.354154510E0;7.145540771E0;8.101119003E0
1.609654999E-1;3.159928894E0;2.588866425E0;7.520061951E0;8.557961891E0
1.710065003E-1;3.074007568E0;2.889141998E0;8.411158905E0;9.409795861E0
1.810475001E-1;2.647095337E0;2.944077759E0;8.915759583E0;9.755279417E0
1.910895002E-1;2.276615753E0;2.998414764E0;9.383087769E0;1.011018330E1
2.011305001E-1;2.175126801E0;3.242557068E0;9.706714783E0;1.046258404E1
2.111714999E-1;2.036215668E0;3.024610291E0;9.554032288E0;1.022614173E1
2.212135000E-1;1.668580170E0;2.257305908E0;9.191336517E0;9.610424378E0
2.312544999E-1;1.618434448E0;1.562151489E0;8.727301483E0;9.012515660E0
2.412955002E-1;2.105820923E0;1.539847870E0;8.190068665E0;8.595512664E0
2.513374998E-1;2.380649414E0;1.809886322E0;8.120164032E0;8.653337162E0
2.613785001E-1;2.495760040E0;2.217488708E0;8.478967896E0;9.112572135E0
2.714195000E-1;2.228266296E0;2.568359070E0;8.850345612E0;9.481047223E0
2.814615001E-1;1.726210327E0;2.781964874E0;9.162596283E0;9.729969234E0
2.915025000E-1;1.265767822E0;2.862497406E0;9.359736328E0;9.869180498E0
3.015434998E-1;1.002465363E0;2.784359894E0;9.439969482E0;9.892958134E0
3.115854999E-1;8.469387817E-1;2.382146301E0;9.283095703E0;9.621215731E0
3.216265002E-1;1.012195129E0;1.880240021E0;8.866511993E0;9.120026121E0
3.316675001E-1;1.576820984E0;1.663790131E0;8.602311401E0;8.902489734E0
3.417095002E-1;1.876198425E0;1.797761536E0;8.602311401E0;8.986202119E0
3.517505000E-1;2.090103607E0;1.955084381E0;8.802744598E0;9.256305985E0
3.617914999E-1;1.939965820E0;1.904938660E0;9.137897644E0;9.533804699E0
3.718335000E-1;1.835632782E0;2.056872711E0;9.708660736E0;1.009249059E1
3.818744998E-1;1.644031219E0;2.228865051E0;1.005728577E1;1.043166694E1
3.919155002E-1;1.194216614E0;2.080822906E0;9.892328796E0;1.017910341E1
4.019575003E-1;7.575746155E-1;1.966460724E0;9.585167542E0;9.814088031E0
4.119985001E-1;7.863148499E-1;2.003433838E0;9.287286987E0;9.533401165E0
4.220395000E-1;1.110091553E0;2.163002014E0;9.472451935E0;9.779479875E0
4.320804998E-1;1.534908142E0;2.121837616E0;9.363029480E0;9.722368997E0
4.421224999E-1;1.795665894E0;2.096091156E0;8.809330902E0;9.231593854E0
4.521635002E-1;1.811083832E0;1.995500336E0;8.887468414E0;9.287041566E0
4.622045001E-1;1.534758453E0;1.711391144E0;8.804989929E0;9.100120373E0
4.722465002E-1;1.419348450E0;1.705702972E0;9.157057800E0;9.422084706E0
4.822875001E-1;1.465003510E0;1.688039703E0;9.535321198E0;9.793776782E0
4.923284999E-1;1.636546783E0;1.733545074E0;1.007449997E1;1.035272976E1
5.023705000E-1;1.702110443E0;1.666035461E0;9.857151947E0;1.014082337E1
5.124114999E-1;1.412612457E0;1.418899384E0;9.334588623E0;9.546899715E0
5.224525002E-1;1.064885559E0;1.135239258E0;9.005722504E0;9.139244347E0
5.324944998E-1;8.728349304E-1;7.851173401E-1;8.716972961E0;8.795673235E0
5.425355001E-1;9.134005737E-1;6.761439514E-1;8.879684601E0;8.952109799E0
5.525765000E-1;6.846762085E-1;8.638536072E-1;9.482780457E0;9.546630283E0
5.626185001E-1;6.047424316E-2;6.255491638E-1;1.015787659E1;1.017729953E1
5.726594999E-1;-1.540296936E-1;4.153862000E-1;1.040156982E1;1.041100022E1
5.827005003E-1;-1.054706726E0;7.294331360E-1;1.097996704E1;1.105459883E1
5.927424999E-1;-1.456171875E0;1.117276611E0;1.083776276E1;1.099208102E1
6.027835002E-1;-2.784210205E-2;5.730084229E-1;1.030052994E1;1.031649315E1
6.128245001E-1;1.653910675E0;-7.708969116E-2;1.047386948E1;1.060392876E1
6.228665002E-1;2.654130707E0;1.204994202E-1;9.408385162E0;9.776330666E0
6.329075000E-1;2.031575317E0;1.133892059E0;1.046668442E1;1.072214961E1
6.429484999E-1;3.262615356E0;5.375321960E-1;1.291199936E1;1.332866562E1
6.529905000E-1;2.599793701E0;2.103126526E-1;1.117426300E1;1.147463779E1
6.630314998E-1;1.491049347E0;4.559518433E-1;9.872120819E0;9.994492969E0
6.730725002E-1;6.457571411E-1;1.898052979E-1;9.566905518E0;9.590553139E0
6.831135000E-1;3.870950317E-1;-3.369493103E-1;9.562564545E0;9.576325917E0
6.931555001E-1;6.029461670E-1;-4.978646851E-1;9.550140381E0;9.582097611E0
7.031965000E-1;8.244854736E-1;-1.654060364E-1;9.333241425E0;9.371047484E0
7.132374998E-1;1.316512299E0;3.649411011E-1;9.392069092E0;9.490908727E0
7.232794999E-1;1.371298370E0;9.524693298E-1;9.318721619E0;9.467113058E0
7.333205002E-1;1.256038055E0;1.088686066E0;8.872948608E0;9.027296713E0
7.433615001E-1;1.317709808E0;1.181343384E0;8.576265564E0;8.756955085E0
7.534035002E-1;1.726659393E0;1.303639069E0;8.631051636E0;8.898082930E0
7.634445000E-1;2.471809845E0;1.364412689E0;8.766070862E0;9.209531163E0
7.734854999E-1;3.040327606E0;8.975335693E-1;9.901459808E0;1.039654100E1
7.835275000E-1;3.404220886E0;5.691165161E-1;1.076621155E1;1.130592431E1
7.935684999E-1;2.861748962E0;3.667373657E-1;1.050395691E1;1.089298922E1
8.036095002E-1;2.495909729E0;3.712280273E-1;9.125174103E0;9.467638461E0
8.136514998E-1;2.865790558E0;8.388555908E-1;7.400610352E0;7.980317525E0
8.236925001E-1;3.813619537E0;1.388512573E0;6.628216553E0;7.772059946E0
8.337339167E-1;3.858526154E0;1.634002075E0;7.305707703E0;8.422087146E0
8.437749166E-1;3.385210419E0;1.660197601E0;7.863298187E0;8.720513978E0
8.538169167E-1;3.167563019E0;1.594783630E0;8.211174774E0;8.944282055E0
8.638579166E-1;3.847299500E0;2.346370697E0;8.107889557E0;9.276046677E0
8.738989169E-1;4.583169250E0;2.190544739E0;7.527546387E0;9.081182810E0
8.839409165E-1;4.422702942E0;1.233135681E0;7.797435150E0;9.048807647E0
8.939819168E-1;3.742068329E0;6.650669861E-1;8.159981232E0;9.001704459E0
9.040229167E-1;3.556005249E0;1.056802368E-1;7.966583405E0;8.724837694E0
9.140649168E-1;4.348607025E0;-6.125262451E-1;7.691006470E0;8.856475144E0
9.241059166E-1;4.529580688E0;-4.538562012E-1;7.353608093E0;8.648620621E0
9.341469165E-1;4.289180603E0;1.169068909E-1;7.675738220E0;8.793616701E0
9.441889166E-1;3.285667419E0;7.429051208E-1;8.186176758E0;8.852175344E0
9.542299169E-1;2.296524353E0;1.172661438E0;8.670719147E0;9.046022854E0
9.642709168E-1;2.392923889E0;9.797126770E-1;9.630223846E0;9.971315510E0
9.743129169E-1;2.384092255E0;8.009843445E-1;9.787097626E0;1.010508544E1
9.843539167E-1;2.616409149E0;5.840853882E-1;9.621541901E0;9.988033897E0
9.943949166E-1;2.817890167E0;6.622229004E-1;9.560618591E0;9.989217788E0
1.004435917E0;2.622097321E0;1.589095459E0;9.806856537E0;1.027497221E1
1.014477917E0;3.431464233E0;1.968107300E0;9.933942261E0;1.069259566E1
1.024518917E0;3.893553314E0;1.503024445E0;8.433163147E0;9.409414464E0
1.034559917E0;4.414470062E0;1.121617584E0;8.585097198E0;9.718511503E0
1.044601917E0;4.407883759E0;7.584727478E-1;7.920628967E0;9.096212584E0
1.054642917E0;4.394262085E0;3.965254211E-1;8.086783447E0;9.212102811E0
1.064683917E0;4.319866791E0;2.380050659E-1;8.129744110E0;9.209268961E0
1.074725917E0;4.198020172E0;-1.363664246E-1;8.033194885E0;9.064998027E0
1.084766917E0;3.802093506E0;-5.803431702E-1;8.753047943E0;9.560782474E0
1.094807917E0;3.589236145E0;-3.817062378E-2;9.677226105E0;1.032147171E1
1.104849917E0;3.851041718E0;6.911128235E-1;1.077848602E1;1.146664381E1
1.114890917E0;3.872147827E0;1.127006378E0;1.107936035E1;1.179050033E1
1.124931917E0;4.363126831E0;1.452878723E0;9.963730316E0;1.097377119E1
1.134973917E0;4.506079559E0;1.368753662E0;8.454718323E0;9.677835579E0
1.145014917E0;4.206851807E0;2.236349487E-1;6.971153412E0;8.145219126E0
1.155055917E0;4.032913513E0;-6.508465576E-1;6.244714050E0;7.462201164E0
1.165096917E0;4.719385986E0;1.523831177E-1;5.600453796E0;7.325360566E0
1.175138917E0;5.039420471E0;8.493338013E-1;5.190755768E0;7.284303126E0
1.185179917E0;4.921765137E0;8.394543457E-1;4.752766571E0;6.893275400E0
1.195220917E0;4.204456787E0;4.655319214E-1;4.531077576E0;6.198777367E0
1.205262917E0;3.078348541E0;9.310638428E-2;4.218377838E0;5.222988620E0
1.215303916E0;2.276615753E0;3.622467041E-1;3.711831207E0;4.369427065E0
1.225344917E0;1.450783081E0;7.933502197E-2;3.024310913E0;3.355223106E0
1.235386917E0;1.306782532E0;-6.489006042E-1;2.223176880E0;2.659185593E0
1.245427917E0;2.041454773E0;-9.039701843E-1;1.387614441E0;2.628720891E0
1.255468917E0;3.184926910E0;-7.855664063E-1;1.047821045E0;3.443661270E0
1.265510917E0;4.717889099E0;-5.111869812E-1;7.646099854E-1;4.806705536E0
1.275551917E0;5.993835754E0;2.558180237E-1;5.902226257E-1;6.028256187E0
1.285592917E0;6.413712616E0;5.622308350E-1;3.192860413E-1;6.446220335E0
1.295633917E0;6.126609650E0;3.619473267E-1;3.079096985E-1;6.145010989E0
1.305675917E0;5.669460297E0;1.589694214E-1;3.851490784E-1;5.684750755E0
1.315716917E0;5.520220642E0;-5.523513794E-2;5.263055420E-1;5.545528323E0
1.325757917E0;5.607040100E0;-4.980143738E-1;8.804690552E-1;5.697555858E0
1.335799917E0;6.064638519E0;-5.900729370E-1;6.036946106E-1;6.123109800E0
1.345840917E0;6.957831116E0;-1.005908203E0;4.366419983E-1;7.043715027E0
1.355881917E0;8.352480927E0;-1.383273468E0;9.208850098E-1;8.516185315E0
1.365923917E0;1.024754013E1;-1.485510864E0;1.513502655E0;1.046467924E1
1.375964917E0;1.256846375E1;-1.560504913E0;5.928721161E0;1.398396192E1
1.386005917E0;1.221909027E1;-1.145418091E0;4.764741669E0;1.316514006E1
1.396047917E0;1.119985977E1;-8.855584717E-1;5.237907715E0;1.239583599E1
1.406088917E0;1.034887939E1;-3.287164307E-1;4.841831360E0;1.143025328E1
1.416129917E0;1.062011536E1;-1.521436157E0;1.499731293E0;1.083285798E1
1.426170917E0;1.023466690E1;-2.252366180E0;2.065704346E-2;1.047959859E1
1.436212917E0;9.459578705E0;-1.741777954E0;-7.120692444E-1;9.644918990E0
1.446253917E0;9.070238342E0;-9.684860229E-1;-4.695735168E-1;9.133875850E0
1.456294917E0;8.840915222E0;1.945953369E-3;-6.756948853E-1;8.866698897E0
1.466336917E0;9.124874725E0;-3.646417236E-1;-1.902843018E0;9.328296409E0
1.476377917E0;1.032971924E1;-8.509803772E-1;-3.386108551E0;1.090380660E1
1.486418917E0;1.141331589E1;-9.521699524E-1;-3.783532104E0;1.206173795E1
1.496460916E0;1.257160721E1;-1.458716583E0;-3.417243805E0;1.310918446E1
1.506501917E0;1.342767700E1;-1.806144104E0;-3.003354492E0;1.387749273E1
1.516542917E0;1.289822800E1;-1.726958771E0;-2.905757446E0;1.333379535E1
1.526584917E0;1.166269730E1;-1.585053864E0;-2.794688416E0;1.209715617E1
1.536625917E0;1.103639969E1;-1.464704132E0;-2.550246735E0;1.142152506E1
1.546666917E0;1.096305222E1;-1.240620117E0;-2.563569031E0;1.132693861E1
1.556707917E0;1.051159103E1;-9.039701843E-1;-2.334545288E0;1.080559160E1
1.566749917E0;9.663604431E0;-7.485932922E-1;-1.760638733E0;9.851167000E0
1.576790917E0;9.430838470E0;-6.536906433E-1;-1.672921143E0;9.600348476E0
1.586831917E0;1.005414230E1;-1.202898560E0;-2.601889343E0;1.045478697E1
1.596873917E0;1.082638641E1;-1.658101959E0;-2.932851105E0;1.133849904E1
1.606914917E0;1.144924118E1;-1.503024445E0;-3.661835175E0;1.211417529E1
1.616955917E0;1.155013138E1;-1.745819550E0;-4.853656769E0;1.264956145E1
1.626997916E0;1.091874435E1;-1.678459625E0;-5.499264221E0;1.234010178E1
1.637038917E0;9.438173218E0;-2.656226349E0;-5.391638031E0;1.118947777E1
1.647079917E0;8.851842499E0;-2.623444519E0;-5.746999054E0;1.087499770E1
1.657121917E0;9.250762939E0;-9.645941162E-1;-6.085145874E0;1.111467755E1
1.667162917E0;9.499246216E0;2.787203979E-1;-6.023623810E0;1.125155134E1
1.677203916E0;9.987381134E0;9.571096802E-1;-6.222111053E0;1.180586747E1
1.687244917E0;9.846374359E0;4.541555786E-1;-6.616690521E0;1.187172855E1
1.697286917E0;9.805509338E0;-7.723937988E-1;-6.888974304E0;1.200843756E1
1.707327917E0;9.411229248E0;-1.244811401E0;-6.669380951E0;1.160178580E1
1.717368917E0;8.970246277E0;-1.293909302E0;-6.551426239E0;1.118305438E1
1.727410917E0;8.912017365E0;-1.330133972E0;-6.723717957E0;1.124285075E1
1.737451917E0;8.338559875E0;-1.582359467E0;-6.566694489E0;1.073111918E1
1.747492917E0;7.352260895E0;-1.547631683E0;-6.059249725E0;9.652223129E0
1.757534917E0;6.683002625E0;-1.054557037E0;-5.754034424E0;8.881639870E0
1.767575917E0;6.406527557E0;-7.797285461E-1;-5.463189240E0;8.455649509E0
1.777616917E0;6.630910950E0;-6.149212646E-1;-5.978567505E0;8.949322745E0
1.787657917E0;7.262148285E0;-7.896080017E-1;-7.227121124E0;1.027587263E1
1.797699917E0;8.037236481E0;-1.202299805E0;-7.545958099E0;1.108982320E1
1.807740916E0;8.639583893E0;-1.764830017E0;-7.540120239E0;1.160217428E1
1.817781917E0;8.776848450E0;-2.300565948E0;-7.123237152E0;1.153543150E1
1.827823542E0;8.186625824E0;-2.330354004E0;-6.264173584E0;1.056840872E1
1.837864542E0;7.197183380E0;-2.266586609E0;-6.252647552E0;9.799615547E0
1.847905542E0;6.235732727E0;-2.111808472E0;-6.931785278E0;9.560007574E0
1.857947542E0;5.897436218E0;-1.844165039E0;-7.461683350E0;9.688003770E0
1.867988542E0;5.874982910E0;-1.878443756E0;-8.145162048E0;1.021702696E1
1.878029542E0;5.580096130E0;-2.178869019E0;-8.597970428E0;1.047902851E1
1.888070542E0;4.907395020E0;-2.433190155E0;-8.692274323E0;1.027417019E1
1.898112542E0;4.450994110E0;-2.478096771E0;-8.630752258E0;1.002208545E1
1.908153542E0;4.244124298E0;-2.507735138E0;-8.500373383E0;9.826376454E0
1.918194542E0;4.129462738E0;-2.837349701E0;-8.743168488E0;1.007700407E1
1.928236542E0;4.392465820E0;-2.924468536E0;-8.851393433E0;1.030502003E1
1.938277542E0;5.051395569E0;-2.627785492E0;-8.517886963E0;1.024579192E1
1.948318542E0;5.585335236E0;-2.253563690E0;-7.934849396E0;9.961744523E0
1.958360542E0;5.561834106E0;-2.159409485E0;-7.704628143E0;9.744657140E0
1.968401542E0;5.002147980E0;-2.409689026E0;-8.075257416E0;9.799891221E0
1.978442542E0;4.634063416E0;-2.579585724E0;-8.165370026E0;9.736635656E0
1.988484542E0;4.188290405E0;-2.738854523E0;-8.428822174E0;9.802456012E0
1.998525542E0;3.753744049E0;-2.996768188E0;-8.701854401E0;9.939491132E0
2.008566542E0;3.845952301E0;-3.191662903E0;-8.515491943E0;9.873786722E0
2.018607542E0;3.857777710E0;-3.474125519E0;-8.414751434E0;9.887367632E0
2.028649542E0;3.688629456E0;-3.690725098E0;-8.635093231E0;1.008921573E1
2.038690542E0;3.567231903E0;-3.697910156E0;-8.774752808E0;1.016838088E1
2.048731542E0;3.503165131E0;-3.897445221E0;-8.945098572E0;1.036711308E1
2.058773542E0;3.724554749E0;-4.201463013E0;-9.213340759E0;1.078935807E1
2.068814542E0;4.127666473E0;-4.486919403E0;-9.478289795E0;1.126978499E1
2.078855542E0;4.584366760E0;-4.442611542E0;-9.510023804E0;1.145398484E1
2.088897542E0;4.793481903E0;-4.017046509E0;-9.090745697E0;1.103430055E1
2.098938541E0;4.892126770E0;-3.709286499E0;-8.234675903E0;1.027139708E1
2.108979542E0;4.966821442E0;-3.681294708E0;-7.830216980E0;9.976649935E0
2.119020542E0;4.400399323E0;-4.132606201E0;-8.301137695E0;1.026405550E1
2.129062542E0;3.870201874E0;-4.411326599E0;-8.601862335E0;1.041298711E1
2.139103542E0;3.584446106E0;-4.546645203E0;-8.813671875E0;1.054519077E1
2.149144541E0;3.855682068E0;-4.190984802E0;-9.028026123E0;1.067407577E1
2.159186542E0;4.122427368E0;-3.609593811E0;-9.222172394E0;1.072716358E1
2.169227542E0;4.277205505E0;-3.391796722E0;-9.681567078E0;1.111447313E1
2.179268542E0;4.352049866E0;-3.125051422E0;-9.974657593E0;1.132254735E1
2.189310542E0;3.812571716E0;-3.007096710E0;-1.046982788E1;1.154104110E1
2.199351542E0;3.242257690E0;-2.979553986E0;-1.054467224E1;1.142716455E1
2.209392542E0;3.116519165E0;-3.059936829E0;-1.046428940E1;1.133919123E1
2.219433542E0;3.288661194E0;-3.562591553E0;-1.039288788E1;1.146819382E1
2.229475542E0;3.702999573E0;-4.195475464E0;-1.031744476E1;1.173728617E1
2.239516542E0;4.237687683E0;-4.371808777E0;-1.025322830E1;1.192473897E1
2.249557542E0;5.087320862E0;-4.066743164E0;-1.034678375E1;1.222600374E1
2.259599542E0;5.884263611E0;-3.780089264E0;-1.074315948E1;1.281909157E1
2.269640542E0;5.497917023E0;-3.158731384E0;-1.113414642E1;1.281303602E1
2.279681541E0;4.259242859E0;-2.083517303E0;-1.120255417E1;1.216467895E1
2.289723542E0;3.350482635E0;-1.284927979E0;-1.172481812E1;1.226165297E1
2.299764542E0;3.378474426E0;-1.126257935E0;-1.269525009E1;1.318529185E1
2.309805542E0;4.198469238E0;-9.963281250E-1;-1.263073425E1;1.334748146E1
2.319847542E0;4.723128204E0;-7.182064819E-1;-1.149549500E1;1.244870137E1
2.329888542E0;4.619693298E0;-7.566764832E-1;-1.056368271E1;1.155445879E1
2.339929542E0;4.308490448E0;-1.275347900E0;-1.003602997E1;1.099597652E1
2.349970542E0;4.101021881E0;-1.636846161E0;-9.593699799E0;1.056109472E1
2.360012542E0;4.011358337E0;-1.736987915E0;-9.065597992E0;1.006445178E1
2.370053542E0;3.995042267E0;-1.667682037E0;-9.011410675E0;9.997352072E0
2.380094542E0;3.784879303E0;-1.093326416E0;-9.509724426E0;1.029347039E1
2.390136542E0;3.426973572E0;-3.103047180E-1;-1.003617966E1;1.060968138E1
2.400177542E0;2.485431519E0;-8.951385498E-2;-1.069181625E1;1.097726366E1
2.410218542E0;1.530118103E0;-2.933898926E-1;-1.092338470E1;1.103393277E1
2.420260542E0;1.190773773E0;-8.152047729E-1;-1.054796539E1;1.064622351E1
2.430301542E0;1.169667664E0;-1.400787048E0;-9.995614014E0;1.016083787E1
2.440342542E0;1.508263550E0;-2.012415161E0;-9.240883484E0;9.576982890E0
2.450383542E0;1.976489868E0;-2.313289490E0;-8.804241486E0;9.315175178E0
2.460425542E0;2.124981079E0;-2.397264862E0;-8.256081390E0;8.855806193E0
2.470466542E0;2.131417694E0;-2.589764557E0;-7.928712158E0;8.608966159E0
2.480507542E0;2.264191589E0;-2.965932312E0;-8.060737610E0;8.882500146E0
2.490549542E0;2.524051208E0;-2.926264801E0;-8.783135376E0;9.595693160E0
2.500590542E0;2.782264252E0;-2.613864441E0;-8.700507202E0;9.501163469E0
2.510631542E0;2.707569580E0;-2.371069336E0;-8.495433655E0;9.226337074E0
2.520673542E0;2.644850006E0;-1.935475159E0;-9.058412933E0;9.633075341E0
2.530714542E0;2.837349701E0;-1.595532074E0;-9.938732300E0;1.045823482E1
2.540755542E0;3.375330963E0;-1.412313080E0;-9.703571320E0;1.037047654E1
2.550796542E0;3.717519379E0;-1.101409607E0;-9.105864258E0;9.896960005E0
2.560838541E0;3.787424011E0;-1.041234741E0;-8.874894562E0;9.705282268E0
2.570879542E0;3.641926575E0;-1.167572021E0;-9.261989594E0;1.002054414E1
2.580920542E0;3.467090149E0;-1.191222839E0;-9.531728668E0;1.021242270E1
2.590962542E0;3.544628906E0;-1.112187195E0;-9.134155426E0;9.860737791E0
2.601003542E0;3.651806030E0;-1.131646729E0;-9.324709167E0;1.007802127E1
2.611044542E0;3.738775177E0;-1.076860657E0;-9.908495178E0;1.064501505E1
2.621086542E0;3.696862335E0;-7.036866760E-1;-1.049901718E1;1.115308602E1
2.631127542E0;2.993025970E0;-5.541476440E-1;-1.061307999E1;1.104095788E1
2.641168542E0;2.162702637E0;-9.924362183E-1;-1.045006897E1;1.071756287E1
2.651209542E0;2.070793762E0;-1.562151489E0;-1.037223083E1;1.069166388E1
2.661251542E0;2.229912872E0;-2.102378082E0;-1.036474640E1;1.080835200E1
2.671292542E0;2.200873260E0;-2.457739105E0;-1.044063858E1;1.094948668E1
2.681333542E0;1.830393677E0;-2.528691559E0;-1.032597702E1;1.078751238E1
2.691375542E0;1.455573120E0;-2.345472565E0;-1.001971390E1;1.039300732E1
2.701416542E0;1.621877289E0;-1.901795197E0;-1.005279510E1;1.035886096E1
2.711457542E0;1.785936127E0;-1.266216888E0;-9.803264008E0;1.004474282E1
2.721499542E0;1.842368774E0;-6.291416931E-1;-9.965376892E0;1.015376179E1
2.731540542E0;2.285597076E0;7.963439941E-2;-1.071007828E1;1.095153288E1
2.741581541E0;2.499951324E0;9.445358276E-2;-1.099254089E1;1.127362557E1
2.751622542E0;2.332449646E0;-6.584806824E-1;-1.093266541E1;1.119808426E1
2.761664542E0;1.797761536E0;-1.319655762E0;-1.043539948E1;1.067103557E1
2.771705542E0;1.365610199E0;-1.295406189E0;-9.599986725E0;9.782776371E0
2.781746542E0;1.301992493E0;-7.002438354E-1;-9.936037903E0;1.004541563E1
2.791788542E0;6.451583862E-1;-3.616479492E-1;-1.054676788E1;1.057266907E1
2.801829542E0;3.141966248E-1;-6.566844177E-1;-1.076860657E1;1.079318495E1
2.811870542E0;4.104464722E-1;-9.397457886E-1;-1.042941193E1;1.047970522E1
2.821912542E0;4.050576782E-1;-1.099912720E0;-1.010892838E1;1.017665528E1
2.831954000E0;4.785548401E-1;-1.246757355E0;-9.581125946E0;9.673747621E0
2.841995000E0;7.316784668E-1;-1.145418091E0;-9.820029144E0;9.913642538E0
2.852037000E0;1.352437592E0;-1.150956573E0;-9.223519592E0;9.392928305E0
2.862078000E0;2.463277588E0;-9.725276184E-1;-9.142088928E0;9.517948120E0
2.872119000E0;3.284469910E0;-6.997947693E-1;-9.479187927E0;1.005646355E1
2.882160000E0;3.347638550E0;-5.346881104E-1;-9.783205719E0;1.035392145E1
2.892202000E0;2.983595581E0;-4.555027771E-1;-1.007225464E1;1.051473437E1
2.902243000E0;2.718047791E0;-4.288581848E-1;-9.646539917E0;1.003132272E1
2.912284000E0;2.493365021E0;-3.516188049E-1;-9.728269958E0;1.004886766E1
2.922326000E0;2.437082062E0;-4.336482239E-1;-1.021445892E1;1.051011850E1
2.932367000E0;1.932631073E0;-6.243516541E-1;-1.004546036E1;1.024871463E1
2.942408000E0;1.276994476E0;-8.963360596E-1;-9.744286652E0;9.868396809E0
2.952450000E0;1.131347351E0;-1.232387238E0;-9.584119720E0;9.729032632E0
2.962491000E0;9.270222473E-1;-1.200952606E0;-9.858050079E0;9.974106916E0
2.972532000E0;7.077282715E-1;-9.377998352E-1;-1.019080811E1;1.025830969E1
2.982573000E0;1.260379028E0;-6.099815369E-1;-1.035127441E1;1.044555000E1
2.992615000E0;1.387614441E0;-4.156855774E-1;-9.810299377E0;9.916664873E0
3.002656000E0;1.130748596E0;-5.539979553E-1;-9.363628235E0;9.447911930E0
3.012697000E0;1.091081085E0;-7.795788574E-1;-9.558822327E0;9.652423810E0
3.022739000E0;7.881111145E-1;-1.114432526E0;-9.768685913E0;9.863584716E0
3.032780000E0;5.899232483E-1;-1.221010895E0;-1.008572662E1;1.017648066E1
3.042821000E0;8.381071472E-1;-1.339115295E0;-1.022463776E1;1.034595914E1
3.052863000E0;1.093775482E0;-1.297950897E0;-1.004830444E1;1.019065472E1
3.062904000E0;1.263672180E0;-5.134323120E-1;-1.042282562E1;1.051169701E1
3.072945000E0;6.770420837E-1;-4.730163574E-2;-9.359886017E0;9.384460010E0
3.082986000E0;6.893165588E-1;2.920426941E-1;-9.802365875E0;9.830911606E0
3.093028000E0;8.443940735E-1;5.269042969E-1;-1.032612671E1;1.037398295E1
3.103069000E0;9.584568787E-1;1.856140137E-1;-1.032941986E1;1.037545213E1
3.113110000E0;2.180216217E0;-4.661306763E-1;-9.892478485E0;1.014059915E1
3.123152000E0;1.848805389E0;-9.488768005E-1;-9.653425598E0;9.874567045E0
3.133193000E0;8.086184692E-1;-5.010081482E-1;-9.630672913E0;9.677537587E0
3.143234000E0;7.460485840E-1;-1.218466187E-1;-1.000938538E1;1.003788975E1
3.153276000E0;3.995191956E-1;-2.562670898E-1;-1.009949799E1;1.011064528E1
3.163317000E0;6.447093201E-1;-5.117857361E-1;-9.860894165E0;9.895191180E0
3.173358000E0;1.009650421E0;-6.577322388E-1;-9.652826843E0;9.727747516E0
3.183399000E0;7.189549255E-1;-3.487747192E-1;-9.736353149E0;9.769089653E0
3.193441000E0;5.505551147E-1;-3.888912964E-1;-9.774074707E0;9.797289613E0
3.203482000E0;5.698649597E-1;-5.149291992E-1;-9.739646301E0;9.769882713E0
3.213523000E0;4.299060059E-1;-3.103047180E-1;-9.851164398E0;9.865421846E0
3.223565000E0;3.248245239E-1;-3.177891541E-1;-9.917027435E0;9.927433408E0
3.233606000E0;2.270777893E-1;-3.805087280E-1;-9.934840393E0;9.944717434E0
3.243647000E0;1.781295776E-1;-3.591032410E-1;-9.899364166E0;9.907476782E0
3.253689000E0;2.062710571E-1;-3.311114502E-1;-9.897567902E0;9.905252794E0
3.263730000E0;1.508862305E-1;-2.972817993E-1;-9.910590820E0;9.916196525E0
3.273771000E0;1.836680603E-1;-3.279679871E-1;-9.938881989E0;9.945987741E0
3.283812000E0;-1.143621826E-1;-4.381388855E-1;-9.901609497E0;9.911958183E0
3.293854000E0;-2.963836670E-2;-3.984713745E-1;-9.841584320E0;9.849692371E0
3.303895000E0;5.264552307E-1;-2.387535095E-1;-9.782756653E0;9.799820717E0
3.313936000E0;4.733157349E-1;-2.757266235E-1;-9.747130737E0;9.762510464E0
3.323978000E0;2.225871277E-1;-2.679428101E-1;-9.738149414E0;9.744377476E0
3.334019000E0;2.472857666E-1;-2.507286072E-1;-9.671238556E0;9.677647973E0
3.344060000E0;2.606080627E-1;-2.212399292E-1;-9.701176300E0;9.707197601E0
3.354102000E0;4.613406372E-1;-1.158590698E-1;-9.708361359E0;9.720007139E0
3.364143000E0;3.805087280E-1;-1.531315613E-1;-9.753717041E0;9.762337440E0
3.374184000E0;2.451901245E-1;-2.868035889E-1;-9.773625641E0;9.780906536E0
3.384225000E0;2.083666992E-1;-2.194436646E-1;-9.775571594E0;9.780254199E0
3.394267000E0;2.074685669E-1;-2.293231201E-1;-9.819131012E0;9.823999498E0
3.404308000E0;1.432521057E-1;-2.966830444E-1;-9.855804749E0;9.861309712E0
3.414349000E0;1.393601990E-1;-2.688409424E-1;-9.829908600E0;9.834571663E0
3.424391000E0;2.067201233E-1;-3.137475586E-1;-9.834998016E0;9.842172358E0
3.434432000E0;2.695893860E-1;-2.812651062E-1;-9.802365875E0;9.810105262E0
3.444473000E0;2.023791504E-1;-1.139131165E-1;-9.766889648E0;9.769650297E0
3.454515000E0;1.966909790E-1;-1.528321838E-1;-9.804012451E0;9.807176207E0
3.464556000E0;6.915618896E-2;-6.406677246E-2;-9.815538483E0;9.815991179E0
3.474597000E0;1.345701599E-1;-5.194198608E-2;-9.780960388E0;9.782023983E0
3.484638000E0;1.839674377E-1;-2.140548706E-2;-9.776469727E0;9.778223894E0
3.494680000E0;2.688409424E-1;7.634124756E-3;-9.651928711E0;9.655675097E0
3.504721000E0;1.978884888E-1;1.460961914E-1;-9.661209412E0;9.664340187E0
3.514762000E0;8.292755127E-1;-7.604187012E-2;-9.249715118E0;9.287126036E0
3.524804000E0;3.847000122E-2;-5.279521179E-1;-1.073926758E1;1.075230587E1
3.534845000E0;-1.384171600E0;-2.799179077E-2;-1.006701553E1;1.016176738E1
3.544886000E0;7.005432129E-2;-2.288740540E-1;-9.831704865E0;9.834618014E0
3.554928000E0;1.721420288E-2;8.711883545E-2;-9.865684204E0;9.866083865E0
3.564969000E0;-5.388793945E-3;-3.697311401E-2;-9.798324280E0;9.798395519E0
3.575010000E0;3.173400879E-2;-1.841171265E-2;-9.809700623E0;9.809769230E0
3.585051000E0;2.664459229E-2;-1.152603149E-2;-9.794132996E0;9.794176020E0
3.595093000E0;2.005828857E-2;-2.484832764E-2;-9.792486420E0;9.792538489E0
3.605134000E0;-4.191284180E-3;-3.457809448E-2;-9.817484436E0;9.817546224E0
3.615175000E0;3.293151855E-2;-4.939727783E-3;-9.847272491E0;9.847328796E0
3.625217000E0;8.217910767E-2;-9.879455566E-3;-9.833501129E0;9.833849473E0
3.635258000E0;4.834945679E-2;-3.727249146E-2;-9.833950195E0;9.834139685E0
3.645299000E0;4.445755005E-2;-4.161346436E-2;-9.815239105E0;9.815428001E0
3.655341000E0;1.811233521E-2;-2.739303589E-2;-9.784103851E0;9.784158963E0
3.665382000E0;5.643264771E-2;-1.856140137E-2;-9.794731750E0;9.794911905E0
3.675423000E0;4.146377563E-2;-4.984634399E-2;-9.825567627E0;9.825781551E0
3.685465000E0;3.757186890E-2;-1.631607056E-2;-9.813592529E0;9.813678015E0
3.695506000E0;2.948867798E-2;-2.679428101E-2;-9.778415680E0;9.778496854E0
3.705547000E0;7.589218140E-2;-2.969824219E-1;-9.824968872E0;9.829749311E0
3.715588000E0;-1.362167358E-2;-1.746867371E-1;-9.800868988E0;9.802435102E0
3.725630000E0;7.634124756E-3;5.742059326E-1;-9.789941711E0;9.806769572E0
3.735671000E0;-5.688171387E-3;1.107696533E-2;-9.803114319E0;9.803122227E0
3.745712000E0;5.328918457E-2;-4.730163574E-2;-9.807754669E0;9.808013501E0
3.755754000E0;3.652404785E-2;-2.454895020E-2;-9.813442841E0;9.813541514E0
3.765795000E0;2.903961182E-2;-5.149291992E-2;-9.801018677E0;9.801196964E0
3.775836000E0;1.901046753E-2;-1.092727661E-2;-9.794282684E0;9.794307229E0
3.785878000E0;3.921844482E-2;-4.370910645E-2;-9.852810974E0;9.852985977E0
3.795919000E0;1.017883301E-2;-3.397933960E-2;-9.847122803E0;9.847186689E0
3.805960000E0;2.215393066E-2;-1.766326904E-2;-9.837542725E0;9.837583527E0
3.816001000E0;9.879455566E-3;-3.188369751E-2;-9.829010468E0;9.829067145E0
3.826043000E0;1.945953369E-2;-1.646575928E-2;-9.818681946E0;9.818715035E0
3.836084500E0;1.466949463E-2;-1.781295776E-2;-9.816735992E0;9.816763114E0
3.846125500E0;2.409988403E-2;-1.002914429E-2;-9.812544708E0;9.812579428E0
3.856167500E0;2.709365845E-2;-2.320175171E-2;-9.818382568E0;9.818447364E0
3.866208500E0;1.945953369E-2;-2.245330811E-2;-9.801318054E0;9.801363090E0
3.876249500E0;1.721420288E-2;-1.781295776E-2;-9.800569611E0;9.800600916E0
3.886291500E0;3.053649902E-2;-2.694396973E-3;-9.810299377E0;9.810347273E0
3.896332500E0;4.415817261E-2;5.987548828E-4;-9.815239105E0;9.815338455E0
3.906373500E0;3.996688843E-2;-2.993774414E-3;-9.803862762E0;9.803944685E0
3.916414500E0;3.427871704E-2;-2.020797729E-2;-9.805359650E0;9.805440391E0
3.926456500E0;3.382965088E-2;-3.203338623E-2;-9.808802490E0;9.808913134E0
3.936497500E0;2.020797729E-2;-3.293151855E-2;-9.818232880E0;9.818308904E0
3.946538500E0;2.694396973E-2;-4.834945679E-2;-9.826316071E0;9.826471959E0
3.956580500E0;2.918930054E-2;-4.146377563E-2;-9.813742218E0;9.813873220E0
3.966621500E0;2.918930054E-2;-3.727249146E-2;-9.815388794E0;9.815502964E0
3.976662500E0;3.562591553E-2;-5.538482666E-3;-9.809850311E0;9.809916565E0
3.986704500E0;4.176315308E-2;2.065704346E-2;-9.812844086E0;9.812954699E0
3.996745500E0;3.817062378E-2;3.218307495E-2;-9.798773346E0;9.798900542E0
4.006786500E0;1.975891113E-2;3.008743286E-2;-9.788744202E0;9.788810383E0
4.016827500E0;1.032852173E-2;-1.107696533E-2;-9.813442841E0;9.813454527E0
4.026869500E0;2.200424194E-2;-3.592529297E-2;-9.822274475E0;9.822364821E0
4.036910500E0;1.257385254E-2;-5.059478760E-2;-9.824070740E0;9.824209069E0
4.046951500E0;1.781295776E-2;-4.475692749E-2;-9.824220428E0;9.824338528E0
4.056993500E0;4.864883423E-2;-3.727249146E-2;-9.813891907E0;9.814083264E0
4.067034500E0;5.269042969E-2;-4.266128540E-2;-9.811496887E0;9.811731113E0
4.077075500E0;2.963836670E-2;-2.859054565E-2;-9.797276459E0;9.797363005E0
4.087117500E0;1.856140137E-2;-8.532257080E-3;-9.781409454E0;9.781430787E0
4.097158500E0;1.062789917E-2;-1.332229614E-2;-9.807155914E0;9.807170722E0
4.107199500E0;8.681945801E-3;2.993774414E-3;-9.784552917E0;9.784557227E0
4.117241500E0;3.293151855E-3;-1.347198486E-3;-9.800719299E0;9.800719945E0
4.127282500E0;1.766326904E-2;-6.586303711E-3;-9.801018677E0;9.801036806E0
4.137323500E0;3.996688843E-2;-1.496887207E-2;-9.815388794E0;9.815481577E0
4.147364500E0;3.652404785E-2;-1.466949463E-2;-9.834099884E0;9.834178650E0
4.157406500E0;3.876937866E-2;-1.766326904E-2;-9.851463776E0;9.851555896E0
4.167447500E0;3.233276367E-2;-2.365081787E-2;-9.854158173E0;9.854239598E0
4.177488500E0;2.484832764E-2;-7.334747314E-3;-9.849218445E0;9.849252520E0
4.187530500E0;1.032852173E-2;-3.906875610E-2;-9.824519806E0;9.824602916E0
4.197571500E0;1.496887207E-2;-2.619552612E-2;-9.796078949E0;9.796125410E0
4.207612500E0;3.278182983E-2;-7.035369873E-3;-9.802216187E0;9.802273528E0
4.217654500E0;1.871109009E-2;-4.640350342E-3;-9.793234863E0;9.793253837E0
4.227695500E0;2.993774414E-2;-1.601669312E-2;-9.789193268E0;9.789252149E0
4.237736500E0;1.736389160E-2;-6.436614990E-3;-9.811047821E0;9.811065298E0
4.247778500E0;2.035766602E-2;-8.981323242E-3;-9.816885681E0;9.816910898E0
4.257819500E0;2.514770508E-2;-8.981323242E-3;-9.820029144E0;9.820065451E0
4.267860500E0;1.886077881E-2;-7.334747314E-3;-9.819280701E0;9.819301554E0
4.277901500E0;3.742218018E-2;-1.601669312E-2;-9.813891907E0;9.813976325E0
4.287943500E0;2.948867798E-2;-2.140548706E-2;-9.818831635E0;9.818899248E0
4.297984500E0;2.948867798E-2;-2.350112915E-2;-9.812245331E0;9.812317785E0
4.308025500E0;3.472778320E-2;-3.158432007E-2;-9.815089417E0;9.815201671E0
4.318067500E0;2.963836670E-2;-3.876937866E-2;-9.813143463E0;9.813264805E0
4.328108500E0;3.128494263E-2;-4.580474854E-2;-9.811496887E0;9.811653683E0
4.338149500E0;1.916015625E-2;-3.248245239E-2;-9.814340973E0;9.814413429E0
4.348191500E0;3.308120728E-2;-1.901046753E-2;-9.808054047E0;9.808128259E0
4.358232500E0;2.155517578E-2;-1.706451416E-2;-9.819729767E0;9.819768252E0
4.368273500E0;2.290237427E-2;-1.811233521E-2;-9.804461517E0;9.804504996E0
4.378315500E0;1.721420288E-2;-1.437011719E-2;-9.827812958E0;9.827838540E0
4.388356500E0;3.008743286E-2;-2.544708252E-3;-9.818532257E0;9.818578686E0
4.398397500E0;1.107696533E-2;-1.062789917E-2;-9.793833618E0;9.793845649E0
4.408438500E0;7.484436035E-4;-6.735992432E-3;-9.808952179E0;9.808954520E0
4.418480500E0;2.874023438E-2;-1.661544800E-2;-9.785151672E0;9.785207986E0
4.428521500E0;6.077362061E-2;-2.874023438E-2;-9.795031128E0;9.795261826E0
4.438562500E0;4.745132446E-2;-2.005828857E-2;-9.815239105E0;9.815374300E0
4.448604500E0;4.400848389E-2;-3.308120728E-2;-9.821675720E0;9.821830026E0
4.458645500E0;2.050735474E-2;-5.388793945E-3;-9.827363892E0;9.827386766E0
4.468686500E0;1.032852173E-2;-2.814147949E-2;-9.827214203E0;9.827259924E0
4.478728500E0;1.796264648E-3;-1.077758789E-2;-9.809101868E0;9.809107953E0
4.488769500E0;1.347198486E-2;-1.152603149E-2;-9.816436615E0;9.816452626E0
4.498810500E0;3.547622681E-2;-2.110610962E-2;-9.826016693E0;9.826103403E0
4.508851500E0;4.206253052E-2;-7.185058594E-3;-9.821825409E0;9.821918104E0
4.518893500E0;2.993774414E-2;-3.203338623E-2;-9.804910583E0;9.805008616E0
4.528934500E0;3.727249146E-2;-2.574645996E-2;-9.802964630E0;9.803069298E0
4.538975500E0;4.475692749E-2;-3.532653809E-2;-9.817334747E0;9.817500328E0
4.549017500E0;1.796264648E-2;-4.281097412E-2;-9.805808716E0;9.805918621E0
4.559058500E0;6.436614990E-3;-3.367996216E-2;-9.817783813E0;9.817843693E0
4.569099500E0;4.340972900E-3;-1.886077881E-2;-9.816885681E0;9.816904759E0
4.579141500E0;-1.197509766E-3;1.197509766E-3;-9.804760895E0;9.804761041E0
4.589182500E0;2.335144043E-2;-0.000000000E0;-9.817035370E0;9.817063142E0
4.599223500E0;3.682342529E-2;6.286926270E-3;-9.820777588E0;9.820848635E0
4.609265500E0;3.667373657E-2;-7.484436035E-4;-9.817484436E0;9.817552963E0
4.619306500E0;3.457809448E-2;-8.681945801E-3;-9.804611206E0;9.804676023E0
4.629347500E0;4.340972900E-2;-1.032852173E-2;-9.800719299E0;9.800820877E0
4.639389500E0;2.918930054E-2;-2.110610962E-2;-9.814340973E0;9.814407074E0
4.649430500E0;1.287322998E-2;-3.367996216E-2;-9.809550934E0;9.809617199E0
4.659471500E0;1.871109009E-2;-2.409988403E-2;-9.835896149E0;9.835943471E0
4.669512500E0;1.272354126E-2;-2.814147949E-2;-9.829160156E0;9.829208677E0
4.679554500E0;7.634124756E-3;-2.050735474E-2;-9.826765137E0;9.826789500E0
4.689595500E0;1.556762695E-2;-2.844085693E-3;-9.828411713E0;9.828424453E0
4.699636500E0;4.999603271E-2;-1.377136230E-2;-9.816885681E0;9.817022651E0
4.709678500E0;3.278182983E-2;-1.017883301E-2;-9.811945953E0;9.812005995E0
4.719719500E0;2.963836670E-2;4.640350342E-3;-9.793234863E0;9.793280812E0
4.729760500E0;2.484832764E-2;1.945953369E-3;-9.802365875E0;9.802397563E0
4.739802500E0;3.367996216E-2;-6.436614990E-3;-9.813143463E0;9.813203371E0
4.749843500E0;1.377136230E-2;-2.140548706E-2;-9.803413696E0;9.803446738E0
4.759884500E0;5.987548828E-4;-6.137237549E-3;-9.796228638E0;9.796230578E0
4.769926500E0;3.338058472E-2;-2.125579834E-2;-9.801617432E0;9.801697320E0
4.779967500E0;2.829116821E-2;-9.280700684E-3;-9.793234863E0;9.793280125E0
4.790008500E0;2.963836670E-2;-1.616638184E-2;-9.787995758E0;9.788053981E0
4.800049500E0;3.382965088E-2;-1.856140137E-2;-9.795180817E0;9.795256822E0
4.810091500E0;2.544708252E-2;-1.571731567E-2;-9.810898132E0;9.810943724E0
4.820132500E0;8.382568359E-3;-1.960922241E-2;-9.815239105E0;9.815262273E0
4.830173250E0;1.916015625E-2;-3.158432007E-2;-9.816885681E0;9.816955188E0
4.840215250E0;2.275268555E-2;-3.263214111E-2;-9.819729767E0;9.819810346E0
4.850256250E0;1.122665405E-2;-2.769241333E-2;-9.818981323E0;9.819026792E0
4.860297250E0;1.796264648E-2;-1.930984497E-2;-9.823322296E0;9.823357698E0
4.870339250E0;2.305206299E-2;-2.290237427E-2;-9.800270233E0;9.800324105E0
4.880380250E0;2.499801636E-2;-3.248245239E-2;-9.790839844E0;9.790925638E0
4.890421250E0;4.490661621E-2;-2.275268555E-2;-9.807006226E0;9.807135433E0
4.900463250E0;2.903961182E-2;-1.721420288E-2;-9.806557159E0;9.806615265E0
4.910504250E0;3.817062378E-2;4.490661621E-4;-9.795180817E0;9.795255200E0
4.920545250E0;3.233276367E-2;-3.143463135E-3;-9.803114319E0;9.803168143E0
4.930587250E0;2.350112915E-2;1.526824951E-2;-9.825567627E0;9.825607595E0
4.940628250E0;4.191284180E-3;2.978805542E-2;-9.785750427E0;9.785796662E0
4.950669250E0;1.227447510E-2;9.879455566E-3;-9.796977081E0;9.796989752E0
4.960710250E0;1.437011719E-2;-2.140548706E-2;-9.811197510E0;9.811231384E0
4.970752250E0;1.377136230E-2;-4.625381470E-2;-9.823322296E0;9.823440843E0
4.980793250E0;3.248245239E-2;-5.358856201E-2;-9.819430389E0;9.819630340E0
4.990834250E0;3.173400879E-2;-6.047424316E-2;-9.809850311E0;9.810088038E0
5.000876250E0;3.008743286E-2;-3.577560425E-2;-9.791438599E0;9.791550183E0
5.010917250E0;1.916015625E-2;7.484436035E-4;-9.774823151E0;9.774841958E0
5.020958250E0;1.646575928E-3;1.092727661E-2;-9.765692139E0;9.765698391E0
5.031000250E0;1.137634277E-2;1.930984497E-2;-9.767937469E0;9.767963181E0
5.041041250E0;2.170486450E-2;7.185058594E-3;-9.770482178E0;9.770508928E0
5.051082250E0;2.844085693E-2;-1.646575928E-3;-9.769883423E0;9.769924958E0
5.061124250E0;3.712280273E-2;-3.323089600E-2;-9.789792023E0;9.789918807E0
5.071165250E0;2.724334717E-2;-3.323089600E-2;-9.783654785E0;9.783749151E0
5.081206250E0;2.350112915E-2;-2.649490356E-2;-9.791288910E0;9.791352961E0
5.091248250E0;6.137237549E-3;-3.008743286E-2;-9.806706848E0;9.806754923E0
5.101289250E0;-5.987548828E-4;-0.000000000E0;-9.804012451E0;9.804012469E0
5.111330250E0;-2.993774414E-3;1.392105103E-2;-9.818083191E0;9.818093517E0
5.121372250E0;-4.790039062E-3;-4.490661621E-4;-9.817035370E0;9.817036549E0
5.131413250E0;1.960922241E-2;-1.661544800E-2;-9.809850311E0;9.809883981E0
5.141454250E0;3.233276367E-2;-3.308120728E-2;-9.815987549E0;9.816096543E0
5.151495250E0;3.697311401E-2;-3.817062378E-2;-9.809850311E0;9.809994248E0
5.161537250E0;4.595443726E-2;-3.173400879E-2;-9.808353424E0;9.808512413E0
5.171578250E0;5.149291992E-2;-1.496887207E-2;-9.809401245E0;9.809547817E0
5.181619250E0;4.191284180E-2;-2.320175171E-2;-9.821675720E0;9.821792553E0
5.191661250E0;1.766326904E-2;3.143463135E-3;-9.843829651E0;9.843846000E0
5.201702250E0;1.646575928E-3;2.963836670E-2;-9.838590546E0;9.838635326E0
5.211743250E0;-2.993774414E-3;3.742218018E-3;-9.861043854E0;9.861045018E0
5.221785250E0;7.035369873E-3;2.395019531E-3;-9.846823425E0;9.846826230E0
5.231826250E0;2.484832764E-2;-5.688171387E-3;-9.854158173E0;9.854191143E0
5.241867250E0;3.083587646E-2;-2.080673218E-2;-9.844578094E0;9.844648375E0
5.251909250E0;3.098556519E-2;-4.161346436E-2;-9.841883698E0;9.842020448E0
5.261950250E0;4.266128540E-2;-4.685256958E-2;-9.845775604E0;9.845979504E0
5.271991250E0;3.397933960E-2;-5.224136353E-2;-9.841135254E0;9.841332574E0
5.282033250E0;2.649490356E-2;-3.667373657E-2;-9.862690430E0;9.862794201E0
5.292074250E0;1.092727661E-2;-1.556762695E-2;-9.825268250E0;9.825286659E0
5.302115250E0;1.511856079E-2;-8.382568359E-3;-9.805359650E0;9.805374888E0
5.312157250E0;8.681945801E-3;8.981323242E-3;-9.818083191E0;9.818091137E0
5.322198250E0;1.616638184E-2;-1.646575928E-3;-9.797575836E0;9.797589312E0
5.332239250E0;4.296066284E-2;-1.047821045E-2;-9.809101868E0;9.809201540E0
5.342280250E0;3.682342529E-2;-1.691482544E-2;-9.833501129E0;9.833584623E0
5.352322250E0;3.323089600E-2;-1.422042847E-2;-9.822124786E0;9.822191295E0
5.362363250E0;1.871109009E-2;-2.200424194E-2;-9.828711090E0;9.828753532E0
5.372404250E0;1.631607056E-2;-8.232879639E-3;-9.824519806E0;9.824536804E0
5.382446250E0;1.092727661E-2;1.496887207E-3;-9.815239105E0;9.815245302E0
5.392487250E0;1.586700439E-2;2.544708252E-3;-9.818681946E0;9.818695096E0
5.402528250E0;2.290237427E-2;-8.532257080E-3;-9.812544708E0;9.812575145E0
5.412570250E0;3.008743286E-2;-2.245330811E-2;-9.802665253E0;9.802737141E0
5.422611250E0;2.888992310E-2;-1.631607056E-2;-9.818532257E0;9.818588316E0
5.432652250E0;2.469863892E-2;-3.008743286E-2;-9.816586304E0;9.816663483E0
5.442694250E0;2.095642090E-2;-3.772155762E-2;-9.806108093E0;9.806203038E0
5.452735250E0;1.826202393E-2;-3.592529297E-2;-9.812844086E0;9.812926841E0
5.462776250E0;1.751358032E-2;-1.676513672E-2;-9.826765137E0;9.826795045E0
5.472818250E0;2.095642090E-2;7.484436035E-4;-9.810000000E0;9.810022412E0
5.482859250E0;1.975891113E-2;6.735992432E-3;-9.813592529E0;9.813614733E0
5.492900250E0;1.856140137E-2;1.571731567E-2;-9.826465759E0;9.826495860E0
5.502942250E0;2.365081787E-2;-1.242416382E-2;-9.808503113E0;9.808539495E0
5.512983250E0;1.930984497E-2;-2.380050659E-2;-9.789792023E0;9.789839998E0
5.523024250E0;3.397933960E-2;-2.454895020E-2;-9.781708832E0;9.781798654E0
5.533066250E0;1.167572021E-2;-2.365081787E-2;-9.775721283E0;9.775756865E0
5.543107250E0;1.466949463E-2;-3.981719971E-2;-9.792636108E0;9.792728045E0
5.553148250E0;2.514770508E-2;-3.158432007E-2;-9.784702606E0;9.784785898E0
5.563190250E0;3.577560425E-2;-1.781295776E-2;-9.802515564E0;9.802597032E0
5.573231250E0;2.020797729E-2;-1.047821045E-2;-9.817783813E0;9.817810202E0
5.583272250E0;3.981719971E-2;-6.436614990E-3;-9.821376343E0;9.821459164E0
5.593313250E0;7.484436035E-3;-1.586700439E-2;-9.814790039E0;9.814805718E0
5.603355250E0;3.143463135E-2;-2.095642090E-3;-9.802814941E0;9.802865566E0
5.613396250E0;2.709365845E-2;-8.681945801E-3;-9.810748444E0;9.810789696E0
5.623437250E0;2.305206299E-2;-1.766326904E-2;-9.807754669E0;9.807797665E0
5.633479250E0;1.841171265E-2;-1.347198486E-2;-9.807305603E0;9.807332139E0
5.643520250E0;2.514770508E-2;-8.532257080E-3;-9.791887665E0;9.791923674E0
5.653561250E0;2.619552612E-2;-1.871109009E-2;-9.800120544E0;9.800173417E0
5.663603250E0;3.577560425E-2;-3.263214111E-2;-9.819131012E0;9.819250408E0
5.673644250E0;2.559677124E-2;-1.451980591E-2;-9.814041595E0;9.814085717E0
5.683685250E0;1.751358032E-2;-2.365081787E-2;-9.816286926E0;9.816331041E0
5.693727250E0;2.694396973E-2;-7.334747314E-3;-9.806557159E0;9.806596917E0
5.703768250E0;1.916015625E-2;-2.170486450E-2;-9.808353424E0;9.808396154E0
5.713809250E0;1.541793823E-2;-1.347198486E-2;-9.800719299E0;9.800740686E0
5.723851250E0;3.263214111E-2;-1.856140137E-2;-9.815688171E0;9.815759963E0
5.733892250E0;1.736389160E-2;7.484436035E-4;-9.823921051E0;9.823936425E0
5.743933250E0;3.412902832E-2;-3.143463135E-3;-9.800868988E0;9.800928915E0
5.753975250E0;3.128494263E-2;2.395019531E-3;-9.833201752E0;9.833251811E0
5.764016250E0;1.916015625E-2;1.586700439E-2;-9.845176849E0;9.845208280E0
5.774057250E0;2.574645996E-2;1.616638184E-2;-9.859996033E0;9.860042900E0
5.784099250E0;2.095642090E-2;-1.945953369E-3;-9.827064514E0;9.827087052E0
5.794140250E0;1.451980591E-2;-2.290237427E-2;-9.836943970E0;9.836981346E0
5.804181250E0;7.933502197E-3;-3.637435913E-2;-9.845775604E0;9.845845991E0
5.814223250E0;1.377136230E-2;-4.116439819E-2;-9.814490662E0;9.814586650E0
5.824264250E0;1.990859985E-2;-5.493576050E-2;-9.799970856E0;9.800145053E0
5.834305042E0;4.415817261E-2;-4.700225830E-2;-9.787995758E0;9.788208218E0
5.844346042E0;3.502716064E-2;-3.023712158E-2;-9.784702606E0;9.784812021E0
5.854388042E0;2.290237427E-2;-1.706451416E-2;-9.791438599E0;9.791480253E0
5.864429042E0;2.544708252E-2;1.197509766E-2;-9.788145447E0;9.788185851E0
5.874470042E0;1.781295776E-2;5.388793945E-3;-9.795929260E0;9.795946938E0
5.884512042E0;3.053649902E-2;7.634124756E-3;-9.804162140E0;9.804212667E0
5.894553042E0;1.302291870E-2;1.212478638E-2;-9.805659027E0;9.805675171E0
5.904594042E0;3.293151855E-2;-9.580078125E-3;-9.813442841E0;9.813502772E0
5.914636042E0;1.871109009E-2;-1.571731567E-2;-9.821076965E0;9.821107366E0
5.924677042E0;1.601669312E-2;-2.155517578E-2;-9.813592529E0;9.813629272E0
5.934718042E0;1.511856079E-2;-1.556762695E-2;-9.817185059E0;9.817209043E0
5.944760042E0;8.232879639E-3;-2.619552612E-2;-9.814340973E0;9.814379385E0
5.954801042E0;5.089416504E-3;-2.424957275E-2;-9.783954163E0;9.783985538E0
5.964842041E0;9.580078125E-3;-1.781295776E-2;-9.782457275E0;9.782478184E0
5.974884042E0;1.062789917E-2;-2.679428101E-2;-9.797725525E0;9.797767927E0
5.984925042E0;2.769241333E-2;-2.769241333E-2;-9.785151672E0;9.785230043E0
5.994966042E0;4.296066284E-2;-3.203338623E-2;-9.795779572E0;9.795926152E0
6.005008042E0;5.059478760E-2;-2.978805542E-2;-9.824220428E0;9.824395869E0
6.015049042E0;2.903961182E-2;-3.203338623E-2;-9.840835876E0;9.840930860E0
6.025090042E0;1.856140137E-2;-1.496887207E-2;-9.855205994E0;9.855234841E0
6.035132042E0;1.661544800E-2;5.388793945E-3;-9.829908600E0;9.829924119E0
6.045173042E0;1.646575928E-2;-1.197509766E-2;-9.835746460E0;9.835767532E0
6.055214042E0;2.903961182E-2;-1.796264648E-3;-9.823022919E0;9.823066007E0
6.065256041E0;2.724334717E-2;-1.392105103E-2;-9.810598755E0;9.810646458E0
6.075297042E0;3.248245239E-2;-1.227447510E-2;-9.821226654E0;9.821288040E0
6.085338042E0;3.906875610E-2;-3.532653809E-2;-9.833800507E0;9.833941567E0
6.095380042E0;3.427871704E-2;-2.589614868E-2;-9.840686188E0;9.840779963E0
6.105421042E0;2.275268555E-2;-1.017883301E-2;-9.832453308E0;9.832484902E0
6.115462042E0;1.137634277E-2;-1.975891113E-2;-9.831704865E0;9.831731301E0
6.125504042E0;1.796264648E-2;-1.676513672E-2;-9.809550934E0;9.809581706E0
6.135545042E0;1.586700439E-2;1.047821045E-3;-9.811347198E0;9.811360085E0
6.145586042E0;8.382568359E-3;5.388793945E-3;-9.798623657E0;9.798628725E0
6.155628042E0;2.619552612E-2;1.287322998E-2;-9.789492645E0;9.789536157E0
6.165669042E0;6.062393188E-2;1.257385254E-2;-9.784552917E0;9.784748804E0
6.175710042E0;5.748046875E-2;3.891906738E-3;-9.787846069E0;9.788015623E0
6.185752042E0;4.206253052E-2;-3.652404785E-2;-9.768386536E0;9.768545376E0
6.195793041E0;1.032852173E-2;-4.715194702E-2;-9.772877197E0;9.772996403E0
6.205834042E0;3.442840576E-3;-4.969665527E-2;-9.770332489E0;9.770459485E0
6.215875042E0;2.694396973E-3;-4.400848389E-2;-9.754315796E0;9.754415444E0
6.225917042E0;-6.885681152E-3;-1.721420288E-2;-9.750274200E0;9.750291828E0
6.235958042E0;2.694396973E-2;4.101470947E-2;-9.750723267E0;9.750846753E0
6.246000042E0;2.155517578E-2;3.382965088E-2;-9.749825134E0;9.749907652E0
6.256041042E0;2.080673218E-2;5.688171387E-3;-9.775870972E0;9.775894769E0
6.266082042E0;7.783813477E-3;2.844085693E-3;-9.817035370E0;9.817038868E0
6.276123042E0;3.607498169E-2;-8.232879639E-3;-9.830357666E0;9.830427306E0
6.286165042E0;3.188369751E-2;-3.802093506E-2;-9.845925293E0;9.846050327E0
6.296206042E0;3.293151855E-2;-5.044509888E-2;-9.860445099E0;9.860629125E0
6.306247042E0;2.993774414E-2;-3.487747192E-2;-9.861492920E0;9.861600038E0
6.316289042E0;3.338058472E-2;-1.960922241E-2;-9.863289185E0;9.863365162E0
6.326330042E0;2.215393066E-2;-2.080673218E-2;-9.883796539E0;9.883843268E0
6.336371042E0;2.215393066E-2;-1.272354126E-2;-9.889335022E0;9.889368021E0
6.346413042E0;2.080673218E-2;-1.616638184E-2;-9.892777863E0;9.892812952E0
6.356454042E0;2.604583740E-2;-4.041595459E-3;-9.884395294E0;9.884430436E0
6.366495042E0;1.601669312E-2;-3.143463135E-3;-9.867480469E0;9.867493968E0
6.376537042E0;1.272354126E-2;-2.529739380E-2;-9.838590546E0;9.838631296E0
6.386578042E0;2.978805542E-2;-1.960922241E-2;-9.853709106E0;9.853773643E0
6.396619042E0;2.888992310E-2;-1.481918335E-2;-9.845176849E0;9.845230390E0
6.406661042E0;3.951782227E-2;-2.260299683E-2;-9.820029144E0;9.820134671E0
6.416702042E0;1.945953369E-2;-2.125579834E-2;-9.834099884E0;9.834142109E0
6.426743042E0;1.451980591E-2;-1.960922241E-2;-9.822124786E0;9.822155093E0
6.436785042E0;9.580078125E-3;-2.050735474E-2;-9.833501129E0;9.833527179E0
6.446826042E0;1.901046753E-2;-1.541793823E-2;-9.826765137E0;9.826795620E0
6.456867042E0;3.293151855E-2;-2.215393066E-2;-9.798623657E0;9.798704040E0
6.466909042E0;3.382965088E-2;-1.466949463E-2;-9.795629883E0;9.795699283E0
6.476950041E0;3.293151855E-2;-2.649490356E-2;-9.788444824E0;9.788536078E0
6.486991042E0;4.011657715E-2;-9.729766846E-3;-9.787846069E0;9.787933116E0
6.497033042E0;3.203338623E-2;-1.571731567E-2;-9.757608948E0;9.757674187E0
6.507074042E0;2.065704346E-2;-2.424957275E-2;-9.765243073E0;9.765295030E0
6.517115042E0;3.397933960E-2;-2.245330811E-2;-9.752818909E0;9.752903948E0
6.527157042E0;2.829116821E-2;2.290237427E-2;-9.762698364E0;9.762766220E0
6.537198042E0;2.963836670E-2;-1.347198486E-3;-9.786498871E0;9.786543843E0
6.547239042E0;9.729766846E-3;2.245330811E-3;-9.803413696E0;9.803418782E0
6.557281042E0;2.694396973E-3;-9.580078125E-3;-9.803264008E0;9.803269059E0
6.567322042E0;7.484436035E-3;-1.901046753E-2;-9.784702606E0;9.784723936E0
6.577363042E0;1.811233521E-2;-2.544708252E-2;-9.805958405E0;9.806008150E0
6.587405042E0;4.505630493E-2;-5.149291992E-2;-9.791588287E0;9.791827346E0
6.597446042E0;3.517684937E-2;-4.730163574E-2;-9.793683929E0;9.793861331E0
6.607487042E0;3.248245239E-2;-3.832031250E-2;-9.793534241E0;9.793663078E0
6.617529042E0;2.275268555E-2;-1.706451416E-2;-9.806257782E0;9.806299025E0
6.627570042E0;1.781295776E-2;-1.901046753E-2;-9.790989532E0;9.791024192E0
6.637611042E0;2.529739380E-2;-3.891906738E-3;-9.798473969E0;9.798507397E0
6.647653042E0;1.930984497E-2;1.901046753E-2;-9.798473969E0;9.798511437E0
6.657694042E0;2.918930054E-2;6.137237549E-3;-9.775571594E0;9.775617099E0
6.667735042E0;2.888992310E-2;-5.388793945E-3;-9.779313812E0;9.779357970E0
6.677777042E0;3.203338623E-2;-1.736389160E-2;-9.782756653E0;9.782824509E0
6.687818042E0;1.601669312E-2;-9.430389404E-3;-9.800569611E0;9.800587235E0
6.697859042E0;9.879455566E-3;-1.496887207E-2;-9.812095642E0;9.812112034E0
6.707901041E0;1.092727661E-2;-1.526824951E-2;-9.812395020E0;9.812412983E0
6.717942042E0;9.280700684E-3;-2.275268555E-2;-9.822274475E0;9.822305212E0
6.727983042E0;2.095642090E-2;-1.916015625E-2;-9.840237122E0;9.840278090E0
6.738025042E0;2.335144043E-2;-6.137237549E-3;-9.852212219E0;9.852241804E0
6.748066042E0;4.505630493E-2;-2.679428101E-2;-9.873917084E0;9.874056237E0
6.758107041E0;4.939727783E-2;-3.053649902E-2;-9.853858795E0;9.854029923E0
6.768149042E0;3.936813354E-2;-8.232879639E-3;-9.875114594E0;9.875196498E0
6.778190042E0;2.784210205E-2;-7.634124756E-3;-9.878407745E0;9.878449931E0
6.788231042E0;1.347198486E-2;-9.729766846E-3;-9.862840118E0;9.862854119E0
6.798273042E0;1.856140137E-2;-2.005828857E-2;-9.823172607E0;9.823210623E0
6.808314042E0;2.245330811E-2;-1.466949463E-2;-9.823022919E0;9.823059534E0
6.818355042E0;2.874023438E-2;-1.451980591E-2;-9.819430389E0;9.819483184E0
6.828397042E0;1.616638184E-2;-2.469863892E-2;-9.809850311E0;9.809894724E0
6.838439250E0;1.466949463E-2;-1.901046753E-2;-9.814041595E0;9.814070971E0
6.848480250E0;1.601669312E-2;-7.334747314E-3;-9.805958405E0;9.805974228E0
6.858522250E0;1.242416382E-2;-8.083190918E-3;-9.814340973E0;9.814352166E0
6.868563250E0;2.439926147E-2;-4.340972900E-3;-9.818083191E0;9.818114468E0
6.878604250E0;2.110610962E-2;7.185058594E-3;-9.790839844E0;9.790865229E0
6.888646250E0;2.978805542E-2;4.640350342E-3;-9.818232880E0;9.818279164E0
6.898687250E0;4.086502075E-2;-1.122665405E-2;-9.805359650E0;9.805451231E0
6.908728250E0;2.125579834E-2;-1.571731567E-2;-9.804162140E0;9.804197780E0
6.918770250E0;3.308120728E-2;-3.143463135E-2;-9.808054047E0;9.808160209E0
6.928811250E0;1.811233521E-2;-3.547622681E-2;-9.807904358E0;9.807985242E0
6.938852250E0;2.005828857E-2;-4.011657715E-2;-9.790390778E0;9.790493514E0
6.948894250E0;2.589614868E-2;-2.589614868E-2;-9.809550934E0;9.809619297E0
6.958935250E0;2.484832764E-2;-1.960922241E-2;-9.828262024E0;9.828312997E0
6.968976250E0;2.903961182E-2;-1.317260742E-2;-9.818232880E0;9.818284662E0
6.979018250E0;4.086502075E-2;-8.981323242E-3;-9.804162140E0;9.804251419E0
6.989059250E0;2.080673218E-2;-1.047821045E-2;-9.783954163E0;9.783981897E0
6.999100250E0;-5.089416504E-3;1.362167358E-2;-9.818981323E0;9.818992091E0
7.009142250E0;-4.790039062E-3;1.317260742E-2;-9.808503113E0;9.808513128E0
7.019183250E0;6.885681152E-3;4.041595459E-3;-9.792486420E0;9.792489675E0
7.029224250E0;3.412902832E-2;-1.092727661E-2;-9.783056030E0;9.783121664E0
7.039266250E0;4.730163574E-2;-1.901046753E-2;-9.804311829E0;9.804444363E0
7.049307250E0;5.733078003E-2;-1.901046753E-2;-9.812095642E0;9.812281544E0
7.059348250E0;6.137237549E-2;-3.248245239E-2;-9.832902374E0;9.833147552E0
7.069390250E0;2.948867798E-2;-1.736389160E-2;-9.835447083E0;9.835506616E0
7.079431250E0;2.634521484E-2;-3.367996216E-2;-9.833052063E0;9.833145035E0
7.089472250E0;1.541793823E-2;-1.736389160E-2;-9.825567627E0;9.825595066E0
7.099514250E0;1.481918335E-2;-5.089416504E-3;-9.827663269E0;9.827675760E0
7.109555250E0;1.871109009E-2;-1.796264648E-3;-9.814490662E0;9.814508662E0
7.119596250E0;1.751358032E-2;9.580078125E-3;-9.795779572E0;9.795799912E0
7.129638250E0;1.901046753E-2;3.592529297E-3;-9.809251556E0;9.809270636E0
7.139679250E0;2.859054565E-2;4.939727783E-3;-9.804162140E0;9.804205072E0
7.149720250E0;9.879455566E-3;-2.185455322E-2;-9.826465759E0;9.826495028E0
7.159762250E0;2.095642090E-2;-3.203338623E-2;-9.805509338E0;9.805584057E0
7.169803250E0;1.676513672E-2;-3.023712158E-2;-9.801168365E0;9.801229345E0
7.179844250E0;2.065704346E-2;-1.676513672E-2;-9.808203735E0;9.808239816E0
7.189886250E0;3.652404785E-2;-4.041595459E-3;-9.801767120E0;9.801836003E0
7.199927250E0;3.098556519E-2;-2.095642090E-2;-9.807754669E0;9.807826004E0
7.209968250E0;3.637435913E-2;-2.694396973E-3;-9.790690155E0;9.790758095E0
7.220010250E0;3.847000122E-2;-1.332229614E-2;-9.824220428E0;9.824304782E0
7.230051250E0;3.218307495E-2;-1.451980591E-2;-9.823322296E0;9.823385746E0
7.240092250E0;1.197509766E-2;-2.814147949E-2;-9.825417938E0;9.825465536E0
7.250134250E0;2.335144043E-2;-1.661544800E-2;-9.808054047E0;9.808095918E0
7.260175250E0;6.885681152E-3;-2.200424194E-2;-9.801767120E0;9.801794238E0
7.270216250E0;2.395019531E-2;-2.155517578E-2;-9.812993774E0;9.813046675E0
7.280258250E0;3.487747192E-2;-1.122665405E-2;-9.806257782E0;9.806326232E0
7.290299250E0;4.221221924E-2;1.002914429E-2;-9.819280701E0;9.819376555E0
7.300340250E0;2.978805542E-2;-1.347198486E-3;-9.809550934E0;9.809596254E0
7.310382250E0;2.230361938E-2;-6.885681152E-3;-9.810449066E0;9.810476836E0
7.320423250E0;7.933502197E-3;-3.188369751E-2;-9.812395020E0;9.812450027E0
7.330464250E0;2.350112915E-2;-4.146377563E-2;-9.810149689E0;9.810265463E0
7.340506250E0;1.032852173E-2;-3.517684937E-2;-9.810149689E0;9.810218194E0
7.350547250E0;3.038681030E-2;-2.799179077E-2;-9.791139221E0;9.791226386E0
7.360588250E0;2.724334717E-2;-1.122665405E-2;-9.795779572E0;9.795823888E0
7.370630250E0;2.859054565E-2;1.317260742E-2;-9.787546692E0;9.787597314E0
7.380671250E0;1.916015625E-2;1.437011719E-2;-9.793085175E0;9.793114461E0
7.390712250E0;2.275268555E-2;3.442840576E-3;-9.798024902E0;9.798051925E0
7.400754250E0;1.302291870E-2;-1.886077881E-2;-9.821675720E0;9.821702463E0
7.410795250E0;2.454895020E-2;-3.128494263E-2;-9.820328522E0;9.820409038E0
7.420836250E0;2.230361938E-2;-3.682342529E-2;-9.852661285E0;9.852755342E0
7.430878250E0;3.622467041E-2;-3.817062378E-2;-9.841734009E0;9.841874696E0
7.440919250E0;3.787124634E-2;-3.173400879E-2;-9.833950195E0;9.834074320E0
7.450960250E0;3.592529297E-2;-3.218307495E-2;-9.816735992E0;9.816854482E0
7.461002250E0;1.047821045E-2;-5.089416504E-3;-9.817185059E0;9.817191970E0
7.471043250E0;1.362167358E-2;-1.631607056E-2;-9.811796265E0;9.811819286E0
7.481084250E0;1.227447510E-2;-3.158432007E-2;-9.806257782E0;9.806316328E0
7.491126250E0;3.188369751E-2;-7.185058594E-3;-9.791737976E0;9.791792522E0
7.501167250E0;3.996688843E-2;-7.933502197E-3;-9.791887665E0;9.791972443E0
7.511208250E0;3.293151855E-2;1.347198486E-3;-9.801018677E0;9.801074094E0
7.521250250E0;9.280700684E-3;1.496887207E-3;-9.800120544E0;9.800125053E0
7.531291250E0;1.242416382E-2;9.580078125E-3;-9.808503113E0;9.808515660E0
7.541332250E0;-1.796264648E-3;-1.556762695E-2;-9.793534241E0;9.793546778E0
7.551374250E0;1.107696533E-2;-2.739303589E-2;-9.815837860E0;9.815882333E0
7.561415250E0;2.230361938E-2;-1.466949463E-2;-9.824370117E0;9.824406386E0
7.571456250E0;5.104385376E-2;-2.993774414E-2;-9.805659027E0;9.805837583E0
7.581498250E0;5.897735596E-2;-1.811233521E-2;-9.804162140E0;9.804356259E0
7.591539250E0;5.059478760E-2;-1.511856079E-2;-9.829609222E0;9.829751058E0
7.601580250E0;2.499801636E-2;-9.879455566E-3;-9.824819183E0;9.824855953E0
7.611622250E0;1.422042847E-2;-4.340972900E-3;-9.826465759E0;9.826477008E0
7.621663250E0;8.532257080E-3;-1.017883301E-2;-9.811945953E0;9.811954943E0
7.631704250E0;7.933502197E-3;1.047821045E-3;-9.802216187E0;9.802219453E0
7.641746250E0;3.158432007E-2;-6.586303711E-3;-9.817783813E0;9.817836827E0
7.651787250E0;3.757186890E-2;-1.526824951E-2;-9.798623657E0;9.798707585E0
7.661828250E0;3.712280273E-2;-3.682342529E-2;-9.801617432E0;9.801756901E0
7.671870250E0;3.936813354E-2;-3.338058472E-2;-9.807754669E0;9.807890485E0
7.681911250E0;3.682342529E-2;-2.544708252E-2;-9.801767120E0;9.801869322E0
7.691952250E0;3.008743286E-2;-8.681945801E-3;-9.781559143E0;9.781609269E0
7.701994250E0;1.347198486E-3;-1.257385254E-2;-9.797875214E0;9.797883374E0
7.712035250E0;1.017883301E-2;1.451980591E-2;-9.795480194E0;9.795496244E0
7.722076250E0;1.571731567E-2;1.631607056E-2;-9.782307587E0;9.782333820E0
7.732118250E0;2.769241333E-2;-1.182540894E-2;-9.818232880E0;9.818279054E0
7.742159250E0;4.415817261E-2;-1.392105103E-2;-9.848320312E0;9.848429150E0
7.752200250E0;4.595443726E-2;-2.649490356E-2;-9.848769379E0;9.848912227E0
7.762242250E0;2.888992310E-2;-3.817062378E-2;-9.859247589E0;9.859363805E0
7.772283250E0;1.437011719E-2;-4.206253052E-2;-9.846973114E0;9.847073437E0
7.782324250E0;2.574645996E-2;-3.412902832E-2;-9.821226654E0;9.821319701E0
7.792366250E0;2.484832764E-2;-2.814147949E-2;-9.796228638E0;9.796300572E0
7.802407250E0;3.592529297E-3;-2.035766602E-2;-9.801767120E0;9.801788920E0
7.812448250E0;2.454895020E-2;-2.679428101E-2;-9.790690155E0;9.790757596E0
7.822490250E0;5.298980713E-2;-5.089416504E-3;-9.801617432E0;9.801761989E0
7.832529625E0;3.787124634E-2;-1.287322998E-2;-9.805958405E0;9.806039985E0
7.842570625E0;3.203338623E-2;-3.891906738E-3;-9.803713074E0;9.803766180E0
7.852612625E0;3.158432007E-2;-4.640350342E-3;-9.807305603E0;9.807357559E0
7.862653625E0;1.437011719E-2;-1.197509766E-3;-9.804910583E0;9.804921187E0
7.872694625E0;1.107696533E-2;-1.766326904E-2;-9.800419922E0;9.800442099E0
7.882736625E0;3.038681030E-2;-2.170486450E-2;-9.816286926E0;9.816357954E0
7.892777625E0;3.697311401E-2;-3.293151855E-2;-9.806257782E0;9.806382778E0
7.902819625E0;3.577560425E-2;4.790039062E-3;-9.814490662E0;9.814557035E0
7.912860625E0;4.296066284E-2;-4.640350342E-3;-9.801018677E0;9.801113929E0
7.922901625E0;1.736389160E-2;-4.490661621E-4;-9.784702606E0;9.784718023E0
7.932943625E0;8.083190918E-3;-1.496887207E-3;-9.809101868E0;9.809105312E0
7.942984625E0;1.257385254E-2;-2.335144043E-2;-9.810449066E0;9.810484915E0
7.953025625E0;1.736389160E-2;-9.580078125E-3;-9.826016693E0;9.826036705E0
7.963067625E0;3.712280273E-2;-2.604583740E-2;-9.834099884E0;9.834204443E0
7.973108625E0;4.026626587E-2;-2.260299683E-2;-9.814490662E0;9.814599290E0
7.983149625E0;3.487747192E-2;-1.796264648E-2;-9.817334747E0;9.817413134E0
7.993191625E0;3.248245239E-2;-1.451980591E-2;-9.810000000E0;9.810064522E0
8.003232625E0;1.062789917E-2;-2.185455322E-2;-9.800868988E0;9.800899117E0
8.013273625E0;1.496887207E-2;-1.137634277E-2;-9.808802490E0;9.808820509E0
8.023315625E0;9.430389404E-3;-4.490661621E-4;-9.801018677E0;9.801023224E0
8.033356625E0;7.783813477E-3;-2.005828857E-2;-9.814490662E0;9.814514245E0
8.043397625E0;3.263214111E-2;-2.604583740E-2;-9.791588287E0;9.791677304E0
8.053439625E0;3.293151855E-2;-2.005828857E-2;-9.810149689E0;9.810225468E0
8.063480625E0;2.844085693E-2;-2.215393066E-2;-9.814490662E0;9.814556874E0
8.073521625E0;3.532653809E-2;3.891906738E-3;-9.801767120E0;9.801831553E0
8.083563625E0;1.646575928E-2;-1.062789917E-2;-9.798473969E0;9.798493567E0
8.093604625E0;1.242416382E-2;-2.275268555E-2;-9.818681946E0;9.818716168E0
8.103645625E0;2.065704346E-2;-1.856140137E-2;-9.801916809E0;9.801956150E0
8.113687625E0;3.113525391E-2;-2.335144043E-2;-9.815388794E0;9.815465953E0
8.123728625E0;3.278182983E-2;-3.143463135E-2;-9.802814941E0;9.802920155E0
8.133769625E0;3.652404785E-2;-2.978805542E-2;-9.800419922E0;9.800533250E0
8.143811625E0;2.035766602E-2;-2.589614868E-2;-9.796078949E0;9.796134330E0
8.153852625E0;-2.993774414E-4;-3.128494263E-2;-9.798024902E0;9.798074853E0
8.163893625E0;3.188369751E-2;-5.089416504E-3;-9.774673462E0;9.774726787E0
8.173935625E0;1.586700439E-2;-5.388793945E-3;-9.767488403E0;9.767502778E0
8.183976625E0;5.448669434E-2;-1.167572021E-2;-9.782906342E0;9.783065042E0
8.194017625E0;3.951782227E-2;1.227447510E-2;-9.782756653E0;9.782844170E0
8.204059625E0;3.742218018E-2;9.580078125E-3;-9.812993774E0;9.813069806E0
8.214100625E0;2.200424194E-2;-2.005828857E-2;-9.841584320E0;9.841629360E0
8.224141625E0;5.987548828E-4;-3.248245239E-2;-9.844278717E0;9.844332325E0
8.234183625E0;1.601669312E-2;-1.811233521E-2;-9.834099884E0;9.834129607E0
8.244224625E0;2.604583740E-2;-1.811233521E-2;-9.845625916E0;9.845677027E0
8.254265625E0;3.367996216E-2;-2.275268555E-2;-9.833501129E0;9.833585129E0
8.264307625E0;4.400848389E-2;-1.556762695E-2;-9.845476227E0;9.845586891E0
8.274348625E0;3.113525391E-2;-7.634124756E-3;-9.827064514E0;9.827116802E0
8.284389625E0;3.143463135E-2;-1.751358032E-2;-9.814340973E0;9.814406941E0
8.294431625E0;3.053649902E-2;-1.916015625E-2;-9.809850311E0;9.809916550E0
8.304472625E0;2.544708252E-3;-1.706451416E-2;-9.810149689E0;9.810164860E0
8.314513625E0;4.340972900E-3;-4.191284180E-2;-9.815388794E0;9.815479240E0
8.324555625E0;1.257385254E-2;-2.260299683E-2;-9.815239105E0;9.815273185E0
8.334596625E0;4.026626587E-2;-3.353027344E-2;-9.812844086E0;9.812983986E0
8.344637625E0;3.308120728E-2;-2.020797729E-2;-9.803114319E0;9.803190964E0
8.354679625E0;5.254074097E-2;1.332229614E-2;-9.807904358E0;9.808054135E0
8.364720625E0;3.547622681E-2;-1.796264648E-3;-9.797426147E0;9.797490541E0
8.374761625E0;3.263214111E-2;-1.826202393E-2;-9.806706848E0;9.806778144E0
8.384803625E0;2.724334717E-2;-3.023712158E-2;-9.805958405E0;9.806042867E0
8.394844625E0;3.323089600E-2;-2.140548706E-2;-9.796677704E0;9.796757449E0
8.404885625E0;2.005828857E-2;-2.095642090E-2;-9.754764862E0;9.754807995E0
8.414927625E0;1.466949463E-2;-8.831634521E-3;-9.770482178E0;9.770497182E0
8.424968625E0;8.831634521E-3;-2.305206299E-2;-9.758507080E0;9.758538304E0
8.435009625E0;1.466949463E-2;-5.538482666E-3;-9.778116302E0;9.778128875E0
8.445051625E0;3.353027344E-2;-9.729766846E-3;-9.769733734E0;9.769796118E0
8.455092625E0;1.721420288E-2;-7.484436035E-4;-9.797575836E0;9.797590987E0
8.465134625E0;4.296066284E-2;-2.245330811E-3;-9.827513580E0;9.827607737E0
8.475175625E0;3.203338623E-2;-1.496887207E-2;-9.833501129E0;9.833564698E0
8.485216625E0;4.176315308E-2;-2.155517578E-2;-9.842183075E0;9.842295285E0
8.495258625E0;2.694396973E-2;-1.466949463E-2;-9.847122803E0;9.847170592E0
8.505299625E0;3.427871704E-2;-2.275268555E-2;-9.865684204E0;9.865769992E0
8.515340625E0;2.260299683E-2;-1.317260742E-2;-9.846673737E0;9.846708490E0
8.525382625E0;3.517684937E-2;-4.340972900E-3;-9.836345215E0;9.836409072E0
8.535423625E0;1.332229614E-2;-2.814147949E-2;-9.836494904E0;9.836544180E0
8.545464625E0;2.110610962E-2;-2.035766602E-2;-9.845625916E0;9.845669585E0
8.555506625E0;3.263214111E-2;-2.649490356E-2;-9.849368134E0;9.849457826E0
8.565547625E0;2.215393066E-2;-3.427871704E-2;-9.818532257E0;9.818617087E0
8.575588625E0;2.888992310E-2;-3.158432007E-2;-9.796378326E0;9.796471840E0
8.585630625E0;3.802093506E-2;-3.038681030E-2;-9.800719299E0;9.800840154E0
8.595671625E0;4.131408691E-2;-8.981323242E-3;-9.801318054E0;9.801409241E0
8.605712625E0;2.290237427E-2;-1.257385254E-2;-9.814191284E0;9.814226061E0
8.615754625E0;1.871109009E-2;-1.032852173E-2;-9.793833618E0;9.793856938E0
8.625795625E0;2.050735474E-2;-4.790039062E-3;-9.816735992E0;9.816758581E0
8.635836625E0;3.323089600E-2;-1.960922241E-2;-9.811796265E0;9.811872133E0
8.645878625E0;3.547622681E-2;-9.580078125E-3;-9.818532257E0;9.818601022E0
8.655919625E0;3.278182983E-2;-1.841171265E-2;-9.819280701E0;9.819352683E0
8.665960625E0;3.757186890E-2;-1.227447510E-2;-9.811347198E0;9.811426816E0
8.676002625E0;4.296066284E-2;-1.901046753E-2;-9.821526031E0;9.821638387E0
8.686043625E0;8.981323242E-3;-6.436614990E-3;-9.794432373E0;9.794438606E0
8.696084625E0;1.362167358E-2;-2.080673218E-2;-9.811347198E0;9.811378717E0
8.706126625E0;1.841171265E-2;-3.442840576E-3;-9.815388794E0;9.815406666E0
8.716167625E0;2.784210205E-2;-3.293151855E-3;-9.795480194E0;9.795520316E0
8.726208625E0;3.188369751E-2;-1.362167358E-2;-9.792935486E0;9.792996863E0
8.736250625E0;3.098556519E-2;-1.377136230E-2;-9.790540466E0;9.790599184E0
8.746291625E0;4.056564331E-2;-1.511856079E-2;-9.811047821E0;9.811143332E0
8.756332625E0;2.260299683E-2;-1.916015625E-2;-9.818083191E0;9.818127905E0
8.766374625E0;1.841171265E-2;-1.691482544E-2;-9.816137238E0;9.816169078E0
8.776415625E0;1.392105103E-2;-2.874023438E-2;-9.823471985E0;9.823523891E0
8.786456625E0;2.409988403E-2;-2.619552612E-2;-9.827363892E0;9.827428355E0
8.796498625E0;2.754272461E-2;-1.152603149E-2;-9.817334747E0;9.817380149E0
8.806539625E0;3.397933960E-2;-9.580078125E-3;-9.811197510E0;9.811261027E0
8.816580625E0;3.682342529E-2;-3.682342529E-2;-9.795330505E0;9.795468934E0
8.826622625E0;1.871109009E-2;-4.400848389E-2;-9.798623657E0;9.798740349E0
8.836663750E0;1.930984497E-2;-3.517684937E-2;-9.776619415E0;9.776701769E0
8.846704750E0;1.586700439E-2;-3.263214111E-2;-9.774523773E0;9.774591122E0
8.856746750E0;3.382965088E-2;-6.735992432E-3;-9.778265991E0;9.778326831E0
8.866787750E0;2.799179077E-2;2.260299683E-2;-9.757758636E0;9.757824965E0
8.876828750E0;2.529739380E-2;3.143463135E-2;-9.777068481E0;9.777151742E0
8.886870750E0;2.275268555E-2;3.757186890E-2;-9.790839844E0;9.790938371E0
8.896911750E0;3.427871704E-2;1.571731567E-2;-9.800868988E0;9.800941536E0
8.906953750E0;2.454895020E-2;-1.032852173E-2;-9.823921051E0;9.823957153E0
8.916994750E0;1.751358032E-2;-3.966751099E-2;-9.827513580E0;9.827609242E0
8.927035750E0;2.170486450E-2;-4.445755005E-2;-9.811347198E0;9.811471930E0
8.937077750E0;2.215393066E-2;-4.116439819E-2;-9.806108093E0;9.806219518E0
8.947118750E0;3.562591553E-2;-2.799179077E-2;-9.802665253E0;9.802769956E0
8.957159750E0;3.891906738E-2;-5.388793945E-3;-9.815837860E0;9.815916495E0
8.967201750E0;3.487747192E-2;5.089416504E-3;-9.816286926E0;9.816350206E0
8.977242750E0;2.365081787E-2;1.841171265E-2;-9.818232880E0;9.818278629E0
8.987283750E0;2.050735474E-2;-1.047821045E-3;-9.837692413E0;9.837713844E0
8.997325750E0;1.407073975E-2;-1.616638184E-2;-9.826016693E0;9.826040067E0
9.007366750E0;1.571731567E-2;-3.128494263E-2;-9.823921051E0;9.823983438E0
9.017407750E0;4.400848389E-2;-4.340972900E-2;-9.814191284E0;9.814385957E0
9.027449750E0;3.248245239E-2;-3.218307495E-2;-9.802066498E0;9.802173151E0
9.037490750E0;4.430786133E-2;-2.350112915E-2;-9.823322296E0;9.823450332E0
9.047531750E0;2.948867798E-2;-2.589614868E-2;-9.824519806E0;9.824598191E0
9.057573750E0;2.230361938E-2;-6.586303711E-3;-9.840536499E0;9.840563979E0
9.067614750E0;2.035766602E-2;-1.002914429E-2;-9.844727783E0;9.844753940E0
9.077655750E0;1.751358032E-2;1.197509766E-3;-9.842781830E0;9.842797484E0
9.087697750E0;2.095642090E-2;-1.362167358E-2;-9.851463776E0;9.851495483E0
9.097738750E0;1.990859985E-2;2.544708252E-3;-9.843380585E0;9.843401047E0
9.107779750E0;3.113525391E-2;-1.616638184E-2;-9.834249573E0;9.834312148E0
9.117821750E0;3.143463135E-2;-2.589614868E-2;-9.831255798E0;9.831340159E0
9.127862750E0;2.918930054E-2;-2.709365845E-2;-9.818681946E0;9.818762714E0
9.137903750E0;4.041595459E-2;-1.182540894E-2;-9.804461517E0;9.804551950E0
9.147945750E0;3.143463135E-2;2.694396973E-3;-9.787097626E0;9.787148478E0
9.157986750E0;2.335144043E-2;-1.526824951E-2;-9.791887665E0;9.791927412E0
9.168027750E0;1.796264648E-2;-4.520599365E-2;-9.814191284E0;9.814311835E0
9.178069750E0;2.649490356E-2;-5.044509888E-2;-9.817783813E0;9.817949159E0
9.188110750E0;1.751358032E-2;-4.236190796E-2;-9.808652802E0;9.808759913E0
9.198151750E0;2.260299683E-2;-2.095642090E-2;-9.814640350E0;9.814688751E0
9.208193750E0;3.367996216E-2;-2.260299683E-2;-9.794282684E0;9.794366674E0
9.218234750E0;3.562591553E-2;5.239105225E-3;-9.794881439E0;9.794947629E0
9.228275750E0;2.140548706E-2;2.020797729E-2;-9.783056030E0;9.783100319E0
9.238317750E0;1.107696533E-2;1.706451416E-2;-9.782756653E0;9.782777807E0
9.248358750E0;1.526824951E-2;-8.083190918E-3;-9.783205719E0;9.783220973E0
9.258399750E0;9.430389404E-3;-1.257385254E-2;-9.793833618E0;9.793846230E0
9.268441750E0;2.125579834E-2;-1.212478638E-2;-9.804760895E0;9.804791432E0
9.278482750E0;3.293151855E-2;-1.736389160E-2;-9.808802490E0;9.808873140E0
9.288523750E0;8.831634521E-3;-3.906875610E-2;-9.804760895E0;9.804842710E0
9.298565750E0;1.272354126E-2;-3.487747192E-2;-9.826166382E0;9.826236517E0
9.308606750E0;-1.347198486E-3;-2.844085693E-2;-9.827064514E0;9.827105762E0
9.318647750E0;-6.735992432E-3;-9.280700684E-3;-9.825417938E0;9.825424630E0
9.328689750E0;-2.395019531E-3;-5.538482666E-3;-9.813143463E0;9.813145318E0
9.338730750E0;2.844085693E-3;-3.083587646E-2;-9.828262024E0;9.828310809E0
9.348771750E0;1.541793823E-2;-9.131011963E-3;-9.814041595E0;9.814057954E0
9.358813750E0;5.987548828E-4;-5.388793945E-3;-9.826316071E0;9.826317566E0
9.368854750E0;1.017883301E-2;2.993774414E-3;-9.825867004E0;9.825872733E0
9.378896750E0;2.350112915E-2;-1.945953369E-3;-9.827812958E0;9.827841249E0
9.388937750E0;2.544708252E-2;-7.484436035E-3;-9.839937744E0;9.839973495E0
9.398978750E0;3.562591553E-2;-2.230361938E-2;-9.839937744E0;9.840027513E0
9.409020750E0;2.634521484E-2;-1.886077881E-2;-9.847721558E0;9.847774859E0
9.419061750E0;1.990859985E-2;-2.499801636E-2;-9.839189301E0;9.839241198E0
9.429102750E0;2.739303589E-2;-2.963836670E-2;-9.835147705E0;9.835230510E0
9.439144750E0;1.167572021E-2;-2.320175171E-2;-9.814041595E0;9.814075967E0
9.449185750E0;7.933502197E-3;3.442840576E-3;-9.780361633E0;9.780365457E0
9.459226750E0;4.041595459E-3;-1.092727661E-2;-9.756860504E0;9.756867460E0
9.469268750E0;1.242416382E-2;-3.891906738E-2;-9.779463501E0;9.779548835E0
9.479309750E0;4.565505981E-2;-4.849914551E-2;-9.810000000E0;9.810226121E0
9.489350750E0;8.337661743E-2;-5.164260864E-2;-9.864037628E0;9.864525176E0
9.499392750E0;1.466949463E-1;-5.059478760E-2;-9.868677979E0;9.869897886E0
9.509433750E0;1.716929626E-1;-5.837860107E-3;-9.856702881E0;9.858199848E0
9.519474750E0;1.862127686E-1;1.002914429E-2;-9.820927277E0;9.822697611E0
9.529516750E0;1.974394226E-1;1.856140137E-2;-9.803264008E0;9.805269606E0
9.539557750E0;1.567240906E-1;1.481918335E-2;-9.779313812E0;9.780580795E0
9.549598750E0;8.217910767E-2;3.218307495E-2;-9.766739960E0;9.767138711E0
9.559640750E0;1.077758789E-2;3.158432007E-2;-9.761351166E0;9.761408213E0
9.569681750E0;-2.649490356E-2;-2.275268555E-2;-9.760902100E0;9.760964576E0
9.579722750E0;-9.116043091E-2;-2.799179077E-2;-9.775122528E0;9.775587665E0
9.589764750E0;-1.243913269E-1;-4.460723877E-2;-9.806407471E0;9.807297818E0
9.599805750E0;-1.106199646E-1;-5.104385376E-2;-9.823921051E0;9.824676436E0
9.609846750E0;-4.161346436E-2;-3.906875610E-2;-9.842781830E0;9.842947333E0
9.619888750E0;2.125579834E-2;-2.604583740E-2;-9.830657043E0;9.830714526E0
9.629929750E0;5.852828979E-2;-1.152603149E-2;-9.840087433E0;9.840268243E0
9.639970750E0;1.076261902E-1;-4.191284180E-3;-9.870474243E0;9.871061886E0
9.650012750E0;1.318757629E-1;1.032852173E-2;-9.868977356E0;9.869863826E0
9.660053750E0;1.182540894E-1;-1.616638184E-2;-9.871522064E0;9.872243577E0
9.670094750E0;8.202941895E-2;-4.191284180E-2;-9.831405487E0;9.831837029E0
9.680136750E0;3.113525391E-2;-2.514770508E-2;-9.825268250E0;9.825349764E0
9.690177750E0;-1.975891113E-2;-8.981323242E-3;-9.834848328E0;9.834872277E0
9.700218750E0;-3.817062378E-2;5.987548828E-4;-9.817933502E0;9.818007721E0
9.710260750E0;-3.861968994E-2;-4.041595459E-3;-9.808503113E0;9.808579975E0
9.720301750E0;-5.987548828E-3;-2.844085693E-3;-9.815538483E0;9.815540721E0
9.730342750E0;-4.640350342E-3;2.993774414E-3;-9.816137238E0;9.816138791E0
9.740384750E0;4.161346436E-2;-1.646575928E-2;-9.818232880E0;9.818334873E0
9.750425750E0;6.271957397E-2;-4.086502075E-2;-9.810748444E0;9.811034029E0
9.760467750E0;5.613327026E-2;-4.969665527E-2;-9.784253540E0;9.784540768E0
9.770508750E0;7.394622803E-2;-4.400848389E-2;-9.772278442E0;9.772657302E0
9.780549750E0;8.322692871E-2;-1.751358032E-2;-9.784253540E0;9.784623180E0
9.790591750E0;4.385879517E-2;1.152603149E-2;-9.783804474E0;9.783909568E0
9.800632750E0;1.871109009E-2;2.724334717E-2;-9.746531982E0;9.746588018E0
9.810673750E0;3.113525391E-2;2.709365845E-2;-9.744136963E0;9.744224373E0
9.820715750E0;2.933898926E-2;9.131011963E-3;-9.764045563E0;9.764093911E0
9.830756750E0;3.068618774E-2;-8.681945801E-3;-9.798174591E0;9.798226489E0
9.840797500E0;2.634521484E-2;-4.101470947E-2;-9.816735992E0;9.816857024E0
9.850839500E0;2.080673218E-2;-4.415817261E-2;-9.804461517E0;9.804583036E0
9.860880500E0;1.377136230E-2;-5.194198608E-2;-9.826316071E0;9.826463002E0
9.870921500E0;2.200424194E-2;-3.936813354E-2;-9.862540741E0;9.862643860E0
9.880963500E0;1.661544800E-2;-2.305206299E-2;-9.848769379E0;9.848810372E0
9.891004500E0;2.020797729E-2;-2.275268555E-2;-9.830357666E0;9.830404767E0
9.901045500E0;3.068618774E-2;3.293151855E-3;-9.803713074E0;9.803761651E0
9.911087500E0;3.712280273E-2;7.783813477E-3;-9.802964630E0;9.803038010E0
9.921128500E0;5.194198608E-2;4.191284180E-3;-9.810299377E0;9.810437779E0
9.931169500E0;2.844085693E-2;-8.083190918E-3;-9.803114319E0;9.803158908E0
9.941211500E0;4.505630493E-2;-2.395019531E-2;-9.814191284E0;9.814323932E0
9.951252500E0;5.284011841E-2;-1.481918335E-2;-9.826316071E0;9.826469315E0
9.961293500E0;3.891906738E-2;-3.188369751E-2;-9.826316071E0;9.826444870E0
9.971335500E0;3.203338623E-2;-1.466949463E-2;-9.810598755E0;9.810662020E0
9.981376500E0;2.020797729E-2;-2.604583740E-2;-9.812095642E0;9.812151020E0
9.991417500E0;1.721420288E-2;-2.185455322E-2;-9.811796265E0;9.811835704E0
1.000145950E1;1.092727661E-2;-9.430389404E-3;-9.809700623E0;9.809711242E0
1.001150050E1;3.188369751E-2;1.796264648E-3;-9.816586304E0;9.816638246E0
1.002154150E1;3.532653809E-2;-5.089416504E-3;-9.803713074E0;9.803778042E0
1.003158350E1;4.056564331E-2;-1.706451416E-2;-9.812544708E0;9.812643396E0
1.004162450E1;4.221221924E-2;-2.933898926E-2;-9.806108093E0;9.806242837E0
1.005166550E1;4.460723877E-2;-4.685256958E-2;-9.813891907E0;9.814105121E0
1.006170750E1;4.131408691E-2;-2.634521484E-2;-9.812993774E0;9.813116108E0
1.007174850E1;4.370910645E-2;-1.736389160E-2;-9.793534241E0;9.793647171E0
1.008179050E1;6.122268677E-2;2.514770508E-2;-9.806257782E0;9.806481138E0
1.009183150E1;3.847000122E-2;2.469863892E-2;-9.793085175E0;9.793191880E0
1.010187250E1;6.735992432E-3;1.736389160E-2;-9.793983307E0;9.794001016E0
1.011191450E1;-1.646575928E-3;-2.020797729E-2;-9.796977081E0;9.796998061E0
1.012195550E1;8.681945801E-3;-4.520599365E-2;-9.813891907E0;9.813999863E0
1.013199650E1;3.457809448E-2;-4.086502075E-2;-9.827513580E0;9.827659374E0
1.014203850E1;2.888992310E-2;-4.370910645E-2;-9.819729767E0;9.819869541E0
1.015207950E1;6.032455444E-2;-6.122268677E-2;-9.832602997E0;9.832978641E0
1.016212050E1;6.107299805E-2;-3.682342529E-2;-9.835896149E0;9.836154682E0
1.017216250E1;6.691085815E-2;-2.290237427E-2;-9.854158173E0;9.854411950E0
1.018220350E1;5.882766724E-2;6.735992432E-3;-9.858948212E0;9.859126022E0
1.019224450E1;3.308120728E-2;2.993774414E-2;-9.856852570E0;9.856953546E0
1.020228650E1;1.137634277E-2;1.481918335E-2;-9.862391052E0;9.862408747E0
1.021232750E1;-5.538482666E-3;1.796264648E-3;-9.864187317E0;9.864189035E0
1.022236850E1;5.837860107E-3;-3.053649902E-2;-9.882149963E0;9.882198868E0
1.023241050E1;1.631607056E-2;-6.436614990E-3;-9.857151947E0;9.857167552E0
1.024245150E1;3.397933960E-2;-2.110610962E-2;-9.862091675E0;9.862172796E0
1.025249250E1;4.460723877E-2;-1.975891113E-2;-9.845176849E0;9.845297731E0
1.026253450E1;5.179229736E-2;-2.903961182E-2;-9.839937744E0;9.840116897E0
1.027257550E1;4.700225830E-2;-3.532653809E-2;-9.828860779E0;9.829036646E0
1.028261650E1;6.167175293E-2;-4.206253052E-2;-9.814191284E0;9.814475188E0
1.029265850E1;5.343887329E-2;-2.754272461E-2;-9.801467743E0;9.801652117E0
1.030269950E1;1.721420288E-2;-1.227447510E-2;-9.798024902E0;9.798047713E0
1.031274050E1;3.412902832E-2;5.837860107E-3;-9.789941711E0;9.790002941E0
1.032278250E1;1.856140137E-2;2.155517578E-2;-9.779762878E0;9.779804247E0
1.033282350E1;4.939727783E-3;1.661544800E-2;-9.775571594E0;9.775586963E0
1.034286450E1;-7.185058594E-3;-3.293151855E-3;-9.791887665E0;9.791890855E0
1.035290650E1;2.230361938E-2;-1.796264648E-3;-9.782906342E0;9.782931931E0
1.036294750E1;3.697311401E-2;-1.766326904E-2;-9.774823151E0;9.774909034E0
1.037298850E1;7.828720093E-2;-2.844085693E-2;-9.778116302E0;9.778471056E0
1.038303050E1;3.906875610E-2;-1.960922241E-2;-9.754016418E0;9.754114372E0
1.039307150E1;2.933898926E-2;-2.125579834E-2;-9.754315796E0;9.754383078E0
1.040311350E1;2.305206299E-2;-3.038681030E-2;-9.783505096E0;9.783579444E0
1.041315450E1;1.362167358E-2;-4.535568237E-2;-9.785600739E0;9.785715329E0
1.042319550E1;-2.694396973E-3;-3.667373657E-2;-9.750423889E0;9.750493231E0
1.043323750E1;-3.158432007E-2;-4.490661621E-4;-9.733808441E0;9.733859694E0
1.044327850E1;-3.008743286E-2;-5.987548828E-3;-9.765991516E0;9.766039699E0
1.045331950E1;-2.874023438E-2;-1.107696533E-2;-9.791588287E0;9.791636732E0
1.046336150E1;-1.317260742E-2;-1.676513672E-2;-9.832602997E0;9.832626113E0
1.047340250E1;1.856140137E-2;-4.011657715E-2;-9.838889923E0;9.838989216E0
1.048344350E1;3.772155762E-2;-3.248245239E-2;-9.820627899E0;9.820754063E0
1.049348550E1;6.481521606E-2;-1.601669312E-2;-9.829309845E0;9.829536590E0
1.050352650E1;8.382568359E-2;-1.721420288E-2;-9.861193542E0;9.861564843E0
1.051356750E1;5.613327026E-2;2.844085693E-3;-9.869875488E0;9.870035521E0
1.052360950E1;-4.490661621E-3;4.191284180E-3;-9.869127045E0;9.869128956E0
1.053365050E1;-7.634124756E-3;-2.844085693E-3;-9.858798523E0;9.858801889E0
1.054369150E1;-1.601669312E-2;-2.080673218E-2;-9.852810974E0;9.852845962E0
1.055373350E1;8.382568359E-3;-1.930984497E-2;-9.834548950E0;9.834571480E0
1.056377450E1;2.125579834E-2;-2.110610962E-2;-9.805808716E0;9.805854468E0
1.057381550E1;3.218307495E-2;-5.837860107E-3;-9.785151672E0;9.785206338E0
1.058385750E1;2.993774414E-2;-1.197509766E-2;-9.767638092E0;9.767691312E0
1.059389850E1;4.924758911E-2;-1.002914429E-2;-9.772577820E0;9.772707053E0
1.060393950E1;2.724334717E-2;-1.422042847E-2;-9.797575836E0;9.797624033E0
1.061398150E1;3.652404785E-2;-1.886077881E-2;-9.784103851E0;9.784190202E0
1.062402250E1;3.113525391E-2;-1.901046753E-2;-9.775272217E0;9.775340286E0
1.063406350E1;1.930984497E-2;-8.532257080E-3;-9.807604980E0;9.807627701E0
1.064410550E1;-7.185058594E-3;-6.885681152E-3;-9.799521790E0;9.799526843E0
1.065414650E1;-1.032852173E-2;-1.362167358E-2;-9.806856537E0;9.806871436E0
1.066418850E1;1.481918335E-2;-2.020797729E-2;-9.793384552E0;9.793416613E0
1.067422950E1;4.041595459E-2;-1.257385254E-2;-9.796528015E0;9.796619453E0
1.068427050E1;3.727249146E-2;-1.422042847E-2;-9.824968872E0;9.825049862E0
1.069431250E1;4.011657715E-2;3.742218018E-3;-9.842482452E0;9.842564918E0
1.070435350E1;3.906875610E-2;-1.317260742E-2;-9.850715332E0;9.850801614E0
1.071439450E1;2.679428101E-2;-2.619552612E-2;-9.839338989E0;9.839410342E0
1.072443650E1;3.562591553E-2;-1.781295776E-2;-9.851314087E0;9.851394609E0
1.073447750E1;1.032852173E-2;-2.275268555E-2;-9.836195526E0;9.836227264E0
1.074451850E1;2.514770508E-2;-4.790039062E-3;-9.831405487E0;9.831438816E0
1.075456050E1;9.580078125E-3;-1.317260742E-2;-9.795779572E0;9.795793113E0
1.076460150E1;1.481918335E-2;-3.442840576E-3;-9.794881439E0;9.794893255E0
1.077464250E1;1.930984497E-2;1.332229614E-2;-9.815239105E0;9.815267141E0
1.078468450E1;5.164260864E-2;-1.242416382E-2;-9.811197510E0;9.811341289E0
1.079472550E1;5.882766724E-2;-2.874023438E-2;-9.817035370E0;9.817253697E0
1.080476650E1;5.254074097E-2;-3.532653809E-2;-9.819729767E0;9.819933869E0
1.081480850E1;5.134323120E-2;-4.700225830E-2;-9.824968872E0;9.825215452E0
1.082484950E1;2.275268555E-2;-2.679428101E-2;-9.806557159E0;9.806620159E0
1.083489104E1;2.993774414E-4;-2.933898926E-2;-9.804012451E0;9.804056355E0
1.084493304E1;9.131011963E-3;-2.215393066E-2;-9.801617432E0;9.801646721E0
1.085497404E1;1.975891113E-2;-2.993774414E-3;-9.807604980E0;9.807625341E0
1.086501504E1;2.080673218E-2;5.388793945E-3;-9.813592529E0;9.813616066E0
1.087505704E1;2.350112915E-2;6.137237549E-3;-9.811945953E0;9.811976017E0
1.088509804E1;3.847000122E-2;-7.334747314E-3;-9.794432373E0;9.794510669E0
1.089513904E1;4.086502075E-2;-2.679428101E-2;-9.807305603E0;9.807427342E0
1.090518104E1;3.757186890E-2;-3.367996216E-2;-9.801916809E0;9.802046680E0
1.091522204E1;2.963836670E-2;-3.787124634E-2;-9.802814941E0;9.802932900E0
1.092526404E1;3.128494263E-2;-2.754272461E-2;-9.814041595E0;9.814130109E0
1.093530504E1;1.272354126E-2;-4.640350342E-3;-9.818681946E0;9.818691286E0
1.094534604E1;3.442840576E-3;1.496887207E-3;-9.806108093E0;9.806108812E0
1.095538804E1;2.694396973E-3;-1.646575928E-3;-9.824070740E0;9.824071247E0
1.096542904E1;3.577560425E-2;3.742218018E-3;-9.821526031E0;9.821591902E0
1.097547004E1;3.981719971E-2;1.392105103E-2;-9.812095642E0;9.812186306E0
1.098551204E1;3.203338623E-2;-9.280700684E-3;-9.826016693E0;9.826073291E0
1.099555304E1;4.535568237E-2;-1.272354126E-2;-9.811945953E0;9.812059031E0
1.100559404E1;2.365081787E-2;-2.739303589E-2;-9.801318054E0;9.801384868E0
1.101563604E1;2.604583740E-2;-3.547622681E-2;-9.804611206E0;9.804709983E0
1.102567704E1;7.933502197E-3;-1.466949463E-2;-9.803862762E0;9.803876947E0
1.103571804E1;3.038681030E-2;-5.837860107E-3;-9.800120544E0;9.800169393E0
1.104576004E1;3.113525391E-2;-1.197509766E-2;-9.800120544E0;9.800177319E0
1.105580104E1;2.829116821E-2;-8.083190918E-3;-9.800719299E0;9.800763466E0
1.106584204E1;2.409988403E-2;3.742218018E-3;-9.816137238E0;9.816167535E0
1.107588404E1;3.592529297E-2;-1.152603149E-2;-9.824819183E0;9.824891626E0
1.108592504E1;1.751358032E-2;-2.754272461E-2;-9.828860779E0;9.828914972E0
1.109596604E1;3.532653809E-2;-3.832031250E-2;-9.829908600E0;9.830046770E0
1.110600804E1;3.233276367E-2;-4.221221924E-2;-9.827363892E0;9.827507738E0
1.111604904E1;2.933898926E-2;-3.053649902E-2;-9.820478210E0;9.820569512E0
1.112609004E1;2.993774414E-2;-1.661544800E-2;-9.817933502E0;9.817993206E0
1.113613204E1;1.706451416E-2;-1.017883301E-2;-9.813891907E0;9.813912021E0
1.114617304E1;3.323089600E-2;-2.260299683E-2;-9.816137238E0;9.816219509E0
1.115621404E1;2.814147949E-2;-5.538482666E-3;-9.814191284E0;9.814233194E0
1.116625604E1;2.260299683E-2;9.430389404E-3;-9.807006226E0;9.807036807E0
1.117629704E1;1.616638184E-2;4.640350342E-3;-9.808353424E0;9.808367845E0
1.118633904E1;8.083190918E-3;-8.981323242E-3;-9.798923035E0;9.798930485E0
1.119638004E1;2.170486450E-2;-3.038681030E-2;-9.786049805E0;9.786121052E0
1.120642104E1;5.688171387E-2;-2.380050659E-2;-9.800868988E0;9.801062948E0
1.121646304E1;6.541397095E-2;-3.397933960E-2;-9.804311829E0;9.804588926E0
1.122650404E1;6.331832886E-2;-1.122665405E-2;-9.815538483E0;9.815749128E0
1.123654504E1;4.445755005E-2;-1.107696533E-2;-9.805060272E0;9.805167317E0
1.124658704E1;2.469863892E-2;2.993774414E-4;-9.815089417E0;9.815120497E0
1.125662804E1;1.197509766E-2;-1.152603149E-2;-9.820478210E0;9.820492276E0
1.126666904E1;5.388793945E-3;-2.365081787E-2;-9.826615448E0;9.826645387E0
1.127671104E1;1.137634277E-2;-3.817062378E-2;-9.808054047E0;9.808134920E0
1.128675204E1;1.347198486E-2;-3.083587646E-2;-9.832902374E0;9.832959954E0
1.129679304E1;3.442840576E-2;-3.353027344E-2;-9.834399261E0;9.834516685E0
1.130683504E1;4.071533203E-2;-2.963836670E-2;-9.820777588E0;9.820906710E0
1.131687604E1;5.538482666E-2;-7.783813477E-3;-9.806108093E0;9.806267588E0
1.132691704E1;6.227050781E-2;1.257385254E-2;-9.818831635E0;9.819037141E0
1.133695904E1;4.206253052E-2;3.188369751E-2;-9.816586304E0;9.816728197E0
1.134700004E1;3.068618774E-2;1.676513672E-2;-9.812993774E0;9.813056075E0
1.135704104E1;8.083190918E-3;-1.377136230E-2;-9.820927277E0;9.820940258E0
1.136708304E1;2.245330811E-2;-2.125579834E-2;-9.800419922E0;9.800468693E0
1.137712404E1;8.532257080E-3;-2.604583740E-2;-9.817185059E0;9.817223317E0
1.138716604E1;3.143463135E-3;-1.571731567E-2;-9.808353424E0;9.808366521E0
1.139720704E1;1.990859985E-2;-3.397933960E-2;-9.807604980E0;9.807684049E0
1.140724804E1;2.694396973E-2;-2.784210205E-2;-9.812395020E0;9.812471512E0
1.141729004E1;3.218307495E-2;-1.167572021E-2;-9.790390778E0;9.790450636E0
1.142733104E1;3.053649902E-2;8.981323242E-4;-9.802515564E0;9.802563168E0
1.143737204E1;3.757186890E-2;-2.993774414E-3;-9.803264008E0;9.803336463E0
1.144741404E1;3.757186890E-2;-6.885681152E-3;-9.807155914E0;9.807230301E0
1.145745504E1;4.819976807E-2;-2.095642090E-2;-9.809550934E0;9.809691734E0
1.146749604E1;4.056564331E-2;-3.143463135E-2;-9.828112335E0;9.828246323E0
1.147753804E1;1.960922241E-2;-3.502716064E-2;-9.809550934E0;9.809633069E0
1.148757904E1;2.604583740E-2;-4.251159668E-2;-9.817035370E0;9.817161966E0
1.149762004E1;1.661544800E-2;-1.556762695E-2;-9.798773346E0;9.798799799E0
1.150766204E1;2.380050659E-2;-1.122665405E-2;-9.823771362E0;9.823806608E0
1.151770304E1;3.532653809E-2;-1.062789917E-2;-9.823621674E0;9.823690941E0
1.152774404E1;2.649490356E-2;-1.287322998E-2;-9.826465759E0;9.826509910E0
1.153778604E1;2.903961182E-2;-1.930984497E-2;-9.810598755E0;9.810660737E0
1.154782704E1;9.580078125E-3;-3.667373657E-2;-9.834848328E0;9.834921371E0
1.155786804E1;2.110610962E-2;-3.158432007E-2;-9.821675720E0;9.821749182E0
1.156791004E1;4.340972900E-2;-1.691482544E-2;-9.827663269E0;9.827773697E0
1.157795104E1;4.056564331E-2;3.891906738E-3;-9.805209961E0;9.805294646E0
1.158799204E1;4.520599365E-2;1.377136230E-2;-9.797126770E0;9.797240743E0
1.159803404E1;2.439926147E-2;5.837860107E-3;-9.774523773E0;9.774555969E0
1.160807504E1;2.245330811E-2;2.185455322E-2;-9.767638092E0;9.767688348E0
1.161811704E1;7.634124756E-3;-1.077758789E-2;-9.768386536E0;9.768395464E0
1.162815804E1;3.353027344E-2;3.442840576E-3;-9.773925018E0;9.773983139E0
1.163819904E1;5.298980713E-2;-3.188369751E-2;-9.806706848E0;9.806901840E0
1.164824104E1;3.278182983E-2;-3.457809448E-2;-9.802515564E0;9.802631365E0
1.165828204E1;3.457809448E-2;-3.787124634E-2;-9.812095642E0;9.812229653E0
1.166832304E1;1.646575928E-3;-1.437011719E-2;-9.826914825E0;9.826925470E0
1.167836504E1;-8.981323242E-3;4.790039062E-3;-9.824370117E0;9.824375390E0
1.168840604E1;-5.089416504E-3;-5.987548828E-4;-9.835147705E0;9.835149040E0
1.169844704E1;-9.879455566E-3;-1.152603149E-2;-9.845027161E0;9.845038865E0
1.170848904E1;-1.137634277E-2;-3.876937866E-2;-9.818681946E0;9.818765077E0
1.171853004E1;1.437011719E-2;-3.622467041E-2;-9.811047821E0;9.811125220E0
1.172857104E1;3.113525391E-2;-3.622467041E-2;-9.790241089E0;9.790357614E0
1.173861304E1;3.981719971E-2;-2.095642090E-2;-9.797725525E0;9.797828843E0
1.174865404E1;6.227050781E-2;-9.729766846E-3;-9.804012451E0;9.804215034E0
1.175869504E1;5.343887329E-2;1.496887207E-4;-9.814340973E0;9.814486460E0
1.176873704E1;2.769241333E-2;-6.137237549E-3;-9.808952179E0;9.808993189E0
1.177877804E1;2.619552612E-2;-8.532257080E-3;-9.809101868E0;9.809140556E0
1.178881904E1;5.987548828E-3;-1.676513672E-2;-9.813592529E0;9.813608676E0
1.179886104E1;9.729766846E-3;-1.257385254E-2;-9.806108093E0;9.806120982E0
1.180890204E1;2.993774414E-2;-1.541793823E-2;-9.823771362E0;9.823829078E0
1.181894404E1;2.170486450E-2;-3.143463135E-2;-9.827064514E0;9.827138760E0
1.182898504E1;1.511856079E-2;-3.757186890E-2;-9.810299377E0;9.810382974E0
1.183902567E1;1.347198486E-2;-7.783813477E-3;-9.826016693E0;9.826029012E0
1.184906767E1;7.185058594E-3;1.332229614E-2;-9.802665253E0;9.802676939E0
1.185910867E1;1.826202393E-2;9.280700684E-3;-9.782457275E0;9.782478724E0
1.186914967E1;2.155517578E-2;-5.538482666E-3;-9.781858521E0;9.781883838E0
1.187919167E1;3.442840576E-2;-1.107696533E-2;-9.800120544E0;9.800187279E0
1.188923267E1;1.541793823E-2;-4.490661621E-3;-9.808952179E0;9.808965324E0
1.189927367E1;2.409988403E-2;-2.859054565E-2;-9.799821167E0;9.799892506E0
1.190931567E1;3.382965088E-2;-3.547622681E-2;-9.808952179E0;9.809074669E0
1.191935667E1;3.053649902E-2;-1.466949463E-2;-9.805509338E0;9.805567860E0
1.192939767E1;4.939727783E-2;-1.871109009E-2;-9.795629883E0;9.795772302E0
1.193943967E1;3.218307495E-2;-1.407073975E-2;-9.783804474E0;9.783867524E0
1.194948067E1;3.098556519E-2;-1.212478638E-2;-9.777667236E0;9.777723851E0
1.195952167E1;1.362167358E-2;1.496887207E-3;-9.796827393E0;9.796836977E0
1.196956367E1;9.879455566E-3;8.981323242E-3;-9.805808716E0;9.805817806E0
1.197960467E1;7.783813477E-3;1.257385254E-2;-9.837093658E0;9.837104774E0
1.198964567E1;6.586303711E-3;-2.395019531E-3;-9.820777588E0;9.820780088E0
1.199968767E1;2.155517578E-2;-3.083587646E-2;-9.830207977E0;9.830279973E0
1.200972867E1;4.535568237E-2;-2.424957275E-2;-9.831405487E0;9.831540013E0
1.201977067E1;4.640350342E-2;-4.176315308E-2;-9.826914825E0;9.827113128E0
1.202981167E1;3.517684937E-2;-2.380050659E-2;-9.814640350E0;9.814732247E0
1.203985267E1;2.395019531E-2;-4.161346436E-2;-9.836494904E0;9.836612083E0
1.204989467E1;1.960922241E-2;-1.437011719E-2;-9.837243347E0;9.837273387E0
1.205993567E1;3.053649902E-2;-2.395019531E-3;-9.834848328E0;9.834896026E0
1.206997667E1;1.886077881E-2;-3.891906738E-3;-9.817035370E0;9.817054259E0
1.208001867E1;2.409988403E-2;1.347198486E-2;-9.794432373E0;9.794471288E0
1.209005967E1;1.826202393E-2;-3.742218018E-3;-9.803264008E0;9.803281732E0
1.210010067E1;3.293151855E-2;-3.293151855E-3;-9.816286926E0;9.816342718E0
1.211014267E1;1.496887207E-4;1.392105103E-2;-9.816735992E0;9.816745864E0
1.212018367E1;8.981323242E-3;8.831634521E-3;-9.808802490E0;9.808810578E0
1.213022467E1;4.041595459E-3;-1.945953369E-2;-9.799372101E0;9.799392256E0
1.214026667E1;1.422042847E-2;-2.215393066E-2;-9.806407471E0;9.806442806E0
1.215030767E1;2.439926147E-2;-2.784210205E-2;-9.806257782E0;9.806327661E0
1.216034867E1;4.415817261E-2;-2.814147949E-2;-9.797126770E0;9.797266702E0
1.217039067E1;4.969665527E-2;-1.571731567E-2;-9.805209961E0;9.805348498E0
1.218043167E1;3.802093506E-2;-2.469863892E-2;-9.805958405E0;9.806063219E0
1.219047267E1;2.275268555E-2;-1.901046753E-2;-9.806706848E0;9.806751669E0
1.220051467E1;1.047821045E-2;-1.481918335E-2;-9.808652802E0;9.808669593E0
1.221055567E1;1.556762695E-2;-1.571731567E-2;-9.807604980E0;9.807629930E0
1.222059767E1;1.347198486E-2;-9.729766846E-3;-9.796827393E0;9.796841487E0
1.223063867E1;2.799179077E-2;-9.280700684E-3;-9.792037354E0;9.792081761E0
1.224067967E1;2.978805542E-2;-8.831634521E-3;-9.778864746E0;9.778914104E0
1.225072167E1;3.457809448E-2;-1.511856079E-2;-9.796677704E0;9.796750392E0
1.226076267E1;2.065704346E-2;-1.092727661E-2;-9.818232880E0;9.818260691E0
1.227080367E1;1.047821045E-2;1.047821045E-3;-9.826615448E0;9.826621090E0
1.228084567E1;1.811233521E-2;-7.783813477E-3;-9.832004242E0;9.832024006E0
1.229088667E1;4.490661621E-2;-1.272354126E-2;-9.820927277E0;9.821038187E0
1.230092767E1;5.059478760E-2;-3.308120728E-2;-9.831106110E0;9.831291957E0
1.231096967E1;3.981719971E-2;-2.694396973E-2;-9.846374359E0;9.846491731E0
1.232101067E1;4.176315308E-2;-3.173400879E-2;-9.847272491E0;9.847412184E0
1.233105167E1;3.293151855E-2;-1.856140137E-2;-9.821376343E0;9.821449093E0
1.234109367E1;1.601669312E-2;-2.185455322E-2;-9.811945953E0;9.811983365E0
1.235113467E1;1.122665405E-2;-2.095642090E-2;-9.810299377E0;9.810328184E0
1.236117567E1;2.305206299E-2;-1.302291870E-2;-9.807604980E0;9.807640718E0
1.237121767E1;2.140548706E-2;3.143463135E-3;-9.827962646E0;9.827986460E0
1.238125867E1;3.083587646E-2;2.694396973E-3;-9.817035370E0;9.817084168E0
1.239129967E1;3.412902832E-2;6.436614990E-3;-9.826166382E0;9.826227760E0
1.240134167E1;4.221221924E-2;-2.439926147E-2;-9.832153931E0;9.832274819E0
1.241138267E1;3.173400879E-2;-2.814147949E-2;-9.826465759E0;9.826557297E0
1.242142467E1;1.975891113E-2;-3.442840576E-2;-9.838141479E0;9.838221562E0
1.243146567E1;5.239105225E-2;-2.035766602E-2;-9.810449066E0;9.810610080E0
1.244150667E1;5.403762817E-2;-4.790039062E-3;-9.799521790E0;9.799671949E0
1.245154867E1;4.206253052E-2;-1.152603149E-2;-9.791887665E0;9.791984791E0
1.246158967E1;4.071533203E-2;-1.661544800E-2;-9.800868988E0;9.800967643E0
1.247163067E1;1.721420288E-2;-7.634124756E-3;-9.803264008E0;9.803282094E0
1.248167267E1;-4.041595459E-3;-1.092727661E-2;-9.814640350E0;9.814647266E0
1.249171367E1;-1.047821045E-3;-2.095642090E-2;-9.826615448E0;9.826637850E0
1.250175467E1;2.993774414E-4;-5.688171387E-3;-9.813442841E0;9.813444494E0
1.251179667E1;2.724334717E-2;-8.681945801E-3;-9.806706848E0;9.806748533E0
1.252183767E1;6.002517700E-2;1.347198486E-3;-9.813143463E0;9.813327135E0
1.253187867E1;5.837860107E-2;-1.646575928E-3;-9.816735992E0;9.816909713E0
1.254192067E1;4.790039063E-2;-2.544708252E-3;-9.826316071E0;9.826433149E0
1.255196167E1;3.592529297E-2;-3.278182983E-2;-9.832752686E0;9.832872960E0
1.256200267E1;1.332229614E-2;-1.676513672E-2;-9.836345215E0;9.836368524E0
1.257204467E1;3.158432007E-2;-1.661544800E-2;-9.817933502E0;9.817998365E0
1.258208567E1;3.188369751E-2;-1.481918335E-2;-9.804910583E0;9.804973622E0
1.259212767E1;1.945953369E-2;-3.218307495E-2;-9.812395020E0;9.812467093E0
1.260216867E1;3.742218018E-2;-9.131011963E-3;-9.812694397E0;9.812770003E0
1.261220967E1;3.532653809E-2;-1.242416382E-2;-9.825717316E0;9.825788675E0
1.262225167E1;3.742218018E-2;-5.239105225E-3;-9.810598755E0;9.810671526E0
1.263229267E1;3.308120728E-2;-9.879455566E-3;-9.816586304E0;9.816647016E0
1.264233367E1;3.023712158E-2;-1.092727661E-2;-9.813442841E0;9.813495507E0
1.265237567E1;3.457809448E-2;-1.302291870E-2;-9.811945953E0;9.812015523E0
1.266241667E1;3.248245239E-2;-1.796264648E-2;-9.810299377E0;9.810369598E0
1.267245767E1;2.903961182E-2;1.047821045E-3;-9.807305603E0;9.807348652E0
1.268249967E1;3.218307495E-2;3.592529297E-3;-9.807904358E0;9.807957818E0
1.269254067E1;2.799179077E-2;-1.631607056E-2;-9.804760895E0;9.804814428E0
1.270258167E1;2.799179077E-2;-3.053649902E-2;-9.803713074E0;9.803800592E0
1.271262367E1;2.888992310E-2;-1.736389160E-2;-9.808503113E0;9.808561028E0
1.272266467E1;1.616638184E-2;-3.263214111E-2;-9.814790039E0;9.814857601E0
1.273270567E1;2.140548706E-2;-2.005828857E-2;-9.828112335E0;9.828156114E0
1.274274767E1;2.814147949E-2;-1.856140137E-2;-9.805359650E0;9.805417601E0
1.275278867E1;4.296066284E-2;-2.619552612E-2;-9.793234863E0;9.793364126E0
1.276282967E1;4.311035156E-2;-4.640350342E-3;-9.786947937E0;9.787043985E0
1.277287167E1;3.323089600E-2;-4.490661621E-4;-9.792785797E0;9.792842190E0
1.278291267E1;1.945953369E-2;-1.796264648E-2;-9.799970856E0;9.800006638E0
1.279295467E1;1.766326904E-2;-1.002914429E-2;-9.801018677E0;9.801039724E0
1.280299567E1;2.604583740E-2;-1.047821045E-2;-9.802515564E0;9.802555767E0
1.281303667E1;4.415817261E-2;-6.885681152E-3;-9.807155914E0;9.807257745E0
1.282307867E1;3.532653809E-2;-6.586303711E-3;-9.793683929E0;9.793749857E0
1.283311967E1;3.248245239E-2;-1.347198486E-2;-9.816735992E0;9.816798977E0
1.284316104E1;3.323089600E-2;-2.784210205E-2;-9.817484436E0;9.817580156E0
1.285320304E1;9.729766846E-3;-3.263214111E-2;-9.822124786E0;9.822183812E0
1.286324404E1;3.547622681E-2;-2.559677124E-2;-9.820328522E0;9.820425960E0
1.287328504E1;3.487747192E-2;-2.574645996E-2;-9.827214203E0;9.827309820E0
1.288332704E1;2.409988403E-2;-2.559677124E-2;-9.825567627E0;9.825630524E0
1.289336804E1;2.918930054E-2;-1.751358032E-2;-9.805060272E0;9.805119361E0
1.290340904E1;4.011657715E-2;-3.891906738E-3;-9.813742218E0;9.813824984E0
1.291345104E1;4.340972900E-2;3.891906738E-3;-9.812095642E0;9.812192438E0
1.292349204E1;2.829116821E-2;1.347198486E-3;-9.814790039E0;9.814830906E0
1.293353304E1;3.308120728E-2;1.287322998E-2;-9.835447083E0;9.835511141E0
1.294357504E1;2.035766602E-2;-2.050735474E-2;-9.836644592E0;9.836687035E0
1.295361604E1;3.203338623E-2;-3.323089600E-2;-9.847272491E0;9.847380664E0
1.296365704E1;3.832031250E-2;-3.697311401E-2;-9.840087433E0;9.840231509E0
1.297369904E1;2.859054565E-2;-3.547622681E-2;-9.833800507E0;9.833906059E0
1.298374004E1;3.412902832E-2;-2.948867798E-2;-9.817035370E0;9.817138984E0
1.299378104E1;4.101470947E-2;-2.963836670E-2;-9.811197510E0;9.811328005E0
1.300382304E1;2.320175171E-2;-2.874023438E-2;-9.832004242E0;9.832073623E0
1.301386404E1;7.484436035E-4;-1.796264648E-2;-9.825867004E0;9.825883452E0
1.302390604E1;-1.496887207E-3;-6.586303711E-3;-9.820328522E0;9.820330844E0
1.303394704E1;2.035766602E-2;7.484436035E-3;-9.825867004E0;9.825890944E0
1.304398804E1;4.236190796E-2;1.302291870E-2;-9.825268250E0;9.825368202E0
1.305403004E1;4.775070190E-2;-3.442840576E-3;-9.816286926E0;9.816403669E0
1.306407104E1;4.909790039E-2;-1.811233521E-2;-9.789193268E0;9.789333149E0
1.307411204E1;3.712280273E-2;-2.245330811E-2;-9.782008209E0;9.782104419E0
1.308415404E1;2.769241333E-2;-1.511856079E-2;-9.794282684E0;9.794333502E0
1.309419504E1;2.589614868E-2;-2.155517578E-2;-9.827513580E0;9.827571338E0
1.310423604E1;3.592529297E-2;-2.050735474E-2;-9.827962646E0;9.828049703E0
1.311427804E1;2.664459229E-2;-4.206253052E-2;-9.815688171E0;9.815814458E0
1.312431904E1;2.948867798E-2;-3.906875610E-2;-9.815987549E0;9.816109591E0
1.313436004E1;3.308120728E-2;-1.960922241E-2;-9.807455292E0;9.807530688E0
1.314440204E1;3.921844482E-2;2.170486450E-2;-9.783654785E0;9.783757465E0
1.315444304E1;3.966751099E-2;1.466949463E-2;-9.807006226E0;9.807097420E0
1.316448404E1;4.430786133E-2;-3.742218018E-3;-9.818382568E0;9.818483256E0
1.317452604E1;5.688171387E-3;-2.619552612E-2;-9.806108093E0;9.806144732E0
1.318456704E1;1.437011719E-2;-6.122268677E-2;-9.807305603E0;9.807507222E0
1.319460804E1;1.272354126E-2;-5.718109131E-2;-9.795031128E0;9.795206295E0
1.320465004E1;2.275268555E-2;-4.206253052E-2;-9.786498871E0;9.786615712E0
1.321469104E1;1.826202393E-2;-2.769241333E-2;-9.763446808E0;9.763503159E0
1.322473304E1;4.790039063E-2;-2.544708252E-3;-9.776170349E0;9.776288029E0
1.323477404E1;5.074447632E-2;2.454895020E-2;-9.769733734E0;9.769896360E0
1.324481504E1;1.347198486E-2;4.026626587E-2;-9.767937469E0;9.768029754E0
1.325485704E1;4.041595459E-3;2.080673218E-2;-9.792187042E0;9.792209982E0
1.326489804E1;1.377136230E-2;-1.047821045E-2;-9.819580078E0;9.819595325E0
1.327493904E1;1.826202393E-2;-4.685256958E-2;-9.814191284E0;9.814320110E0
1.328498104E1;5.089416504E-2;-5.119354248E-2;-9.845625916E0;9.845890547E0
1.329502204E1;5.927673340E-2;-5.014572144E-2;-9.861343231E0;9.861648881E0
1.330506304E1;4.505630493E-2;-4.520599365E-2;-9.881251831E0;9.881457959E0
1.331510504E1;2.395019531E-2;-3.562591553E-2;-9.870773621E0;9.870866967E0
1.332514604E1;9.729766846E-3;-7.933502197E-3;-9.866432648E0;9.866440635E0
1.333518704E1;1.227447510E-2;1.811233521E-2;-9.836494904E0;9.836519237E0
1.334522904E1;2.020797729E-2;3.353027344E-2;-9.824370117E0;9.824448119E0
1.335527004E1;1.826202393E-2;2.080673218E-2;-9.791887665E0;9.791926800E0
1.336531104E1;3.008743286E-2;-2.694396973E-3;-9.785151672E0;9.785198300E0
1.337535304E1;2.649490356E-2;-3.876937866E-2;-9.767638092E0;9.767750966E0
1.338539404E1;2.664459229E-2;-5.014572144E-2;-9.766440582E0;9.766605663E0
1.339543604E1;3.293151855E-2;-5.044509888E-2;-9.779014435E0;9.779199993E0
1.340547704E1;3.098556519E-2;-1.766326904E-2;-9.785750427E0;9.785815424E0
1.341551804E1;4.415817261E-2;-6.137237549E-3;-9.784253540E0;9.784355111E0
1.342556004E1;3.787124634E-2;1.317260742E-2;-9.785750427E0;9.785832574E0
1.343560104E1;2.514770508E-2;3.891906738E-3;-9.792336731E0;9.792369795E0
1.344564204E1;2.544708252E-2;-1.272354126E-2;-9.819879456E0;9.819920670E0
1.345568404E1;1.047821045E-2;-9.280700684E-3;-9.823022919E0;9.823032891E0
1.346572504E1;3.592529297E-3;-1.871109009E-2;-9.838740234E0;9.838758682E0
1.347576604E1;2.859054565E-2;-2.829116821E-2;-9.842781830E0;9.842864012E0
1.348580804E1;2.963836670E-2;-3.802093506E-2;-9.839937744E0;9.840055835E0
1.349584904E1;5.284011841E-2;-2.574645996E-2;-9.817634125E0;9.817810080E0
1.350589004E1;4.640350342E-2;-9.430389404E-3;-9.826166382E0;9.826280475E0
1.351593204E1;3.023712158E-2;-1.077758789E-2;-9.820178833E0;9.820231298E0
1.352597304E1;2.320175171E-2;1.317260742E-2;-9.833650818E0;9.833687012E0
1.353601404E1;1.496887207E-3;8.681945801E-3;-9.834249573E0;9.834253519E0
1.354605604E1;1.601669312E-2;-5.089416504E-3;-9.833052063E0;9.833066425E0
1.355609704E1;4.101470947E-2;-8.382568359E-3;-9.832004242E0;9.832093362E0
1.356613804E1;3.682342529E-2;-2.514770508E-2;-9.837542725E0;9.837643784E0
1.357618004E1;3.772155762E-2;-2.424957275E-2;-9.830657043E0;9.830759323E0
1.358622104E1;3.308120728E-2;-2.859054565E-2;-9.825268250E0;9.825365538E0
1.359626204E1;2.350112915E-2;-2.409988403E-2;-9.818232880E0;9.818290584E0
1.360630404E1;1.871109009E-2;-2.948867798E-2;-9.813891907E0;9.813954047E0
1.361634504E1;2.424957275E-2;-2.948867798E-2;-9.807155914E0;9.807230228E0
1.362638704E1;1.945953369E-3;5.987548828E-4;-9.804311829E0;9.804312040E0
1.363642804E1;1.736389160E-2;7.933502197E-3;-9.807604980E0;9.807623560E0
1.364646904E1;2.888992310E-2;-1.796264648E-3;-9.799970856E0;9.800013603E0
1.365651104E1;2.215393066E-2;-4.340972900E-3;-9.806557159E0;9.806583144E0
1.366655204E1;4.490661621E-2;-1.347198486E-2;-9.812844086E0;9.812956086E0
1.367659304E1;4.056564331E-2;-1.317260742E-2;-9.807604980E0;9.807697719E0
1.368663504E1;2.978805542E-2;-3.173400879E-2;-9.808652802E0;9.808749368E0
1.369667604E1;2.290237427E-2;-2.769241333E-2;-9.819430389E0;9.819496146E0
1.370671704E1;2.499801636E-2;-2.380050659E-2;-9.815688171E0;9.815748858E0
1.371675904E1;2.769241333E-2;-2.589614868E-2;-9.813143463E0;9.813216705E0
1.372680004E1;3.412902832E-2;-2.724334717E-2;-9.800868988E0;9.800966274E0
1.373684104E1;3.562591553E-2;-2.604583740E-2;-9.807754669E0;9.807853957E0
1.374688304E1;3.113525391E-2;-1.826202393E-2;-9.805209961E0;9.805276400E0
1.375692404E1;2.544708252E-2;-1.916015625E-2;-9.808652802E0;9.808704524E0
1.376696504E1;2.110610962E-2;-1.601669312E-2;-9.811347198E0;9.811382973E0
1.377700704E1;2.784210205E-2;-1.526824951E-2;-9.820178833E0;9.820230171E0
1.378704804E1;3.667373657E-2;7.484436035E-4;-9.813143463E0;9.813212020E0
1.379708904E1;3.143463135E-2;-9.580078125E-3;-9.822573853E0;9.822628823E0
1.380713104E1;2.604583740E-2;-1.766326904E-2;-9.803264008E0;9.803314520E0
1.381717204E1;3.502716064E-2;-2.050735474E-2;-9.795779572E0;9.795863661E0
1.382721404E1;3.038681030E-2;-2.260299683E-2;-9.808952179E0;9.809025288E0
1.383725542E1;2.679428101E-2;-2.454895020E-2;-9.810898132E0;9.810965434E0
1.384729642E1;4.460723877E-2;-3.323089600E-2;-9.799970856E0;9.800128717E0
1.385733842E1;2.604583740E-2;-1.736389160E-2;-9.800569611E0;9.800619602E0
1.386737942E1;1.347198486E-2;-1.047821045E-2;-9.816885681E0;9.816900517E0
1.387742042E1;1.242416382E-2;-3.023712158E-2;-9.808652802E0;9.808707276E0
1.388746242E1;3.173400879E-2;-8.681945801E-3;-9.798324280E0;9.798379515E0
1.389750342E1;4.131408691E-2;-4.790039062E-3;-9.818532257E0;9.818620345E0
1.390754442E1;4.969665527E-2;1.945953369E-3;-9.816286926E0;9.816412917E0
1.391758642E1;3.547622681E-2;-1.676513672E-2;-9.818831635E0;9.818910036E0
1.392762742E1;2.020797729E-2;-1.092727661E-2;-9.813891907E0;9.813918796E0
1.393766842E1;1.556762695E-2;-1.227447510E-2;-9.815538483E0;9.815558503E0
1.394771042E1;7.634124756E-3;-3.682342529E-2;-9.818681946E0;9.818753964E0
1.395775142E1;3.427871704E-2;-4.475692749E-2;-9.815388794E0;9.815550692E0
1.396779242E1;3.847000122E-2;-3.966751099E-2;-9.803713074E0;9.803868802E0
1.397783442E1;3.727249146E-2;-2.844085693E-2;-9.800120544E0;9.800232691E0
1.398787542E1;1.871109009E-2;-8.532257080E-3;-9.806856537E0;9.806878099E0
1.399791642E1;2.185455322E-2;-1.182540894E-2;-9.824819183E0;9.824850607E0
1.400795842E1;7.634124756E-3;-1.197509766E-2;-9.810000000E0;9.810010279E0
1.401799942E1;8.981323242E-3;-4.340972900E-3;-9.812993774E0;9.812998845E0
1.402804142E1;2.155517578E-2;-1.287322998E-2;-9.820029144E0;9.820061239E0
1.403808242E1;4.266128540E-2;-1.272354126E-2;-9.815089417E0;9.815190377E0
1.404812342E1;3.532653809E-2;-2.215393066E-2;-9.801018677E0;9.801107379E0
1.405816542E1;3.876937866E-2;-2.245330811E-2;-9.802964630E0;9.803067008E0
1.406820642E1;3.128494263E-2;-1.916015625E-2;-9.811945953E0;9.812014536E0
1.407824742E1;2.978805542E-2;-1.511856079E-2;-9.824220428E0;9.824277222E0
1.408828942E1;1.347198486E-3;-2.844085693E-2;-9.806856537E0;9.806897870E0
1.409833042E1;1.646575928E-2;-3.996688843E-2;-9.815388794E0;9.815483974E0
1.410837142E1;1.990859985E-2;-3.338058472E-2;-9.801467743E0;9.801544803E0
1.411841342E1;5.029541016E-2;-3.203338623E-2;-9.815987549E0;9.816168668E0
1.412845442E1;3.697311401E-2;-1.886077881E-2;-9.823921051E0;9.824008732E0
1.413849542E1;5.523513794E-2;-3.592529297E-3;-9.815987549E0;9.816143611E0
1.414853742E1;3.861968994E-2;-1.077758789E-2;-9.808503113E0;9.808585064E0
1.415857842E1;9.131011963E-3;3.293151855E-3;-9.812844086E0;9.812848887E0
1.416861942E1;2.454895020E-2;-1.945953369E-2;-9.813592529E0;9.813642527E0
1.417866142E1;3.098556519E-2;-2.140548706E-2;-9.811796265E0;9.811868540E0
1.418870242E1;2.454895020E-2;-1.002914429E-2;-9.806856537E0;9.806892391E0
1.419874342E1;4.221221924E-2;-1.212478638E-2;-9.801767120E0;9.801865514E0
1.420878542E1;3.817062378E-2;-1.871109009E-2;-9.806407471E0;9.806499609E0
1.421882642E1;2.230361938E-2;-9.131011963E-3;-9.802515564E0;9.802545190E0
1.422886842E1;4.251159668E-2;-2.993774414E-4;-9.804311829E0;9.804403998E0
1.423890942E1;2.978805542E-2;-1.107696533E-2;-9.801916809E0;9.801968331E0
1.424895042E1;1.811233521E-2;-1.257385254E-2;-9.825118561E0;9.825143301E0
1.425899242E1;1.377136230E-2;-8.382568359E-3;-9.834998016E0;9.835011230E0
1.426903342E1;6.286926270E-3;-2.649490356E-2;-9.828860779E0;9.828898500E0
1.427907442E1;2.215393066E-2;-4.326004028E-2;-9.819131012E0;9.819251298E0
1.428911642E1;3.996688843E-2;-4.206253052E-2;-9.807006226E0;9.807177867E0
1.429915742E1;6.182144165E-2;-1.751358032E-2;-9.814790039E0;9.815000363E0
1.430919842E1;4.640350342E-2;-2.694396973E-3;-9.798324280E0;9.798434530E0
1.431924042E1;3.472778320E-2;8.981323242E-3;-9.795779572E0;9.795845247E0
1.432928142E1;1.841171265E-2;8.083190918E-3;-9.802665253E0;9.802685876E0
1.433932242E1;4.939727783E-3;-4.640350342E-3;-9.835896149E0;9.835898484E0
1.434936442E1;2.544708252E-3;-2.035766602E-2;-9.833052063E0;9.833073466E0
1.435940542E1;9.280700684E-3;-3.607498169E-2;-9.812993774E0;9.813064473E0
1.436944642E1;3.921844482E-2;1.047821045E-2;-9.782157898E0;9.782242126E0
1.437948842E1;3.787124634E-2;-1.317260742E-2;-9.793534241E0;9.793616323E0
1.438952942E1;5.598358154E-2;-1.317260742E-2;-9.791588287E0;9.791757190E0
1.439957042E1;7.259902954E-2;-2.050735474E-2;-9.807006226E0;9.807296380E0
1.440961242E1;3.188369751E-2;-4.954696655E-2;-9.811496887E0;9.811673794E0
1.441965342E1;8.681945801E-3;-5.074447632E-2;-9.832602997E0;9.832737771E0
1.442969442E1;-1.137634277E-2;-2.529739380E-2;-9.826166382E0;9.826205531E0
1.443973642E1;-0.000000000E0;-1.990859985E-2;-9.821975098E0;9.821995274E0
1.444977742E1;2.679428101E-2;-5.538482666E-3;-9.805060272E0;9.805098447E0
1.445981942E1;4.266128540E-2;-2.993774414E-3;-9.793833618E0;9.793926990E0
1.446986042E1;4.221221924E-2;1.945953369E-3;-9.802515564E0;9.802606645E0
1.447990142E1;3.502716064E-2;-5.688171387E-3;-9.803413696E0;9.803477922E0
1.448994342E1;3.532653809E-2;-3.158432007E-2;-9.807904358E0;9.808018833E0
1.449998442E1;4.191284180E-2;-3.622467041E-2;-9.817334747E0;9.817491047E0
1.451002542E1;3.143463135E-2;-1.796264648E-2;-9.804461517E0;9.804528364E0
1.452006742E1;2.275268555E-2;-3.188369751E-2;-9.813442841E0;9.813521011E0
1.453010842E1;2.829116821E-2;-2.155517578E-2;-9.827812958E0;9.827877317E0
1.454014942E1;2.933898926E-2;1.347198486E-3;-9.810598755E0;9.810642717E0
1.455019142E1;3.727249146E-2;6.436614990E-3;-9.792935486E0;9.793008532E0
1.456023242E1;4.460723877E-2;1.002914429E-2;-9.817484436E0;9.817590898E0
1.457027342E1;3.203338623E-2;-1.122665405E-2;-9.811496887E0;9.811555603E0
1.458031542E1;2.365081787E-2;-3.412902832E-2;-9.817035370E0;9.817123184E0
1.459035642E1;1.212478638E-2;-2.469863892E-2;-9.824968872E0;9.825007398E0
1.460039742E1;2.844085693E-2;-4.146377563E-2;-9.810598755E0;9.810727601E0
1.461043942E1;1.706451416E-2;-2.260299683E-2;-9.812694397E0;9.812735267E0
1.462048042E1;2.335144043E-2;1.377136230E-2;-9.814939728E0;9.814977168E0
1.463052142E1;2.859054565E-2;9.280700684E-3;-9.796528015E0;9.796574131E0
1.464056342E1;4.176315308E-2;-3.442840576E-3;-9.797276459E0;9.797366076E0
1.465060442E1;3.861968994E-2;-3.143463135E-3;-9.800868988E0;9.800945581E0
1.466064642E1;3.397933960E-2;-8.382568359E-3;-9.818382568E0;9.818444944E0
1.467068742E1;3.038681030E-2;-4.191284180E-2;-9.810000000E0;9.810136597E0
1.468072842E1;2.050735474E-2;-4.475692749E-2;-9.809401245E0;9.809524786E0
1.469077042E1;3.293151855E-2;-4.790039063E-2;-9.823621674E0;9.823793652E0
1.470081142E1;2.844085693E-2;-3.083587646E-2;-9.817185059E0;9.817274683E0
1.471085242E1;2.963836670E-2;-8.532257080E-3;-9.818232880E0;9.818281322E0
1.472089442E1;3.562591553E-2;-4.041595459E-3;-9.808503113E0;9.808568645E0
1.473093542E1;3.008743286E-2;9.131011963E-3;-9.818681946E0;9.818732290E0
1.474097642E1;3.293151855E-2;1.392105103E-2;-9.825268250E0;9.825333300E0
1.475101842E1;2.769241333E-2;-8.981323242E-4;-9.797426147E0;9.797465325E0
1.476105942E1;1.916015625E-2;-5.239105225E-3;-9.805209961E0;9.805230081E0
1.477110042E1;4.340972900E-2;-3.113525391E-2;-9.810598755E0;9.810744199E0
1.478114242E1;5.269042969E-2;-3.682342529E-2;-9.807455292E0;9.807665958E0
1.479118342E1;3.008743286E-2;-3.457809448E-2;-9.800719299E0;9.800826480E0
1.480122442E1;2.784210205E-2;-2.409988403E-2;-9.822573853E0;9.822642876E0
1.481126642E1;3.098556519E-2;-6.735992432E-3;-9.811945953E0;9.811997191E0
1.482130742E1;3.532653809E-2;2.844085693E-3;-9.826765137E0;9.826829046E0
1.483134942E1;3.787124634E-2;-1.347198486E-3;-9.813742218E0;9.813815383E0
1.484139029E1;4.251159668E-2;-4.490661621E-4;-9.814041595E0;9.814133679E0
1.485143129E1;3.158432007E-2;-7.035369873E-3;-9.803114319E0;9.803167723E0
1.486147329E1;9.131011963E-3;-2.499801636E-2;-9.809251556E0;9.809287659E0
1.487151429E1;-1.496887207E-4;-3.487747192E-2;-9.821526031E0;9.821587960E0
1.488155529E1;1.377136230E-2;-4.101470947E-2;-9.815239105E0;9.815334459E0
1.489159729E1;3.577560425E-2;-2.260299683E-2;-9.804910583E0;9.805001904E0
1.490163829E1;3.577560425E-2;-1.347198486E-3;-9.827812958E0;9.827878166E0
1.491167929E1;4.355941772E-2;7.334747314E-3;-9.807155914E0;9.807255393E0
1.492172129E1;4.340972900E-2;-3.592529297E-3;-9.792486420E0;9.792583295E0
1.493176229E1;4.415817261E-2;-1.496887207E-4;-9.811945953E0;9.812045320E0
1.494180329E1;3.188369751E-2;-1.706451416E-2;-9.837243347E0;9.837309817E0
1.495184529E1;9.280700684E-3;-2.948867798E-2;-9.816436615E0;9.816485294E0
1.496188629E1;8.981323242E-3;-4.146377563E-2;-9.816586304E0;9.816677980E0
1.497192729E1;2.664459229E-2;-2.784210205E-2;-9.802365875E0;9.802441628E0
1.498196929E1;4.370910645E-2;-1.227447510E-2;-9.806108093E0;9.806213188E0
1.499201029E1;3.727249146E-2;-1.347198486E-3;-9.806108093E0;9.806179021E0
1.500205129E1;3.008743286E-2;-7.484436035E-4;-9.807754669E0;9.807800848E0
1.501209329E1;2.095642090E-2;-2.125579834E-2;-9.822873230E0;9.822918582E0
1.502213429E1;1.856140137E-2;-2.784210205E-2;-9.820478210E0;9.820535219E0
1.503217529E1;2.350112915E-2;-3.951782227E-2;-9.812993774E0;9.813101486E0
1.504221729E1;3.323089600E-2;-4.685256958E-2;-9.801767120E0;9.801935428E0
1.505225829E1;3.323089600E-2;-4.071533203E-2;-9.822424164E0;9.822564761E0
1.506230029E1;3.847000122E-2;-1.451980591E-2;-9.813442841E0;9.813528986E0
1.507234129E1;3.562591553E-2;2.993774414E-4;-9.804311829E0;9.804376560E0
1.508238229E1;3.278182983E-2;-1.496887207E-3;-9.797426147E0;9.797481105E0
1.509242429E1;3.218307495E-2;-2.694396973E-3;-9.813293152E0;9.813346294E0
1.510246529E1;6.137237549E-3;-2.125579834E-2;-9.797575836E0;9.797600816E0
1.511250629E1;1.272354126E-2;-2.035766602E-2;-9.805509338E0;9.805538726E0
1.512254829E1;2.350112915E-2;-3.293151855E-2;-9.820927277E0;9.821010608E0
1.513258929E1;2.724334717E-2;-2.829116821E-2;-9.826765137E0;9.826843626E0
1.514263029E1;2.739303589E-2;-2.739303589E-2;-9.822873230E0;9.822949621E0
1.515267229E1;1.841171265E-2;-2.215393066E-2;-9.827663269E0;9.827705486E0
1.516271329E1;2.948867798E-2;-1.212478638E-2;-9.814041595E0;9.814093388E0
1.517275429E1;5.373825073E-2;9.580078125E-3;-9.800120544E0;9.800272561E0
1.518279629E1;2.993774414E-2;-1.362167358E-2;-9.790390778E0;9.790446026E0
1.519283729E1;1.122665405E-2;-5.987548828E-4;-9.800419922E0;9.800426370E0
1.520287829E1;2.170486450E-2;-2.200424194E-2;-9.811047821E0;9.811096505E0
1.521292029E1;2.574645996E-2;-3.562591553E-2;-9.800569611E0;9.800668180E0
1.522296129E1;3.652404785E-2;-3.562591553E-2;-9.817185059E0;9.817317642E0
1.523300229E1;5.059478760E-2;-4.131408691E-2;-9.807604980E0;9.807822497E0
1.524304429E1;4.834945679E-2;-2.439926147E-2;-9.814041595E0;9.814191023E0
1.525308529E1;3.697311401E-2;-2.275268555E-2;-9.834099884E0;9.834195708E0
1.526312729E1;2.544708252E-2;-3.143463135E-2;-9.823471985E0;9.823555239E0
1.527316829E1;1.886077881E-2;-1.856140137E-2;-9.817185059E0;9.817220723E0
1.528320929E1;2.529739380E-2;-9.580078125E-3;-9.824220428E0;9.824257670E0
1.529325129E1;2.005828857E-2;-2.185455322E-2;-9.824519806E0;9.824564589E0
1.530329229E1;3.532653809E-2;-3.637435913E-2;-9.817334747E0;9.817465691E0
1.531333329E1;2.499801636E-2;-4.116439819E-2;-9.799222412E0;9.799340758E0
1.532337529E1;4.176315308E-2;-1.347198486E-2;-9.809101868E0;9.809200024E0
1.533341629E1;3.667373657E-2;-9.131011963E-3;-9.786798248E0;9.786871221E0
1.534345729E1;5.104385376E-2;-1.541793823E-2;-9.795480194E0;9.795625321E0
1.535349929E1;3.173400879E-2;-1.571731567E-2;-9.802814941E0;9.802878907E0
1.536354029E1;1.826202393E-2;-2.739303589E-2;-9.795779572E0;9.795834895E0
1.537358129E1;3.442840576E-2;-1.975891113E-2;-9.776469727E0;9.776550314E0
1.538362329E1;4.251159668E-2;2.844085693E-3;-9.788893890E0;9.788986614E0
1.539366429E1;2.559677124E-2;1.975891113E-2;-9.764794006E0;9.764847546E0
1.540370529E1;2.844085693E-2;-1.212478638E-2;-9.784103851E0;9.784152700E0
1.541374729E1;2.679428101E-2;-9.729766846E-3;-9.785301361E0;9.785342883E0
1.542378829E1;4.370910645E-2;-1.122665405E-2;-9.795629883E0;9.795733833E0
1.543382929E1;4.745132446E-2;-7.634124756E-3;-9.800270233E0;9.800388082E0
1.544387129E1;3.188369751E-2;-2.679428101E-2;-9.813891907E0;9.813980276E0
1.545391229E1;3.038681030E-2;-3.353027344E-2;-9.819280701E0;9.819384966E0
1.546395429E1;4.191284180E-2;-4.026626587E-2;-9.819879456E0;9.820051455E0
1.547399529E1;1.302291870E-2;-2.125579834E-2;-9.834249573E0;9.834281167E0
1.548403629E1;8.532257080E-3;-9.729766846E-3;-9.821825409E0;9.821833934E0
1.549407829E1;2.844085693E-2;-8.831634521E-3;-9.846374359E0;9.846419395E0
1.550411929E1;3.427871704E-2;-2.245330811E-3;-9.801168365E0;9.801228566E0
1.551416029E1;2.933898926E-2;4.340972900E-3;-9.813293152E0;9.813337970E0
1.552420229E1;4.655319214E-2;1.646575928E-3;-9.837393036E0;9.837503324E0
1.553424329E1;2.350112915E-2;-4.790039062E-3;-9.826316071E0;9.826345341E0
1.554428429E1;2.499801636E-2;-1.481918335E-2;-9.812544708E0;9.812587740E0
1.555432629E1;2.454895020E-2;-3.263214111E-2;-9.803563385E0;9.803648431E0
1.556436729E1;3.263214111E-2;-1.466949463E-2;-9.804461517E0;9.804526796E0
1.557440829E1;1.362167358E-2;-2.739303589E-2;-9.804611206E0;9.804658935E0
1.558445029E1;1.002914429E-2;-1.556762695E-2;-9.804012451E0;9.804029941E0
1.559449129E1;4.385879517E-2;-1.871109009E-2;-9.800868988E0;9.800984982E0
1.560453229E1;3.487747192E-2;-2.020797729E-2;-9.804760895E0;9.804843752E0
1.561457429E1;3.218307495E-2;-4.191284180E-3;-9.825867004E0;9.825920603E0
1.562461529E1;2.439926147E-2;-2.170486450E-2;-9.797126770E0;9.797181195E0
1.563465629E1;3.532653809E-2;-9.131011963E-3;-9.818681946E0;9.818749742E0
1.564469829E1;3.412902832E-2;-3.038681030E-2;-9.810299377E0;9.810405803E0
1.565473929E1;2.454895020E-2;-1.901046753E-2;-9.790989532E0;9.791038764E0
1.566478129E1;3.218307495E-2;-1.796264648E-2;-9.793534241E0;9.793603593E0
1.567482229E1;1.990859985E-2;-5.837860107E-3;-9.811945953E0;9.811967887E0
1.568486329E1;2.993774414E-2;7.484436035E-4;-9.818232880E0;9.818278551E0
1.569490529E1;2.784210205E-2;-1.975891113E-2;-9.813742218E0;9.813801604E0
1.570494629E1;3.712280273E-2;-1.422042847E-2;-9.794282684E0;9.794363360E0
1.571498729E1;3.921844482E-2;-3.248245239E-2;-9.803413696E0;9.803545955E0
1.572502929E1;1.930984497E-2;-2.799179077E-2;-9.807455292E0;9.807514247E0
1.573507029E1;2.484832764E-2;-2.649490356E-2;-9.808802490E0;9.808869747E0
1.574511129E1;2.230361938E-2;-4.041595459E-2;-9.824070740E0;9.824179192E0
1.575515329E1;2.170486450E-2;-1.616638184E-2;-9.815987549E0;9.816024858E0
1.576519429E1;1.047821045E-2;-2.544708252E-2;-9.815538483E0;9.815577062E0
1.577523529E1;1.811233521E-2;7.634124756E-3;-9.815388794E0;9.815408474E0
1.578527729E1;3.667373657E-2;2.933898926E-2;-9.817334747E0;9.817447086E0
1.579531829E1;5.463638306E-2;2.155517578E-2;-9.795929260E0;9.796105340E0
1.580535929E1;4.071533203E-2;-1.287322998E-2;-9.809850311E0;9.809943251E0
1.581540129E1;3.203338623E-2;-2.799179077E-2;-9.824968872E0;9.825060968E0
1.582544229E1;2.484832764E-2;-4.176315308E-2;-9.807904358E0;9.808024750E0
1.583548329E1;2.439926147E-2;-4.834945679E-2;-9.802365875E0;9.802515481E0
1.584552513E1;2.350112915E-2;-4.805007935E-2;-9.787097626E0;9.787243792E0
1.585556612E1;2.080673218E-2;-3.323089600E-2;-9.780960388E0;9.781038970E0
1.586560812E1;2.918930054E-2;-1.871109009E-2;-9.792486420E0;9.792547799E0
1.587564912E1;2.260299683E-2;-1.796264648E-2;-9.783056030E0;9.783098632E0
1.588569013E1;2.814147949E-2;-1.302291870E-2;-9.785151672E0;9.785200805E0
1.589573213E1;2.634521484E-2;-1.077758789E-2;-9.801168365E0;9.801209699E0
1.590577313E1;3.308120728E-2;-1.302291870E-2;-9.806557159E0;9.806621604E0
1.591581412E1;2.559677124E-2;-6.286926270E-3;-9.803114319E0;9.803149752E0
1.592585613E1;2.769241333E-2;-1.496887207E-3;-9.811496887E0;9.811536081E0
1.593589712E1;3.472778320E-2;-7.783813477E-3;-9.810748444E0;9.810812995E0
1.594593813E1;3.487747192E-2;-8.981323242E-3;-9.807455292E0;9.807521420E0
1.595598012E1;4.071533203E-2;7.484436035E-4;-9.807754669E0;9.807839209E0
1.596602113E1;4.565505981E-2;-1.347198486E-3;-9.813891907E0;9.813998194E0
1.597606213E1;2.140548706E-2;-1.616638184E-2;-9.809251556E0;9.809288233E0
1.598610413E1;1.871109009E-2;-2.814147949E-2;-9.803862762E0;9.803921007E0
1.599614513E1;2.185455322E-2;-3.008743286E-2;-9.818382568E0;9.818452991E0
1.600618612E1;2.035766602E-2;-3.906875610E-2;-9.821226654E0;9.821325460E0
1.601622812E1;3.772155762E-2;-2.679428101E-2;-9.819879456E0;9.819988461E0
1.602626912E1;5.433700562E-2;-1.691482544E-2;-9.816586304E0;9.816751259E0
1.603631013E1;3.128494263E-2;-1.886077881E-2;-9.823921051E0;9.823988971E0
1.604635213E1;2.574645996E-2;-5.837860107E-3;-9.841135254E0;9.841170664E0
1.605639313E1;1.706451416E-2;7.933502197E-3;-9.840237122E0;9.840255116E0
1.606643513E1;2.903961182E-2;1.047821045E-3;-9.837093658E0;9.837136577E0
1.607647613E1;2.604583740E-2;-2.395019531E-3;-9.830657043E0;9.830691839E0
1.608651712E1;3.188369751E-2;-3.098556519E-2;-9.844727783E0;9.844828175E0
1.609655912E1;2.844085693E-2;-3.667373657E-2;-9.824519806E0;9.824629421E0
1.610660012E1;3.697311401E-2;-4.924758911E-2;-9.820627899E0;9.820820977E0
1.611664113E1;4.026626587E-2;-3.517684937E-2;-9.802365875E0;9.802511695E0
1.612668312E1;1.886077881E-2;-6.137237549E-3;-9.816586304E0;9.816606341E0
1.613672413E1;2.335144043E-2;3.083587646E-2;-9.810898132E0;9.810974381E0
1.614676512E1;2.245330811E-3;5.553451538E-2;-9.798473969E0;9.798631600E0
1.615680713E1;2.245330811E-3;3.382965088E-2;-9.780211945E0;9.780270710E0
1.616684812E1;2.604583740E-2;-1.841171265E-2;-9.804910583E0;9.804962464E0
1.617688913E1;4.176315308E-2;-4.505630493E-2;-9.798473969E0;9.798666559E0
1.618693112E1;6.451583862E-2;-4.595443726E-2;-9.787247314E0;9.787567834E0
1.619697213E1;4.326004028E-2;-7.768844604E-2;-9.778565369E0;9.778969659E0
1.620701313E1;1.990859985E-2;-5.628295898E-2;-9.783804474E0;9.783986616E0
1.621705513E1;2.424957275E-2;-4.176315308E-2;-9.785750427E0;9.785869590E0
1.622709613E1;1.990859985E-2;-1.047821045E-3;-9.812095642E0;9.812115895E0
1.623713712E1;1.930984497E-2;2.874023438E-2;-9.811945953E0;9.812007046E0
1.624717912E1;3.308120728E-2;2.050735474E-2;-9.829010468E0;9.829087531E0
1.625722012E1;4.086502075E-2;1.077758789E-2;-9.833501129E0;9.833591946E0
1.626726212E1;4.475692749E-2;-1.212478638E-2;-9.844278717E0;9.844387927E0
1.627730313E1;3.442840576E-2;3.742218018E-3;-9.844877472E0;9.844938383E0
1.628734413E1;1.796264648E-2;-1.646575928E-2;-9.836644592E0;9.836674774E0
1.629738613E1;2.709365845E-2;-2.888992310E-2;-9.839638367E0;9.839718079E0
1.630742713E1;3.532653809E-2;-3.023712158E-2;-9.836345215E0;9.836455125E0
1.631746812E1;1.526824951E-2;-1.871109009E-2;-9.823471985E0;9.823501670E0
1.632751013E1;3.562591553E-2;-3.293151855E-2;-9.841584320E0;9.841703898E0
1.633755112E1;3.517684937E-2;-1.481918335E-2;-9.823621674E0;9.823695832E0
1.634759213E1;4.266128540E-2;-1.017883301E-2;-9.817334747E0;9.817432716E0
1.635763412E1;2.664459229E-2;-2.948867798E-2;-9.801617432E0;9.801698006E0
1.636767513E1;1.272354126E-2;-2.305206299E-2;-9.824070740E0;9.824106025E0
1.637771612E1;3.532653809E-2;-3.203338623E-2;-9.812844086E0;9.812959959E0
1.638775813E1;4.894821167E-2;-9.280700684E-3;-9.820777588E0;9.820903955E0
1.639779912E1;4.760101318E-2;5.538482666E-3;-9.808054047E0;9.808171120E0
1.640784013E1;3.158432007E-2;2.095642090E-3;-9.783505096E0;9.783556303E0
1.641788212E1;2.020797729E-2;-5.388793945E-3;-9.793833618E0;9.793855949E0
1.642792313E1;3.742218018E-3;-8.981323242E-3;-9.804461517E0;9.804466345E0
1.643796413E1;8.232879639E-3;-2.529739380E-2;-9.816436615E0;9.816472664E0
1.644800613E1;2.125579834E-2;-3.128494263E-2;-9.817783813E0;9.817856669E0
1.645804713E1;2.395019531E-2;-2.574645996E-2;-9.813293152E0;9.813356153E0
1.646808913E1;4.191284180E-2;-2.050735474E-2;-9.818083191E0;9.818194069E0
1.647813012E1;5.418731689E-2;-7.484436035E-3;-9.810598755E0;9.810751256E0
1.648817112E1;3.876937866E-2;-2.514770508E-2;-9.821226654E0;9.821335371E0
1.649821312E1;1.526824951E-2;-1.916015625E-2;-9.818232880E0;9.818263447E0
1.650825413E1;3.592529297E-3;-2.125579834E-2;-9.821076965E0;9.821100624E0
1.651829513E1;2.350112915E-2;-2.664459229E-2;-9.812544708E0;9.812609026E0
1.652833713E1;2.529739380E-2;-2.874023438E-2;-9.803413696E0;9.803488464E0
1.653837813E1;2.993774414E-2;-5.688171387E-3;-9.800120544E0;9.800167923E0
1.654841912E1;2.948867798E-2;6.436614990E-3;-9.800120544E0;9.800167024E0
1.655846113E1;4.041595459E-2;-1.796264648E-3;-9.802066498E0;9.802149984E0
1.656850212E1;3.038681030E-2;-4.640350342E-3;-9.802665253E0;9.802713448E0
1.657854313E1;1.706451416E-2;-2.978805542E-2;-9.800270233E0;9.800330360E0
1.658858512E1;4.191284180E-3;-3.532653809E-2;-9.816735992E0;9.816800450E0
1.659862613E1;2.469863892E-2;-1.541793823E-2;-9.816436615E0;9.816479794E0
1.660866712E1;3.802093506E-2;-1.586700439E-2;-9.826914825E0;9.827001188E0
1.661870913E1;5.583389282E-2;-3.113525391E-2;-9.796528015E0;9.796736598E0
1.662875012E1;4.610412598E-2;-1.601669312E-2;-9.794132996E0;9.794254605E0
1.663879113E1;1.706451416E-2;-5.688171387E-3;-9.807904358E0;9.807920852E0
1.664883312E1;1.347198486E-3;-2.050735474E-2;-9.804012451E0;9.804033992E0
1.665887413E1;-8.382568359E-3;-2.380050659E-2;-9.821675720E0;9.821708135E0
1.666891612E1;8.232879639E-3;7.334747314E-3;-9.819430389E0;9.819436580E0
1.667895713E1;4.430786133E-2;3.278182983E-2;-9.829010468E0;9.829165000E0
1.668899813E1;4.894821167E-2;6.885681152E-3;-9.808652802E0;9.808777351E0
1.669904013E1;6.062393188E-2;-6.586303711E-3;-9.804760895E0;9.804950527E0
1.670908112E1;3.038681030E-2;-2.484832764E-2;-9.816885681E0;9.816964158E0
1.671912212E1;2.095642090E-3;-4.370910645E-2;-9.821076965E0;9.821174453E0
1.672916412E1;1.466949463E-2;-3.727249146E-2;-9.817634125E0;9.817715836E0
1.673920513E1;2.634521484E-2;-3.098556519E-2;-9.791887665E0;9.791972131E0
1.674924613E1;3.712280273E-2;-1.347198486E-2;-9.804012451E0;9.804091990E0
1.675928813E1;4.475692749E-2;-8.831634521E-3;-9.794282684E0;9.794388928E0
1.676932913E1;4.221221924E-2;9.280700684E-3;-9.792187042E0;9.792282424E0
1.677937012E1;3.248245239E-2;-1.796264648E-3;-9.795180817E0;9.795234840E0
1.678941213E1;3.577560425E-2;-3.203338623E-2;-9.817185059E0;9.817302507E0
1.679945312E1;3.113525391E-2;-3.802093506E-2;-9.846524048E0;9.846646679E0
1.680949413E1;1.841171265E-2;-4.041595459E-2;-9.842482452E0;9.842582652E0
1.681953612E1;2.305206299E-2;-4.086502075E-2;-9.821975098E0;9.822087159E0
1.682957713E1;1.841171265E-2;-2.275268555E-2;-9.804162140E0;9.804205829E0
1.683961812E1;5.149291992E-2;2.395019531E-3;-9.807455292E0;9.807590762E0
1.684965975E1;4.311035156E-2;-7.334747314E-3;-9.791438599E0;9.791536250E0
1.685970075E1;3.547622681E-2;-8.681945801E-3;-9.790540466E0;9.790608590E0
1.686974275E1;9.879455566E-3;-1.242416382E-2;-9.815388794E0;9.815401629E0
1.687978375E1;6.885681152E-3;-6.586303711E-3;-9.826465759E0;9.826470379E0
1.688982475E1;9.131011963E-3;-1.930984497E-2;-9.827064514E0;9.827087728E0
1.689986675E1;3.233276367E-2;-1.137634277E-2;-9.800868988E0;9.800928923E0
1.690990775E1;3.173400879E-2;-7.035369873E-3;-9.776769104E0;9.776823137E0
1.691994875E1;5.508544922E-2;-1.990859985E-2;-9.803563385E0;9.803738359E0
1.692999075E1;4.819976807E-2;-2.454895020E-2;-9.827363892E0;9.827512754E0
1.694003175E1;4.490661621E-2;-2.409988403E-2;-9.817634125E0;9.817766407E0
1.695007275E1;3.397933960E-2;-2.844085693E-2;-9.811496887E0;9.811596947E0
1.696011475E1;3.487747192E-2;-2.125579834E-2;-9.809850311E0;9.809935340E0
1.697015575E1;2.589614868E-2;-7.634124756E-3;-9.812395020E0;9.812432161E0
1.698019675E1;2.874023438E-2;-1.571731567E-2;-9.820777588E0;9.820832219E0
1.699023875E1;4.430786133E-2;-2.095642090E-2;-9.817035370E0;9.817157726E0
1.700027975E1;2.709365845E-2;-3.008743286E-2;-9.811197510E0;9.811281053E0
1.701032075E1;2.484832764E-2;-2.784210205E-2;-9.821675720E0;9.821746615E0
1.702036275E1;2.155517578E-2;-3.293151855E-2;-9.795330505E0;9.795409579E0
1.703040375E1;1.407073975E-2;-1.811233521E-2;-9.805209961E0;9.805236786E0
1.704044475E1;9.580078125E-3;-1.960922241E-2;-9.806108093E0;9.806132379E0
1.705048675E1;4.445755005E-2;-2.948867798E-2;-9.811646576E0;9.811791609E0
1.706052775E1;3.772155762E-2;-8.981323242E-4;-9.816586304E0;9.816658820E0
1.707056975E1;4.026626587E-2;2.948867798E-2;-9.803114319E0;9.803241367E0
1.708061075E1;3.442840576E-2;4.340972900E-3;-9.794881439E0;9.794942908E0
1.709065175E1;8.083190918E-3;-1.766326904E-2;-9.809550934E0;9.809570167E0
1.710069375E1;9.131011963E-3;-4.834945679E-2;-9.832902374E0;9.833025483E0
1.711073475E1;1.242416382E-2;-4.595443726E-2;-9.817933502E0;9.818048911E0
1.712077575E1;4.266128540E-2;-4.894821167E-2;-9.810898132E0;9.811112989E0
1.713081775E1;6.436614990E-2;-5.119354248E-2;-9.807155914E0;9.807500747E0
1.714085875E1;5.059478760E-2;-2.724334717E-2;-9.801318054E0;9.801486501E0
1.715089975E1;2.439926147E-2;4.340972900E-3;-9.802515564E0;9.802546891E0
1.716094175E1;1.047821045E-2;-8.083190918E-3;-9.823771362E0;9.823780276E0
1.717098275E1;2.499801636E-2;1.197509766E-2;-9.820478210E0;9.820517328E0
1.718102375E1;2.859054565E-2;-2.993774414E-3;-9.826016693E0;9.826058744E0
1.719106575E1;1.945953369E-2;-7.185058594E-3;-9.803713074E0;9.803735019E0
1.720110675E1;1.766326904E-2;-2.903961182E-2;-9.817035370E0;9.817094211E0
1.721114775E1;2.619552612E-2;-2.380050659E-2;-9.806108093E0;9.806171965E0
1.722118975E1;2.993774414E-2;-2.963836670E-2;-9.818083191E0;9.818173570E0
1.723123075E1;4.505630493E-2;-1.197509766E-2;-9.806257782E0;9.806368602E0
1.724127175E1;1.960922241E-2;-2.200424194E-2;-9.816735992E0;9.816780239E0
1.725131375E1;2.200424194E-2;2.844085693E-3;-9.806108093E0;9.806133194E0
1.726135475E1;2.005828857E-2;1.796264648E-3;-9.820927277E0;9.820947924E0
1.727139675E1;2.888992310E-2;-9.131011963E-3;-9.808952179E0;9.808998973E0
1.728143775E1;3.817062378E-2;-2.125579834E-2;-9.807305603E0;9.807402918E0
1.729147875E1;5.074447632E-2;-3.966751099E-2;-9.806856537E0;9.807068045E0
1.730152075E1;3.742218018E-2;-4.116439819E-2;-9.803114319E0;9.803272172E0
1.731156175E1;2.544708252E-2;-3.442840576E-2;-9.800719299E0;9.800812806E0
1.732160275E1;1.646575928E-2;-2.649490356E-2;-9.827812958E0;9.827862465E0
1.733164475E1;1.841171265E-2;-2.335144043E-2;-9.827663269E0;9.827708258E0
1.734168575E1;8.831634521E-3;2.993774414E-4;-9.806108093E0;9.806112075E0
1.735172675E1;3.293151855E-2;1.152603149E-2;-9.807155914E0;9.807217978E0
1.736176875E1;3.847000122E-2;-4.041595459E-3;-9.793085175E0;9.793161569E0
1.737180975E1;3.742218018E-2;2.245330811E-3;-9.795480194E0;9.795551934E0
1.738185075E1;5.149291992E-2;-2.320175171E-2;-9.829309845E0;9.829472105E0
1.739189275E1;2.888992310E-2;-3.412902832E-2;-9.827214203E0;9.827315931E0
1.740193375E1;3.906875610E-2;-4.026626587E-2;-9.816286926E0;9.816447257E0
1.741197475E1;2.814147949E-2;-3.727249146E-2;-9.802066498E0;9.802177758E0
1.742201675E1;3.876937866E-2;-2.424957275E-2;-9.823322296E0;9.823428731E0
1.743205775E1;2.395019531E-2;-1.930984497E-2;-9.813891907E0;9.813940128E0
1.744209975E1;3.457809448E-2;-5.837860107E-3;-9.804162140E0;9.804224854E0
1.745214075E1;3.891906738E-2;-1.047821045E-2;-9.806557159E0;9.806639986E0
1.746218175E1;3.203338623E-2;-8.831634521E-3;-9.809101868E0;9.809158149E0
1.747222375E1;2.454895020E-2;-1.377136230E-2;-9.807155914E0;9.807196308E0
1.748226475E1;1.092727661E-2;-6.586303711E-3;-9.811796265E0;9.811804560E0
1.749230575E1;2.140548706E-2;-9.580078125E-3;-9.817334747E0;9.817362758E0
1.750234775E1;3.772155762E-2;-2.050735474E-2;-9.805060272E0;9.805154278E0
1.751238875E1;4.670288086E-2;-1.586700439E-2;-9.818083191E0;9.818207090E0
1.752242975E1;2.664459229E-2;-2.230361938E-2;-9.806557159E0;9.806618719E0
1.753247175E1;1.916015625E-2;-1.871109009E-2;-9.808952179E0;9.808988738E0
1.754251275E1;3.367996216E-2;-2.080673218E-2;-9.826765137E0;9.826844881E0
1.755255375E1;3.113525391E-2;-5.837860107E-3;-9.818232880E0;9.818283983E0
1.756259575E1;3.397933960E-2;-2.305206299E-2;-9.816286926E0;9.816372803E0
1.757263675E1;1.856140137E-2;-1.437011719E-2;-9.804760895E0;9.804788995E0
1.758267775E1;1.227447510E-2;-1.796264648E-2;-9.808802490E0;9.808826617E0
1.759271975E1;3.143463135E-2;-2.784210205E-2;-9.817933502E0;9.818023303E0
1.760276075E1;3.442840576E-2;-3.023712158E-2;-9.813592529E0;9.813699503E0
1.761280175E1;4.326004028E-2;-2.200424194E-2;-9.816735992E0;9.816855971E0
1.762284375E1;2.814147949E-2;-8.083190918E-3;-9.802515564E0;9.802559291E0
1.763288475E1;2.499801636E-2;-1.197509766E-3;-9.811945953E0;9.811977870E0
1.764292675E1;1.901046753E-2;-1.796264648E-3;-9.824819183E0;9.824837740E0
1.765296775E1;2.395019531E-2;-5.239105225E-3;-9.807155914E0;9.807186558E0
1.766300875E1;1.571731567E-2;-7.933502197E-3;-9.816735992E0;9.816751780E0
1.767305075E1;1.841171265E-2;-1.646575928E-2;-9.818232880E0;9.818263950E0
1.768309175E1;2.814147949E-2;-1.541793823E-2;-9.809251556E0;9.809304040E0
1.769313275E1;3.847000122E-2;-3.263214111E-2;-9.805359650E0;9.805489414E0
1.770317475E1;4.161346436E-2;-1.451980591E-2;-9.808054047E0;9.808153072E0
1.771321575E1;2.469863892E-2;-2.200424194E-2;-9.801916809E0;9.801972625E0
1.772325675E1;2.888992310E-2;-3.787124634E-2;-9.792785797E0;9.792901640E0
1.773329875E1;3.023712158E-2;-1.616638184E-2;-9.814191284E0;9.814251179E0
1.774333975E1;2.978805542E-2;-3.742218018E-3;-9.817185059E0;9.817230964E0
1.775338075E1;2.784210205E-2;3.293151855E-3;-9.805359650E0;9.805399731E0
1.776342275E1;2.978805542E-2;-3.442840576E-3;-9.817933502E0;9.817979295E0
1.777346375E1;3.233276367E-2;-1.197509766E-2;-9.807754669E0;9.807815275E0
1.778350475E1;2.395019531E-2;-3.263214111E-2;-9.807155914E0;9.807239448E0
1.779354675E1;2.574645996E-2;-1.541793823E-2;-9.802365875E0;9.802411813E0
1.780358775E1;1.496887207E-2;-1.856140137E-2;-9.814191284E0;9.814220252E0
1.781362875E1;3.442840576E-2;-1.571731567E-2;-9.827812958E0;9.827885830E0
1.782367075E1;3.487747192E-2;-2.993774414E-2;-9.814041595E0;9.814149232E0
1.783371175E1;4.385879517E-2;-2.829116821E-2;-9.807455292E0;9.807594164E0
1.784375354E1;2.963836670E-2;-1.766326904E-2;-9.807006226E0;9.807066918E0
1.785379454E1;2.709365845E-2;-2.050735474E-2;-9.802066498E0;9.802125394E0
1.786383554E1;8.232879639E-3;-2.469863892E-2;-9.811347198E0;9.811381740E0
1.787387754E1;2.110610962E-2;-1.586700439E-2;-9.813293152E0;9.813328677E0
1.788391854E1;2.095642090E-2;-2.170486450E-2;-9.810000000E0;9.810046395E0
1.789395954E1;2.589614868E-2;-1.871109009E-2;-9.817035370E0;9.817087357E0
1.790400154E1;2.050735474E-2;-1.811233521E-2;-9.820029144E0;9.820067261E0
1.791404254E1;4.161346436E-2;-1.811233521E-2;-9.803713074E0;9.803818122E0
1.792408354E1;3.832031250E-2;-1.047821045E-2;-9.804162140E0;9.804242628E0
1.793412554E1;5.448669434E-2;-5.688171387E-3;-9.824819183E0;9.824971916E0
1.794416654E1;3.457809448E-2;1.362167358E-2;-9.801767120E0;9.801837577E0
1.795420754E1;3.188369751E-2;-1.886077881E-2;-9.824370117E0;9.824439959E0
1.796424954E1;1.901046753E-2;-1.601669312E-2;-9.819131012E0;9.819162478E0
1.797429054E1;2.320175171E-2;-3.772155762E-2;-9.814340973E0;9.814440889E0
1.798433154E1;3.936813354E-2;-3.981719971E-2;-9.815987549E0;9.816147249E0
1.799437354E1;2.050735474E-2;-3.113525391E-2;-9.817185059E0;9.817255850E0
1.800441454E1;4.056564331E-2;-2.454895020E-2;-9.802665253E0;9.802779926E0
1.801445654E1;3.502716064E-2;-9.879455566E-3;-9.816286926E0;9.816354391E0
1.802449754E1;2.245330811E-2;1.092727661E-2;-9.810898132E0;9.810929911E0
1.803453854E1;3.547622681E-2;3.143463135E-3;-9.803713074E0;9.803777766E0
1.804458054E1;1.601669312E-2;7.334747314E-3;-9.801617432E0;9.801633262E0
1.805462154E1;-7.634124756E-3;-2.230361938E-2;-9.813592529E0;9.813620844E0
1.806466254E1;2.559677124E-2;-1.541793823E-2;-9.818232880E0;9.818278351E0
1.807470454E1;5.463638306E-2;-2.993774414E-2;-9.818532257E0;9.818729912E0
1.808474554E1;4.610412598E-2;-4.011657715E-2;-9.804012451E0;9.804202929E0
1.809478654E1;3.397933960E-2;-2.619552612E-2;-9.809550934E0;9.809644760E0
1.810482854E1;3.248245239E-2;-2.739303589E-2;-9.810149689E0;9.810241710E0
1.811486954E1;2.694396973E-2;-2.230361938E-2;-9.810449066E0;9.810511419E0
1.812491054E1;1.571731567E-2;-0.000000000E0;-9.802814941E0;9.802827542E0
1.813495254E1;2.245330811E-2;3.592529297E-3;-9.793384552E0;9.793410950E0
1.814499354E1;3.323089600E-2;-7.035369873E-3;-9.812694397E0;9.812753187E0
1.815503454E1;3.457809448E-2;-2.185455322E-2;-9.812993774E0;9.813079032E0
1.816507654E1;4.281097412E-2;-2.604583740E-2;-9.814490662E0;9.814618592E0
1.817511754E1;3.293151855E-2;-2.574645996E-2;-9.810748444E0;9.810837497E0
1.818515854E1;2.544708252E-2;-1.481918335E-2;-9.818532257E0;9.818576416E0
1.819520054E1;1.212478638E-2;-2.918930054E-2;-9.807455292E0;9.807506224E0
1.820524154E1;7.783813477E-3;-7.185058594E-3;-9.808353424E0;9.808359144E0
1.821528354E1;2.065704346E-2;-1.796264648E-3;-9.812245331E0;9.812267239E0
1.822532454E1;3.906875610E-2;-3.592529297E-3;-9.808802490E0;9.808880954E0
1.823536554E1;5.044509888E-2;7.484436035E-4;-9.801467743E0;9.801597583E0
1.824540754E1;2.155517578E-2;-3.218307495E-2;-9.808353424E0;9.808429908E0
1.825544854E1;2.888992310E-2;-3.532653809E-2;-9.801467743E0;9.801573981E0
1.826548954E1;2.933898926E-2;-5.029541016E-2;-9.798024902E0;9.798197916E0
1.827553154E1;3.128494263E-2;-2.649490356E-2;-9.803114319E0;9.803200043E0
1.828557254E1;4.101470947E-2;-2.215393066E-2;-9.808652802E0;9.808763571E0
1.829561354E1;4.176315308E-2;-3.891906738E-3;-9.797575836E0;9.797665619E0
1.830565554E1;3.367996216E-2;4.490661621E-4;-9.810598755E0;9.810656577E0
1.831569654E1;2.080673218E-2;-1.317260742E-2;-9.811197510E0;9.811228415E0
1.832573754E1;2.230361938E-2;-1.332229614E-2;-9.810748444E0;9.810782841E0
1.833577954E1;1.137634277E-2;-2.200424194E-2;-9.823322296E0;9.823353528E0
1.834582054E1;1.826202393E-2;-3.023712158E-2;-9.812395020E0;9.812458601E0
1.835586154E1;4.999603271E-2;-3.547622681E-2;-9.813293152E0;9.813484633E0
1.836590354E1;3.981719971E-2;-2.978805542E-2;-9.803264008E0;9.803390125E0
1.837594454E1;4.775070190E-2;-1.945953369E-2;-9.810299377E0;9.810434887E0
1.838598654E1;4.146377563E-2;-2.589614868E-2;-9.810449066E0;9.810570867E0
1.839602754E1;2.724334717E-2;-2.110610962E-2;-9.825567627E0;9.825628064E0
1.840606854E1;2.529739380E-2;-2.170486450E-2;-9.839937744E0;9.839994201E0
1.841611054E1;2.350112915E-2;-1.541793823E-2;-9.816436615E0;9.816476854E0
1.842615154E1;2.320175171E-2;-1.407073975E-2;-9.808353424E0;9.808390959E0
1.843619254E1;2.439926147E-2;-1.601669312E-2;-9.819879456E0;9.819922830E0
1.844623454E1;3.502716064E-2;-2.679428101E-2;-9.816436615E0;9.816535675E0
1.845627554E1;2.020797729E-2;-3.173400879E-2;-9.802515564E0;9.802587760E0
1.846631654E1;8.532257080E-3;-3.891906738E-3;-9.812245331E0;9.812249812E0
1.847635854E1;1.242416382E-2;1.526824951E-2;-9.800868988E0;9.800888756E0
1.848639954E1;3.143463135E-2;-1.496887207E-4;-9.793833618E0;9.793884066E0
1.849644054E1;5.807922363E-2;-9.131011963E-3;-9.781259766E0;9.781436458E0
1.850648254E1;4.326004028E-2;-4.490661621E-4;-9.814041595E0;9.814136950E0
1.851652354E1;2.439926147E-2;-7.933502197E-3;-9.827363892E0;9.827397383E0
1.852656454E1;1.975891113E-2;-3.218307495E-2;-9.834698639E0;9.834771145E0
1.853660654E1;1.377136230E-2;-3.742218018E-2;-9.815688171E0;9.815769167E0
1.854664754E1;1.930984497E-2;-2.694396973E-2;-9.799970856E0;9.800026919E0
1.855668854E1;3.113525391E-2;-2.963836670E-2;-9.825417938E0;9.825511971E0
1.856673054E1;3.652404785E-2;-3.682342529E-2;-9.810000000E0;9.810137103E0
1.857677154E1;4.086502075E-2;-2.739303589E-2;-9.803264008E0;9.803387452E0
1.858681354E1;1.332229614E-2;-1.766326904E-2;-9.806407471E0;9.806432428E0
1.859685454E1;-4.041595459E-3;1.945953369E-3;-9.819280701E0;9.819281725E0
1.860689554E1;3.592529297E-3;-3.143463135E-3;-9.827513580E0;9.827514740E0
1.861693754E1;2.799179077E-2;-2.185455322E-2;-9.798324280E0;9.798388636E0
1.862697854E1;4.146377563E-2;-1.496887207E-2;-9.808353424E0;9.808452488E0
1.863701954E1;4.909790039E-2;-2.993774414E-4;-9.826316071E0;9.826438735E0
1.864706154E1;4.251159668E-2;-2.993774414E-3;-9.810449066E0;9.810541630E0
1.865710254E1;2.290237427E-2;-1.841171265E-2;-9.793683929E0;9.793728014E0
1.866714354E1;3.442840576E-3;-3.697311401E-2;-9.809550934E0;9.809621215E0
1.867718554E1;1.571731567E-2;-2.978805542E-2;-9.825118561E0;9.825176288E0
1.868722654E1;3.308120728E-2;-2.829116821E-2;-9.813742218E0;9.813838753E0
1.869726754E1;5.134323120E-2;-4.191284180E-2;-9.800270233E0;9.800494348E0
1.870730954E1;2.948867798E-2;-3.487747192E-2;-9.810149689E0;9.810256008E0
1.871735054E1;2.754272461E-2;-4.011657715E-2;-9.824519806E0;9.824640317E0
1.872739154E1;2.933898926E-2;-2.484832764E-2;-9.835596771E0;9.835671917E0
1.873743354E1;1.526824951E-2;4.640350342E-3;-9.803563385E0;9.803576373E0
1.874747454E1;1.930984497E-2;-2.095642090E-3;-9.798174591E0;9.798193843E0
1.875751554E1;1.736389160E-2;2.395019531E-3;-9.793234863E0;9.793250550E0
1.876755754E1;2.963836670E-2;5.388793945E-3;-9.805509338E0;9.805555612E0
1.877759854E1;4.864883423E-2;-7.334747314E-3;-9.806407471E0;9.806530885E0
1.878764054E1;3.787124634E-2;-2.799179077E-2;-9.820178833E0;9.820291751E0
1.879768154E1;4.475692749E-2;-3.457809448E-2;-9.824370117E0;9.824532916E0
1.880772254E1;2.215393066E-2;-3.847000122E-2;-9.821825409E0;9.821925733E0
1.881776454E1;2.140548706E-2;-3.861968994E-2;-9.827363892E0;9.827463087E0
1.882780554E1;8.981323242E-3;-1.212478638E-2;-9.811047821E0;9.811059424E0
1.883784654E1;1.077758789E-2;-2.125579834E-2;-9.801617432E0;9.801646405E0
1.884788863E1;3.023712158E-2;-6.137237549E-3;-9.802665253E0;9.802713808E0
1.885792963E1;4.819976807E-2;2.260299683E-2;-9.796378326E0;9.796522976E0
1.886797062E1;4.146377563E-2;-1.347198486E-3;-9.818232880E0;9.818320525E0
1.887801263E1;3.487747192E-2;8.232879639E-3;-9.809401245E0;9.809466703E0
1.888805362E1;1.811233521E-2;-8.232879639E-3;-9.814340973E0;9.814361139E0
1.889809463E1;2.694396973E-2;-2.409988403E-2;-9.820927277E0;9.820993807E0
1.890813662E1;1.077758789E-2;-1.287322998E-2;-9.807604980E0;9.807619351E0
1.891817763E1;2.350112915E-2;-1.901046753E-2;-9.824819183E0;9.824865683E0
1.892821863E1;5.239105225E-2;-2.694396973E-2;-9.806557159E0;9.806734121E0
1.893826063E1;3.727249146E-2;-4.176315308E-2;-9.790690155E0;9.790850173E0
1.894830162E1;4.086502075E-2;-1.661544800E-2;-9.812844086E0;9.812943242E0
1.895834262E1;2.305206299E-2;-5.688171387E-3;-9.811047821E0;9.811076552E0
1.896838462E1;3.203338623E-2;-2.320175171E-2;-9.818232880E0;9.818312550E0
1.897842563E1;2.604583740E-2;2.993774414E-4;-9.785451050E0;9.785485717E0
1.898846762E1;2.559677124E-2;-7.484436035E-4;-9.818831635E0;9.818865027E0
1.899850863E1;4.715194702E-2;-2.574645996E-2;-9.826316071E0;9.826462929E0
1.900854963E1;1.945953369E-2;-1.182540894E-2;-9.814041595E0;9.814068012E0
1.901859163E1;2.050735474E-2;-2.604583740E-2;-9.814340973E0;9.814396959E0
1.902863263E1;3.128494263E-2;-1.856140137E-2;-9.800868988E0;9.800936496E0
1.903867362E1;4.550537109E-2;-2.888992310E-2;-9.793683929E0;9.793832257E0
1.904871562E1;3.622467041E-2;-3.023712158E-2;-9.824519806E0;9.824633119E0
1.905875662E1;2.814147949E-2;-4.221221924E-2;-9.821076965E0;9.821208000E0
1.906879763E1;9.131011963E-3;-3.966751099E-2;-9.813293152E0;9.813377572E0
1.907883963E1;2.544708252E-2;-1.736389160E-2;-9.823921051E0;9.823969354E0
1.908888063E1;3.278182983E-2;-1.017883301E-2;-9.811496887E0;9.811556932E0
1.909892162E1;3.502716064E-2;-8.981323242E-4;-9.813442841E0;9.813505393E0
1.910896363E1;3.128494263E-2;-8.532257080E-3;-9.812694397E0;9.812747978E0
1.911900462E1;4.281097412E-2;5.987548828E-4;-9.811646576E0;9.811739992E0
1.912904563E1;2.499801636E-2;1.002914429E-2;-9.814041595E0;9.814078557E0
1.913908762E1;1.347198486E-2;7.783813477E-3;-9.822573853E0;9.822586175E0
1.914912863E1;2.634521484E-2;-1.122665405E-2;-9.816137238E0;9.816179011E0
1.915916963E1;3.412902832E-2;-3.023712158E-2;-9.802665253E0;9.802771298E0
1.916921163E1;4.640350342E-2;-4.236190796E-2;-9.828112335E0;9.828313176E0
1.917925262E1;5.328918457E-2;-4.355941772E-2;-9.815987549E0;9.816228844E0
1.918929463E1;3.098556519E-2;-4.326004028E-2;-9.808802490E0;9.808946826E0
1.919933562E1;2.933898926E-2;-3.787124634E-2;-9.812544708E0;9.812661650E0
1.920937663E1;3.532653809E-2;1.916015625E-2;-9.826615448E0;9.826697626E0
1.921941862E1;3.173400879E-2;7.065307617E-2;-9.845176849E0;9.845481507E0
1.922945963E1;2.649490356E-2;8.532257080E-2;-9.815987549E0;9.816394118E0
1.923950063E1;2.350112915E-2;3.053649902E-2;-9.771979065E0;9.772055036E0
1.924954263E1;2.020797729E-2;-5.089416504E-3;-9.800868988E0;9.800891142E0
1.925958363E1;5.538482666E-3;-4.834945679E-2;-9.842033386E0;9.842153703E0
1.926962462E1;3.382965088E-2;-9.011260986E-2;-9.818382568E0;9.818854362E0
1.927966662E1;2.978805542E-2;-1.020877075E-1;-9.789941711E0;9.790519289E0
1.928970762E1;3.278182983E-2;-4.580474854E-2;-9.785900116E0;9.786062221E0
1.929974863E1;3.427871704E-2;6.586303711E-3;-9.806706848E0;9.806768969E0
1.930979063E1;4.879852295E-2;6.586303711E-3;-9.796228638E0;9.796352392E0
1.931983163E1;3.128494263E-2;1.122665405E-2;-9.789642334E0;9.789698760E0
1.932987262E1;2.874023438E-2;1.841171265E-2;-9.807305603E0;9.807364997E0
1.933991463E1;2.260299683E-2;2.215393066E-2;-9.823022919E0;9.823073906E0
1.934995562E1;2.335144043E-2;1.407073975E-2;-9.821825409E0;9.821863247E0
1.935999663E1;4.101470947E-2;-3.981719971E-2;-9.807155914E0;9.807322506E0
1.937003862E1;5.403762817E-2;-4.430786133E-2;-9.807904358E0;9.808153299E0
1.938007963E1;2.380050659E-2;-4.984634399E-2;-9.811646576E0;9.811802059E0
1.939012162E1;2.454895020E-2;-2.664459229E-2;-9.826615448E0;9.826682235E0
1.940016263E1;1.945953369E-2;-4.041595459E-3;-9.802665253E0;9.802685401E0
1.941020362E1;9.879455566E-3;-3.442840576E-3;-9.807455292E0;9.807460872E0
1.942024563E1;1.017883301E-2;4.490661621E-4;-9.819729767E0;9.819735053E0
1.943028662E1;1.062789917E-2;3.293151855E-3;-9.820777588E0;9.820783891E0
1.944032763E1;4.221221924E-2;-1.496887207E-2;-9.810748444E0;9.810850675E0
1.945036962E1;5.343887329E-2;-2.844085693E-2;-9.805958405E0;9.806145258E0
1.946041063E1;6.855743408E-2;-3.173400879E-2;-9.804012451E0;9.804303510E0
1.947045163E1;4.206253052E-2;-6.286926270E-3;-9.801168365E0;9.801260639E0
1.948049363E1;2.320175171E-2;-1.137634277E-2;-9.814191284E0;9.814225303E0
1.949053463E1;3.158432007E-2;-1.302291870E-2;-9.804311829E0;9.804371352E0
1.950057562E1;2.305206299E-2;-2.544708252E-2;-9.813143463E0;9.813203533E0
1.951061762E1;3.472778320E-2;-3.233276367E-2;-9.806856537E0;9.806971325E0
1.952065862E1;4.415817261E-2;-3.667373657E-2;-9.809700623E0;9.809868562E0
1.953069963E1;2.484832764E-2;-2.499801636E-2;-9.820029144E0;9.820092400E0
1.954074163E1;2.424957275E-2;-3.263214111E-2;-9.822723541E0;9.822807677E0
1.955078263E1;1.362167358E-2;-6.885681152E-3;-9.812395020E0;9.812406890E0
1.956082362E1;2.020797729E-2;-2.200424194E-2;-9.792935486E0;9.792981057E0
1.957086563E1;1.437011719E-2;-1.661544800E-2;-9.817634125E0;9.817658702E0
1.958090662E1;3.876937866E-2;1.437011719E-2;-9.819879456E0;9.819966501E0
1.959094863E1;3.592529297E-2;-3.592529297E-3;-9.800868988E0;9.800935489E0
1.960098962E1;4.176315308E-2;-5.837860107E-3;-9.799521790E0;9.799612520E0
1.961103063E1;2.754272461E-2;-3.442840576E-3;-9.802515564E0;9.802554863E0
1.962107262E1;1.272354126E-2;-1.721420288E-2;-9.810149689E0;9.810173043E0
1.963111363E1;2.215393066E-2;-2.260299683E-2;-9.826166382E0;9.826217352E0
1.964115462E1;4.131408691E-2;-3.158432007E-2;-9.818083191E0;9.818220917E0
1.965119663E1;3.308120728E-2;-1.661544800E-2;-9.815688171E0;9.815757980E0
1.966123762E1;2.365081787E-2;-2.155517578E-2;-9.810748444E0;9.810800630E0
1.967127863E1;4.086502075E-2;-3.143463135E-2;-9.807604980E0;9.807740491E0
1.968132062E1;4.146377563E-2;-2.619552612E-2;-9.824968872E0;9.825091286E0
1.969136163E1;1.422042847E-2;-1.272354126E-2;-9.821526031E0;9.821544568E0
1.970140263E1;1.990859985E-2;-2.185455322E-2;-9.816436615E0;9.816481131E0
1.971144463E1;2.709365845E-2;-1.077758789E-2;-9.793683929E0;9.793727336E0
1.972148563E1;2.574645996E-2;-7.484436035E-3;-9.807904358E0;9.807941007E0
1.973152662E1;2.829116821E-2;-1.107696533E-2;-9.816436615E0;9.816483632E0
1.974156862E1;2.933898926E-2;-1.661544800E-2;-9.815987549E0;9.816045457E0
1.975160962E1;2.963836670E-2;-3.158432007E-2;-9.810748444E0;9.810844053E0
1.976165063E1;4.296066284E-2;-3.263214111E-2;-9.808952179E0;9.809100536E0
1.977169263E1;2.350112915E-2;-3.023712158E-2;-9.811347198E0;9.811421938E0
1.978173363E1;2.365081787E-2;-1.736389160E-2;-9.809550934E0;9.809594813E0
1.979177563E1;3.397933960E-2;3.742218018E-3;-9.813143463E0;9.813203006E0
1.980181663E1;2.230361938E-2;9.131011963E-3;-9.809401245E0;9.809430851E0
1.981185762E1;2.424957275E-2;6.735992432E-3;-9.826615448E0;9.826647678E0
1.982189963E1;3.697311401E-2;4.340972900E-3;-9.831854553E0;9.831925031E0
1.983194062E1;3.996688843E-2;-7.933502197E-3;-9.827663269E0;9.827747739E0
1.984198163E1;2.978805542E-2;-1.916015625E-2;-9.817334747E0;9.817398636E0
1.985202362E1;1.077758789E-2;-3.397933960E-2;-9.812095642E0;9.812160396E0
1.986206463E1;1.556762695E-2;-3.203338623E-2;-9.813442841E0;9.813507471E0
1.987210562E1;2.933898926E-2;-5.688171387E-3;-9.828411713E0;9.828457149E0
1.988214763E1;3.472778320E-2;-2.454895020E-2;-9.802814941E0;9.802907194E0
1.989218862E1;2.859054565E-2;-2.080673218E-2;-9.805359650E0;9.805423407E0
1.990222963E1;4.191284180E-2;-6.735992432E-3;-9.800569611E0;9.800661547E0
1.991227162E1;3.996688843E-2;-8.083190918E-3;-9.818083191E0;9.818167865E0
1.992231263E1;3.218307495E-2;-6.586303711E-3;-9.816137238E0;9.816192205E0
1.993235363E1;2.095642090E-2;-1.032852173E-2;-9.811197510E0;9.811225327E0
1.994239563E1;2.395019531E-2;-8.083190918E-3;-9.801318054E0;9.801350649E0
1.995243663E1;2.275268555E-2;-1.646575928E-2;-9.804461517E0;9.804501744E0
1.996247762E1;4.281097412E-2;-1.541793823E-2;-9.792785797E0;9.792891512E0
1.997251962E1;2.290237427E-2;-8.382568359E-3;-9.799970856E0;9.800001202E0
1.998256062E1;2.350112915E-2;-2.844085693E-2;-9.814939728E0;9.815009070E0
1.999260262E1;4.086502075E-2;-7.634124756E-3;-9.816885681E0;9.816973704E0
2.000264363E1;3.652404785E-2;-2.709365845E-2;-9.813143463E0;9.813248835E0
2.001268463E1;2.799179077E-2;-4.041595459E-2;-9.813442841E0;9.813565987E0
2.002272663E1;3.562591553E-2;-2.888992310E-2;-9.815837860E0;9.815945025E0
2.003276763E1;3.577560425E-2;-1.227447510E-2;-9.818831635E0;9.818904482E0
2.004280862E1;2.290237427E-2;1.137634277E-2;-9.816885681E0;9.816918988E0
2.005285063E1;1.901046753E-2;-4.490661621E-4;-9.814490662E0;9.814509083E0
2.006289162E1;4.266128540E-2;1.257385254E-2;-9.801318054E0;9.801418963E0
2.007293263E1;1.930984497E-2;-1.092727661E-2;-9.791887665E0;9.791912802E0
2.008297462E1;1.945953369E-2;-1.736389160E-2;-9.806856537E0;9.806891216E0
2.009301563E1;2.529739380E-2;-2.649490356E-2;-9.809550934E0;9.809619333E0
2.010305662E1;3.218307495E-2;-2.769241333E-2;-9.810000000E0;9.810091876E0
2.011309863E1;4.191284180E-2;-4.415817261E-2;-9.816137238E0;9.816326039E0
2.012313962E1;3.323089600E-2;-4.101470947E-2;-9.814041595E0;9.814183559E0
2.013318062E1;2.903961182E-2;-1.556762695E-2;-9.800719299E0;9.800774685E0
2.014322262E1;3.547622681E-2;1.496887207E-4;-9.806407471E0;9.806471642E0
2.015326363E1;3.487747192E-2;2.544708252E-3;-9.807604980E0;9.807667325E0
2.016330463E1;1.751358032E-2;-7.035369873E-3;-9.826914825E0;9.826932950E0
2.017334663E1;1.047821045E-2;7.484436035E-4;-9.812395020E0;9.812400643E0
2.018338763E1;9.729766846E-3;-0.000000000E0;-9.812245331E0;9.812250155E0
2.019342963E1;2.409988403E-2;-2.125579834E-2;-9.802515564E0;9.802568235E0
2.020347062E1;4.550537109E-2;-3.038681030E-2;-9.810898132E0;9.811050722E0
2.021351162E1;2.948867798E-2;-1.691482544E-2;-9.803264008E0;9.803322952E0
2.022355362E1;2.080673218E-2;-3.517684937E-2;-9.790241089E0;9.790326394E0
2.023359463E1;1.796264648E-2;-3.562591553E-2;-9.812844086E0;9.812925197E0
2.024363563E1;4.385879517E-2;-3.667373657E-2;-9.819131012E0;9.819297449E0
2.025367763E1;3.502716064E-2;-1.661544800E-2;-9.826914825E0;9.826991298E0
2.026371863E1;2.185455322E-2;-1.062789917E-2;-9.809850311E0;9.809880412E0
2.027375962E1;2.844085693E-2;-7.933502197E-3;-9.807904358E0;9.807948803E0
2.028380163E1;1.676513672E-2;-1.047821045E-2;-9.828411713E0;9.828431597E0
2.029384262E1;2.095642090E-2;1.646575928E-3;-9.812395020E0;9.812417536E0
2.030388363E1;2.095642090E-2;-2.694396973E-2;-9.800868988E0;9.800928429E0
2.031392562E1;1.871109009E-2;-3.697311401E-2;-9.808503113E0;9.808590644E0
2.032396663E1;3.263214111E-2;-1.541793823E-2;-9.823921051E0;9.823987347E0
2.033400763E1;2.365081787E-2;-6.586303711E-3;-9.827812958E0;9.827843623E0
2.034404963E1;3.577560425E-2;2.993774414E-3;-9.795031128E0;9.795096919E0
2.035409062E1;2.799179077E-2;-1.691482544E-2;-9.801617432E0;9.801671997E0
2.036413162E1;3.517684937E-2;-2.230361938E-2;-9.823322296E0;9.823410599E0
2.037417362E1;4.520599365E-2;-2.080673218E-2;-9.810598755E0;9.810724970E0
2.038421463E1;2.874023438E-2;-2.649490356E-2;-9.810898132E0;9.810976004E0
2.039425662E1;3.367996216E-2;-1.032852173E-2;-9.801467743E0;9.801531050E0
2.040429763E1;2.245330811E-2;-1.631607056E-2;-9.817185059E0;9.817224294E0
2.041433863E1;2.350112915E-2;-1.811233521E-2;-9.801318054E0;9.801362964E0
2.042438063E1;1.871109009E-2;-7.035369873E-3;-9.805060272E0;9.805080649E0
2.043442162E1;1.945953369E-2;-4.939727783E-3;-9.818681946E0;9.818702472E0
2.044446262E1;3.397933960E-2;-1.167572021E-2;-9.802665253E0;9.802731098E0
2.045450462E1;3.412902832E-2;-4.790039062E-3;-9.822873230E0;9.822933687E0
2.046454563E1;3.457809448E-2;-1.392105103E-2;-9.831854553E0;9.831925213E0
2.047458663E1;3.847000122E-2;-2.978805542E-2;-9.811347198E0;9.811467837E0
2.048462863E1;4.924758911E-2;-4.954696655E-2;-9.790690155E0;9.790939380E0
2.049466963E1;4.206253052E-2;-2.694396973E-2;-9.815388794E0;9.815515901E0
2.050471062E1;2.634521484E-2;-1.556762695E-2;-9.819580078E0;9.819627759E0
2.051475263E1;2.005828857E-2;-2.305206299E-2;-9.805659027E0;9.805706639E0
2.052479362E1;2.978805542E-2;-9.729766846E-3;-9.817933502E0;9.817983512E0
2.053483463E1;2.499801636E-2;1.242416382E-2;-9.804760895E0;9.804800634E0
2.054487662E1;1.975891113E-2;-1.047821045E-3;-9.811945953E0;9.811965904E0
2.055491763E1;3.562591553E-2;-2.245330811E-2;-9.812245331E0;9.812335695E0
2.056495863E1;3.861968994E-2;-2.080673218E-2;-9.805958405E0;9.806056528E0
2.057500063E1;3.188369751E-2;-1.481918335E-2;-9.812095642E0;9.812158634E0
2.058504162E1;3.023712158E-2;-1.661544800E-2;-9.813442841E0;9.813503490E0
2.059508363E1;4.116439819E-2;-2.125579834E-2;-9.817035370E0;9.817144685E0
2.060512462E1;2.769241333E-2;-3.891906738E-3;-9.804910583E0;9.804950462E0
2.061516563E1;3.008743286E-2;-1.945953369E-3;-9.823921051E0;9.823967318E0
2.062520762E1;2.424957275E-2;-1.691482544E-2;-9.804162140E0;9.804206721E0
2.063524863E1;2.350112915E-2;-1.526824951E-2;-9.810149689E0;9.810189720E0
2.064528963E1;1.706451416E-2;-1.781295776E-2;-9.820777588E0;9.820808568E0
2.065533163E1;2.065704346E-2;-3.248245239E-2;-9.814041595E0;9.814117090E0
2.066537262E1;1.856140137E-2;-2.799179077E-2;-9.803862762E0;9.803920294E0
2.067541362E1;2.933898926E-2;-1.796264648E-2;-9.812844086E0;9.812904386E0
2.068545562E1;2.933898926E-2;-1.062789917E-2;-9.815688171E0;9.815737772E0
2.069549663E1;2.514770508E-2;-1.107696533E-2;-9.813592529E0;9.813631002E0
2.070553763E1;2.933898926E-2;-1.317260742E-2;-9.818382568E0;9.818435240E0
2.071557963E1;4.251159668E-2;-1.646575928E-2;-9.825417938E0;9.825523702E0
2.072562063E1;2.739303589E-2;-1.526824951E-2;-9.818382568E0;9.818432653E0
2.073566162E1;2.005828857E-2;-2.035766602E-2;-9.817634125E0;9.817675722E0
2.074570363E1;2.050735474E-2;-1.975891113E-2;-9.811347198E0;9.811388526E0
2.075574462E1;3.517684937E-2;-1.451980591E-2;-9.800419922E0;9.800493808E0
2.076578563E1;4.131408691E-2;-1.526824951E-2;-9.806856537E0;9.806955445E0
2.077582762E1;4.221221924E-2;-2.859054565E-2;-9.791139221E0;9.791271957E0
2.078586863E1;3.098556519E-2;-8.083190918E-3;-9.823921051E0;9.823973242E0
2.079591063E1;1.137634277E-2;-1.437011719E-2;-9.823921051E0;9.823938148E0
2.080595163E1;3.278182983E-2;-2.888992310E-2;-9.812694397E0;9.812791683E0
2.081599262E1;3.278182983E-2;-1.511856079E-2;-9.815688171E0;9.815754556E0
2.082603463E1;3.682342529E-2;-2.200424194E-2;-9.812844086E0;9.812937848E0
2.083607562E1;3.817062378E-2;-2.020797729E-2;-9.804910583E0;9.805005707E0
2.084611712E1;4.490661621E-2;-1.721420288E-2;-9.808203735E0;9.808321643E0
2.085615912E1;3.008743286E-2;-6.586303711E-3;-9.792336731E0;9.792385168E0
2.086620012E1;2.963836670E-2;-2.065704346E-2;-9.813891907E0;9.813958401E0
2.087624113E1;2.110610962E-2;-2.993774414E-2;-9.818083191E0;9.818151521E0
2.088628313E1;2.155517578E-2;-2.769241333E-2;-9.809700623E0;9.809763392E0
2.089632413E1;1.960922241E-2;-2.784210205E-2;-9.817334747E0;9.817393811E0
2.090636512E1;4.026626587E-2;-8.232879639E-3;-9.811047821E0;9.811133905E0
2.091640713E1;4.340972900E-2;-2.589614868E-2;-9.808353424E0;9.808483670E0
2.092644812E1;2.903961182E-2;-9.580078125E-3;-9.793683929E0;9.793731668E0
2.093648913E1;2.724334717E-2;-1.002914429E-2;-9.809700623E0;9.809743579E0
2.094653112E1;3.592529297E-2;-1.197509766E-2;-9.817783813E0;9.817856845E0
2.095657213E1;3.143463135E-2;-1.945953369E-2;-9.815837860E0;9.815907483E0
2.096661313E1;2.559677124E-2;-1.571731567E-2;-9.816885681E0;9.816931634E0
2.097665513E1;1.736389160E-2;-2.230361938E-2;-9.817933502E0;9.817974191E0
2.098669613E1;2.948867798E-2;-1.796264648E-2;-9.806856537E0;9.806917323E0
2.099673813E1;3.891906738E-2;-1.661544800E-2;-9.805209961E0;9.805301278E0
2.100677912E1;3.038681030E-2;-2.963836670E-2;-9.796078949E0;9.796170913E0
2.101682012E1;3.083587646E-2;-1.017883301E-2;-9.794731750E0;9.794785578E0
2.102686212E1;2.395019531E-2;-9.430389404E-3;-9.828411713E0;9.828445418E0
2.103690313E1;2.170486450E-2;-1.990859985E-2;-9.813592529E0;9.813636726E0
2.104694413E1;2.664459229E-2;-2.903961182E-2;-9.802665253E0;9.802744477E0
2.105698613E1;2.320175171E-2;-1.601669312E-2;-9.803862762E0;9.803903300E0
2.106702713E1;1.930984497E-2;-8.681945801E-3;-9.837991791E0;9.838014572E0
2.107706812E1;2.095642090E-2;-1.496887207E-3;-9.813742218E0;9.813764707E0
2.108711012E1;2.365081787E-2;1.496887207E-4;-9.797126770E0;9.797155318E0
2.109715112E1;4.161346436E-2;-2.005828857E-2;-9.801916809E0;9.802025666E0
2.110719213E1;3.143463135E-2;-2.035766602E-2;-9.817484436E0;9.817555868E0
2.111723413E1;5.254074097E-2;-1.751358032E-2;-9.801617432E0;9.801773897E0
2.112727513E1;3.353027344E-2;-2.454895020E-2;-9.820029144E0;9.820117073E0
2.113731612E1;4.266128540E-2;-3.951782227E-2;-9.807305603E0;9.807478006E0
2.114735813E1;4.146377563E-2;-2.709365845E-2;-9.814490662E0;9.814615645E0
2.115739912E1;2.260299683E-2;-1.706451416E-2;-9.827812958E0;9.827853765E0
2.116744013E1;3.876937866E-2;-5.239105225E-3;-9.808952179E0;9.809030195E0
2.117748212E1;2.634521484E-2;-4.041595459E-3;-9.803713074E0;9.803749305E0
2.118752313E1;2.574645996E-2;-2.335144043E-2;-9.809700623E0;9.809762203E0
2.119756413E1;2.170486450E-2;-1.242416382E-2;-9.809850311E0;9.809882190E0
2.120760613E1;3.577560425E-2;-1.377136230E-2;-9.805659027E0;9.805733960E0
2.121764713E1;2.095642090E-2;-2.948867798E-2;-9.802814941E0;9.802881695E0
2.122768913E1;3.547622681E-2;-2.125579834E-2;-9.801617432E0;9.801704681E0
2.123773012E1;3.293151855E-2;-2.709365845E-2;-9.797725525E0;9.797818329E0
2.124777112E1;3.083587646E-2;-9.280700684E-3;-9.813442841E0;9.813495675E0
2.125781312E1;3.263214111E-2;-6.286926270E-3;-9.815987549E0;9.816043803E0
2.126785413E1;2.320175171E-2;-4.939727783E-3;-9.805958405E0;9.805987097E0
2.127789513E1;3.128494263E-2;-2.200424194E-2;-9.806856537E0;9.806931124E0
2.128793713E1;2.185455322E-2;-4.790039062E-3;-9.791887665E0;9.791913225E0
2.129797813E1;1.661544800E-2;-1.916015625E-2;-9.805209961E0;9.805242759E0
2.130801912E1;2.709365845E-2;-2.095642090E-2;-9.818083191E0;9.818142940E0
2.131806112E1;3.412902832E-2;-2.574645996E-2;-9.800719299E0;9.800812541E0
2.132810212E1;3.173400879E-2;-3.023712158E-2;-9.802365875E0;9.802463878E0
2.133814313E1;2.694396973E-2;-2.065704346E-2;-9.807904358E0;9.807963121E0
2.134818512E1;2.065704346E-2;-1.691482544E-2;-9.815837860E0;9.815874170E0
2.135822613E1;2.140548706E-2;-4.939727783E-3;-9.802365875E0;9.802390492E0
2.136826712E1;1.062789917E-2;-8.232879639E-3;-9.813592529E0;9.813601738E0
2.137830913E1;2.260299683E-2;-1.856140137E-2;-9.800120544E0;9.800164188E0
2.138835012E1;4.340972900E-2;-5.089416504E-3;-9.818532257E0;9.818629537E0
2.139839113E1;3.682342529E-2;-1.526824951E-2;-9.796228638E0;9.796309744E0
2.140843312E1;3.547622681E-2;-1.347198486E-2;-9.803114319E0;9.803187768E0
2.141847413E1;2.948867798E-2;-3.592529297E-2;-9.803264008E0;9.803374185E0
2.142851612E1;3.353027344E-2;-3.143463135E-2;-9.804910583E0;9.805018305E0
2.143855713E1;2.993774414E-2;-1.017883301E-2;-9.820029144E0;9.820080054E0
2.144859813E1;3.308120728E-2;-8.831634521E-3;-9.815837860E0;9.815897578E0
2.145864013E1;2.275268555E-2;-9.280700684E-3;-9.807604980E0;9.807635763E0
2.146868112E1;2.050735474E-2;-6.586303711E-3;-9.810748444E0;9.810772088E0
2.147872212E1;2.724334717E-2;-5.089416504E-3;-9.825268250E0;9.825307338E0
2.148876412E1;2.709365845E-2;-9.580078125E-3;-9.814041595E0;9.814083670E0
2.149880513E1;4.026626587E-2;-2.649490356E-2;-9.807604980E0;9.807723426E0
2.150884613E1;2.888992310E-2;-2.589614868E-2;-9.801018677E0;9.801095466E0
2.151888813E1;2.993774414E-2;-3.652404785E-2;-9.805659027E0;9.805772750E0
2.152892913E1;2.005828857E-2;-8.232879639E-3;-9.825417938E0;9.825441862E0
2.153897012E1;2.200424194E-2;4.490661621E-3;-9.825268250E0;9.825293916E0
2.154901213E1;2.918930054E-2;-1.616638184E-2;-9.798623657E0;9.798680469E0
2.155905312E1;4.984634399E-2;-1.781295776E-2;-9.811496887E0;9.811639676E0
2.156909413E1;3.367996216E-2;-2.694396973E-3;-9.810299377E0;9.810357561E0
2.157913612E1;8.981323242E-3;-1.227447510E-2;-9.826615448E0;9.826627218E0
2.158917713E1;3.143463135E-2;-1.811233521E-2;-9.797575836E0;9.797643005E0
2.159921812E1;3.412902832E-2;-3.487747192E-2;-9.823921051E0;9.824042246E0
2.160926013E1;2.604583740E-2;-2.499801636E-2;-9.827513580E0;9.827579888E0
2.161930112E1;4.026626587E-2;-1.077758789E-2;-9.807455292E0;9.807543873E0
2.162934213E1;3.817062378E-2;-1.496887207E-3;-9.787696381E0;9.787770925E0
2.163938412E1;3.143463135E-2;-9.131011963E-3;-9.808952179E0;9.809006798E0
2.164942513E1;-1.047821045E-3;1.347198486E-2;-9.825268250E0;9.825277541E0
2.165946613E1;1.047821045E-3;-9.729766846E-3;-9.814490662E0;9.814495540E0
2.166950813E1;2.200424194E-2;-2.784210205E-2;-9.797875214E0;9.797939481E0
2.167954913E1;2.918930054E-2;-2.844085693E-2;-9.826914825E0;9.826999333E0
2.168959113E1;2.110610962E-2;-2.350112915E-2;-9.825118561E0;9.825169337E0
2.169963212E1;3.472778320E-2;-1.646575928E-2;-9.802515564E0;9.802590909E0
2.170967312E1;2.514770508E-2;-2.424957275E-2;-9.797276459E0;9.797338744E0
2.171971512E1;4.355941772E-2;-5.164260864E-2;-9.806407471E0;9.806640192E0
2.172975613E1;2.380050659E-2;-2.424957275E-2;-9.827812958E0;9.827871694E0
2.173979713E1;2.305206299E-2;-2.724334717E-2;-9.814191284E0;9.814256169E0
2.174983913E1;2.260299683E-2;-1.137634277E-2;-9.817185059E0;9.817217671E0
2.175988013E1;1.930984497E-2;1.272354126E-2;-9.805060272E0;9.805087542E0
2.176992112E1;3.338058472E-2;1.122665405E-2;-9.800719299E0;9.800782575E0
2.177996313E1;3.338058472E-2;-6.137237549E-3;-9.798174591E0;9.798233374E0
2.179000412E1;4.490661621E-2;-6.286926270E-3;-9.825118561E0;9.825223197E0
2.180004513E1;3.472778320E-2;-3.008743286E-2;-9.804162140E0;9.804269812E0
2.181008712E1;2.335144043E-2;-2.604583740E-2;-9.825867004E0;9.825929272E0
2.182012813E1;3.547622681E-2;-4.385879517E-2;-9.833950195E0;9.834111988E0
2.183016912E1;2.290237427E-2;-3.921844482E-2;-9.821376343E0;9.821481348E0
2.184021113E1;2.978805542E-2;-3.293151855E-2;-9.814191284E0;9.814291741E0
2.185025175E1;1.332229614E-2;3.742218018E-3;-9.811646576E0;9.811656334E0
2.186029275E1;8.681945801E-3;-1.197509766E-3;-9.814490662E0;9.814494575E0
2.187033475E1;3.218307495E-2;-3.143463135E-3;-9.796977081E0;9.797030446E0
2.188037575E1;2.903961182E-2;-2.170486450E-2;-9.815388794E0;9.815455750E0
2.189041675E1;1.601669312E-2;-9.280700684E-3;-9.815089417E0;9.815106873E0
2.190045875E1;1.212478638E-2;-2.784210205E-2;-9.811646576E0;9.811693571E0
2.191049975E1;2.544708252E-2;-4.206253052E-2;-9.817185059E0;9.817308149E0
2.192054075E1;2.903961182E-2;-2.874023438E-2;-9.833501129E0;9.833586007E0
2.193058275E1;3.353027344E-2;-1.227447510E-2;-9.817634125E0;9.817699056E0
2.194062375E1;3.502716064E-2;-1.751358032E-2;-9.791588287E0;9.791666601E0
2.195066575E1;3.203338623E-2;-1.706451416E-2;-9.812245331E0;9.812312458E0
2.196070675E1;2.424957275E-2;3.592529297E-3;-9.836794281E0;9.836824827E0
2.197074775E1;1.017883301E-2;-1.332229614E-2;-9.807604980E0;9.807619311E0
2.198078975E1;1.481918335E-2;-8.981323242E-3;-9.804611206E0;9.804626519E0
2.199083075E1;3.847000122E-2;-3.263214111E-2;-9.799222412E0;9.799352258E0
2.200087175E1;3.921844482E-2;-2.978805542E-2;-9.801168365E0;9.801292096E0
2.201091375E1;4.281097412E-2;-1.526824951E-2;-9.817334747E0;9.817439964E0
2.202095475E1;3.787124634E-2;-1.676513672E-2;-9.816885681E0;9.816973046E0
2.203099575E1;1.856140137E-2;-6.735992432E-3;-9.805958405E0;9.805978285E0
2.204103775E1;2.275268555E-2;-7.933502197E-3;-9.811646576E0;9.811676164E0
2.205107875E1;2.140548706E-2;-5.239105225E-3;-9.802964630E0;9.802989400E0
2.206111975E1;2.200424194E-2;-1.556762695E-2;-9.792785797E0;9.792822893E0
2.207116175E1;2.185455322E-2;-5.538482666E-3;-9.821675720E0;9.821701596E0
2.208120275E1;1.871109009E-2;-5.089416504E-3;-9.803713074E0;9.803732250E0
2.209124375E1;3.532653809E-2;-5.388793945E-3;-9.821376343E0;9.821441354E0
2.210128575E1;4.939727783E-2;-2.918930054E-2;-9.805659027E0;9.805826893E0
2.211132675E1;1.496887207E-2;-2.888992310E-2;-9.808952179E0;9.809006145E0
2.212136775E1;2.739303589E-2;-2.245330811E-2;-9.817783813E0;9.817847704E0
2.213140975E1;3.188369751E-2;-1.511856079E-2;-9.820627899E0;9.820691293E0
2.214145075E1;2.784210205E-2;-3.622467041E-2;-9.831255798E0;9.831361960E0
2.215149175E1;3.218307495E-2;-4.056564331E-2;-9.804311829E0;9.804448570E0
2.216153375E1;2.424957275E-2;-2.844085693E-2;-9.826465759E0;9.826536839E0
2.217157475E1;2.754272461E-2;-1.197509766E-2;-9.805359650E0;9.805405645E0
2.218161575E1;3.038681030E-2;8.382568359E-3;-9.801467743E0;9.801518430E0
2.219165775E1;1.826202393E-2;1.242416382E-2;-9.811347198E0;9.811372061E0
2.220169875E1;2.454895020E-2;7.634124756E-3;-9.824370117E0;9.824403754E0
2.221174075E1;9.280700684E-3;-2.185455322E-2;-9.816137238E0;9.816165953E0
2.222178175E1;2.694396973E-2;-4.176315308E-2;-9.808503113E0;9.808629030E0
2.223182275E1;2.170486450E-2;-1.766326904E-2;-9.814790039E0;9.814829932E0
2.224186475E1;3.233276367E-2;-3.367996216E-2;-9.826615448E0;9.826726358E0
2.225190575E1;1.826202393E-2;-1.990859985E-2;-9.814790039E0;9.814827220E0
2.226194675E1;2.694396973E-2;-1.107696533E-2;-9.812095642E0;9.812138888E0
2.227198875E1;2.903961182E-2;-1.422042847E-2;-9.806257782E0;9.806311091E0
2.228202975E1;3.053649902E-2;-1.451980591E-2;-9.803713074E0;9.803771383E0
2.229207075E1;2.993774414E-2;-5.837860107E-3;-9.820627899E0;9.820675266E0
2.230211275E1;2.499801636E-2;-1.212478638E-2;-9.801767120E0;9.801806496E0
2.231215375E1;1.347198486E-2;-2.095642090E-3;-9.805060272E0;9.805069751E0
2.232219475E1;-4.490661621E-4;-2.155517578E-2;-9.805359650E0;9.805383352E0
2.233223675E1;3.098556519E-2;-1.826202393E-2;-9.818681946E0;9.818747820E0
2.234227775E1;2.709365845E-2;-2.335144043E-2;-9.801617432E0;9.801682694E0
2.235231875E1;3.248245239E-2;-9.580078125E-3;-9.827962646E0;9.828020994E0
2.236236075E1;3.113525391E-2;-9.729766846E-3;-9.826615448E0;9.826669590E0
2.237240175E1;3.847000122E-2;-1.257385254E-2;-9.810000000E0;9.810083488E0
2.238244275E1;2.170486450E-2;1.197509766E-3;-9.801617432E0;9.801641537E0
2.239248475E1;1.646575928E-2;-8.831634521E-3;-9.811945953E0;9.811963744E0
2.240252575E1;2.305206299E-2;-1.437011719E-2;-9.827064514E0;9.827102058E0
2.241256675E1;1.841171265E-2;-7.035369873E-3;-9.824370117E0;9.824389889E0
2.242260875E1;2.784210205E-2;-1.541793823E-2;-9.820927277E0;9.820978845E0
2.243264975E1;3.532653809E-2;-3.218307495E-2;-9.814191284E0;9.814307631E0
2.244269075E1;2.918930054E-2;-2.529739380E-2;-9.835896149E0;9.835971992E0
2.245273275E1;3.353027344E-2;-1.077758789E-2;-9.813442841E0;9.813506041E0
2.246277375E1;2.484832764E-2;-1.197509766E-2;-9.813592529E0;9.813631294E0
2.247281575E1;2.484832764E-2;-4.790039062E-3;-9.807604980E0;9.807637628E0
2.248285675E1;3.592529297E-2;-1.886077881E-2;-9.805958405E0;9.806042351E0
2.249289775E1;3.427871704E-2;-2.245330811E-2;-9.804162140E0;9.804247776E0
2.250293975E1;2.499801636E-2;-1.137634277E-2;-9.815688171E0;9.815726596E0
2.251298075E1;3.772155762E-2;-2.529739380E-2;-9.801018677E0;9.801123914E0
2.252302175E1;4.026626587E-2;-2.664459229E-2;-9.811646576E0;9.811765378E0
2.253306375E1;2.290237427E-2;-9.729766846E-3;-9.791887665E0;9.791919282E0
2.254310475E1;1.661544800E-2;-1.601669312E-2;-9.817933502E0;9.817960626E0
2.255314575E1;1.796264648E-2;-3.203338623E-2;-9.813143463E0;9.813212187E0
2.256318775E1;4.475692749E-2;-1.826202393E-2;-9.827513580E0;9.827632464E0
2.257322875E1;2.170486450E-2;1.451980591E-2;-9.806557159E0;9.806591928E0
2.258326975E1;3.502716064E-2;3.592529297E-3;-9.816137238E0;9.816200389E0
2.259331175E1;3.188369751E-2;-7.035369873E-3;-9.813143463E0;9.813197781E0
2.260335275E1;2.409988403E-2;-1.975891113E-2;-9.808952179E0;9.809001686E0
2.261339375E1;2.694396973E-2;-1.916015625E-2;-9.821376343E0;9.821431991E0
2.262343575E1;4.266128540E-2;-3.787124634E-2;-9.813891907E0;9.814057702E0
2.263347675E1;4.864883423E-2;-2.799179077E-2;-9.821675720E0;9.821836091E0
2.264351775E1;3.502716064E-2;-2.020797729E-2;-9.824370117E0;9.824453342E0
2.265355975E1;3.682342529E-2;-1.317260742E-2;-9.803862762E0;9.803940766E0
2.266360075E1;2.664459229E-2;-6.436614990E-3;-9.815239105E0;9.815277381E0
2.267364175E1;2.005828857E-2;2.544708252E-3;-9.807305603E0;9.807326445E0
2.268368375E1;2.365081787E-2;-1.332229614E-2;-9.812544708E0;9.812582254E0
2.269372475E1;2.005828857E-2;-1.257385254E-2;-9.801617432E0;9.801646021E0
2.270376575E1;2.140548706E-2;-2.963836670E-2;-9.806257782E0;9.806325934E0
2.271380775E1;3.098556519E-2;-2.859054565E-2;-9.811047821E0;9.811138409E0
2.272384875E1;4.236190796E-2;-3.113525391E-2;-9.804611206E0;9.804752156E0
2.273388975E1;2.933898926E-2;-3.008743286E-2;-9.817783813E0;9.817873753E0
2.274393175E1;2.050735474E-2;-8.083190918E-3;-9.800270233E0;9.800295023E0
2.275397275E1;2.035766602E-2;2.993774414E-3;-9.807754669E0;9.807776254E0
2.276401375E1;3.203338623E-2;-1.002914429E-2;-9.810299377E0;9.810356803E0
2.277405575E1;4.565505981E-2;-2.095642090E-2;-9.828860779E0;9.828989153E0
2.278409675E1;3.263214111E-2;-2.664459229E-2;-9.812993774E0;9.813084205E0
2.279413875E1;2.888992310E-2;-2.499801636E-2;-9.800270233E0;9.800344697E0
2.280417975E1;4.490661621E-2;-1.571731567E-2;-9.804162140E0;9.804277582E0
2.281422075E1;3.861968994E-2;-2.305206299E-2;-9.818232880E0;9.818335896E0
2.282426275E1;1.990859985E-2;-1.631607056E-2;-9.831106110E0;9.831139807E0
2.283430375E1;2.589614868E-2;-8.083190918E-3;-9.800120544E0;9.800158092E0
2.284434475E1;4.206253052E-2;-2.245330811E-2;-9.814191284E0;9.814307106E0
2.285438692E1;2.874023438E-2;-1.736389160E-2;-9.816286926E0;9.816344356E0
2.286442792E1;2.814147949E-2;-2.799179077E-2;-9.803264008E0;9.803344362E0
2.287446892E1;3.143463135E-2;-1.511856079E-2;-9.817484436E0;9.817546402E0
2.288451092E1;3.038681030E-2;-3.158432007E-2;-9.820478210E0;9.820576012E0
2.289455192E1;1.960922241E-2;-2.020797729E-2;-9.817185059E0;9.817225441E0
2.290459292E1;2.948867798E-2;-9.430389404E-3;-9.808054047E0;9.808102910E0
2.291463492E1;2.125579834E-2;-5.688171387E-3;-9.828112335E0;9.828136967E0
2.292467592E1;1.945953369E-2;-6.735992432E-3;-9.800270233E0;9.800291868E0
2.293471692E1;2.350112915E-2;-1.751358032E-2;-9.814939728E0;9.814983489E0
2.294475892E1;2.185455322E-2;1.197509766E-3;-9.809550934E0;9.809575352E0
2.295479992E1;3.906875610E-2;-1.227447510E-2;-9.801018677E0;9.801104230E0
2.296484092E1;3.502716064E-2;-2.350112915E-2;-9.818681946E0;9.818772548E0
2.297488292E1;1.347198486E-3;-1.466949463E-2;-9.810149689E0;9.810160749E0
2.298492392E1;1.541793823E-2;-2.903961182E-2;-9.824968872E0;9.825023885E0
2.299496492E1;4.326004028E-2;-2.634521484E-2;-9.808203735E0;9.808334518E0
2.300500692E1;2.933898926E-2;-3.203338623E-2;-9.808054047E0;9.808150238E0
2.301504792E1;2.799179077E-2;-8.532257080E-3;-9.806108093E0;9.806151757E0
2.302508892E1;2.903961182E-2;-1.077758789E-2;-9.819580078E0;9.819628932E0
2.303513092E1;3.068618774E-2;-1.466949463E-2;-9.806257782E0;9.806316766E0
2.304517192E1;4.296066284E-2;-8.232879639E-3;-9.808353424E0;9.808450963E0
2.305521292E1;3.427871704E-2;-2.005828857E-2;-9.820478210E0;9.820558520E0
2.306525492E1;2.155517578E-2;-1.002914429E-2;-9.812993774E0;9.813022573E0
2.307529592E1;2.305206299E-2;-2.335144043E-2;-9.811197510E0;9.811252380E0
2.308533692E1;3.038681030E-2;-2.784210205E-2;-9.818681946E0;9.818768441E0
2.309537892E1;2.185455322E-2;-1.481918335E-2;-9.819580078E0;9.819615580E0
2.310541992E1;3.802093506E-2;-1.272354126E-2;-9.830956421E0;9.831038177E0
2.311546092E1;3.023712158E-2;-2.709365845E-2;-9.798324280E0;9.798408393E0
2.312550292E1;3.293151855E-2;-2.380050659E-2;-9.797126770E0;9.797211026E0
2.313554392E1;2.350112915E-2;-2.290237427E-2;-9.819580078E0;9.819634908E0
2.314558592E1;4.505630493E-2;-2.065704346E-2;-9.818681946E0;9.818807053E0
2.315562692E1;1.960922241E-2;-1.152603149E-2;-9.809850311E0;9.809876681E0
2.316566792E1;2.903961182E-2;5.987548828E-4;-9.812844086E0;9.812887073E0
2.317570992E1;3.203338623E-2;-3.442840576E-3;-9.804760895E0;9.804813828E0
2.318575092E1;2.320175171E-2;-8.532257080E-3;-9.804311829E0;9.804342994E0
2.319579192E1;2.544708252E-2;-1.811233521E-2;-9.825268250E0;9.825317897E0
2.320583392E1;3.308120728E-2;-1.437011719E-2;-9.815688171E0;9.815754436E0
2.321587492E1;3.323089600E-2;-2.215393066E-2;-9.817634125E0;9.817715360E0
2.322591592E1;2.724334717E-2;-2.065704346E-2;-9.814041595E0;9.814101148E0
2.323595792E1;2.529739380E-2;-1.721420288E-2;-9.828262024E0;9.828309656E0
2.324599892E1;2.844085693E-2;-2.844085693E-3;-9.803563385E0;9.803605052E0
2.325603992E1;4.430786133E-2;-1.347198486E-2;-9.810000000E0;9.810109310E0
2.326608192E1;3.772155762E-2;-8.831634521E-3;-9.810598755E0;9.810675249E0
2.327612292E1;3.592529297E-2;-3.487747192E-2;-9.800719299E0;9.800847201E0
2.328616392E1;1.721420288E-2;-4.969665527E-2;-9.807754669E0;9.807895683E0
2.329620592E1;1.122665405E-2;-3.832031250E-2;-9.814939728E0;9.815020955E0
2.330624692E1;2.200424194E-2;-3.996688843E-2;-9.799970856E0;9.800077056E0
2.331628792E1;3.832031250E-2;-1.047821045E-2;-9.821675720E0;9.821756065E0
2.332632992E1;3.861968994E-2;1.122665405E-2;-9.821076965E0;9.821159314E0
2.333637092E1;5.254074097E-2;1.077758789E-2;-9.794582062E0;9.794728912E0
2.334641192E1;3.502716064E-2;4.340972900E-3;-9.817484436E0;9.817547881E0
2.335645392E1;1.407073975E-2;-1.466949463E-2;-9.828262024E0;9.828283044E0
2.336649492E1;2.604583740E-2;-2.814147949E-2;-9.801018677E0;9.801093685E0
2.337653592E1;1.392105103E-2;-3.113525391E-2;-9.820627899E0;9.820687121E0
2.338657792E1;9.879455566E-3;-1.092727661E-2;-9.813442841E0;9.813453897E0
2.339661892E1;3.652404785E-2;-2.395019531E-3;-9.815089417E0;9.815157665E0
2.340665992E1;4.580474854E-2;-2.050735474E-2;-9.805359650E0;9.805488080E0
2.341670192E1;3.637435913E-2;-1.227447510E-2;-9.810149689E0;9.810224802E0
2.342674292E1;2.155517578E-2;-3.293151855E-3;-9.822573853E0;9.822598055E0
2.343678392E1;1.766326904E-2;-5.837860107E-3;-9.803862762E0;9.803880412E0
2.344682592E1;2.290237427E-2;-1.945953369E-2;-9.794881439E0;9.794927544E0
2.345686692E1;9.580078125E-3;-1.856140137E-2;-9.808054047E0;9.808076289E0
2.346690792E1;9.879455566E-3;-6.286926270E-3;-9.816137238E0;9.816144222E0
2.347694992E1;1.945953369E-2;-1.451980591E-2;-9.819729767E0;9.819759783E0
2.348699092E1;4.400848389E-2;-3.861968994E-2;-9.808652802E0;9.808827555E0
2.349703192E1;4.475692749E-2;-3.068618774E-2;-9.811347198E0;9.811497270E0
2.350707392E1;3.532653809E-2;-5.089416504E-3;-9.813143463E0;9.813208369E0
2.351711492E1;1.886077881E-2;-8.831634521E-3;-9.823621674E0;9.823643749E0
2.352715592E1;4.445755005E-2;-9.131011963E-3;-9.806108093E0;9.806213122E0
2.353719792E1;1.706451416E-2;-1.227447510E-2;-9.814490662E0;9.814513172E0
2.354723892E1;1.167572021E-2;-1.646575928E-3;-9.813742218E0;9.813749302E0
2.355727992E1;3.323089600E-2;-1.002914429E-2;-9.815688171E0;9.815749546E0
2.356732192E1;2.200424194E-2;-4.490661621E-3;-9.811496887E0;9.811522589E0
2.357736292E1;2.439926147E-2;-1.272354126E-2;-9.819430389E0;9.819468946E0
2.358740392E1;2.754272461E-2;-1.137634277E-2;-9.818831635E0;9.818876855E0
2.359744592E1;3.757186890E-2;-4.191284180E-2;-9.799521790E0;9.799683446E0
2.360748692E1;3.382965088E-2;-3.652404785E-2;-9.816436615E0;9.816562854E0
2.361752892E1;3.457809448E-2;-3.802093506E-2;-9.836943970E0;9.837078220E0
2.362756992E1;1.257385254E-2;-3.772155762E-2;-9.816137238E0;9.816217769E0
2.363761092E1;1.646575928E-2;-1.107696533E-2;-9.811796265E0;9.811816333E0
2.364765292E1;4.266128540E-2;3.293151855E-3;-9.814790039E0;9.814883308E0
2.365769392E1;4.116439819E-2;-2.844085693E-3;-9.814640350E0;9.814727088E0
2.366773492E1;4.490661621E-2;-6.735992432E-3;-9.803413696E0;9.803518862E0
2.367777692E1;3.278182983E-2;-1.556762695E-2;-9.815688171E0;9.815755258E0
2.368781792E1;-5.987548828E-4;-1.676513672E-2;-9.806856537E0;9.806870885E0
2.369785892E1;2.844085693E-2;-3.667373657E-2;-9.810000000E0;9.810109777E0
2.370790092E1;3.682342529E-2;-3.382965088E-2;-9.818083191E0;9.818210527E0
2.371794192E1;4.041595459E-3;1.377136230E-2;-9.816286926E0;9.816297418E0
2.372798292E1;2.424957275E-2;1.272354126E-2;-9.807006226E0;9.807044460E0
2.373802492E1;5.508544922E-2;-0.000000000E0;-9.776020660E0;9.776175856E0
2.374806592E1;4.954696655E-2;-1.796264648E-2;-9.786349182E0;9.786491091E0
2.375810692E1;4.011657715E-2;-2.140548706E-2;-9.834998016E0;9.835103127E0
2.376814892E1;9.580078125E-3;-1.242416382E-2;-9.843530273E0;9.843542776E0
2.377818992E1;9.580078125E-3;-2.185455322E-2;-9.806407471E0;9.806436503E0
2.378823092E1;2.829116821E-2;-2.739303589E-2;-9.790989532E0;9.791068726E0
2.379827292E1;1.272354126E-2;-3.083587646E-2;-9.810299377E0;9.810356090E0
2.380831392E1;4.101470947E-2;-1.841171265E-2;-9.824519806E0;9.824622670E0
2.381835492E1;4.251159668E-2;-7.334747314E-3;-9.813891907E0;9.813986723E0
2.382839692E1;3.667373657E-2;-3.173400879E-2;-9.806407471E0;9.806527392E0
2.383843792E1;2.784210205E-2;-2.260299683E-2;-9.816137238E0;9.816202746E0
2.384848154E1;3.173400879E-2;-2.035766602E-2;-9.801767120E0;9.801839632E0
2.385852354E1;9.131011963E-3;-1.362167358E-2;-9.807604980E0;9.807618691E0
2.386856454E1;1.332229614E-2;-3.113525391E-2;-9.801767120E0;9.801825624E0
2.387860554E1;2.754272461E-2;-1.317260742E-2;-9.815538483E0;9.815585964E0
2.388864754E1;2.769241333E-2;-1.362167358E-2;-9.810449066E0;9.810497607E0
2.389868854E1;3.742218018E-2;-7.334747314E-3;-9.812844086E0;9.812918183E0
2.390872954E1;5.059478760E-2;-1.960922241E-2;-9.802814941E0;9.802965119E0
2.391877154E1;3.023712158E-2;-2.215393066E-2;-9.810449066E0;9.810520677E0
2.392881254E1;2.484832764E-2;-7.783813477E-3;-9.808353424E0;9.808387988E0
2.393885354E1;1.347198486E-2;-1.960922241E-2;-9.829758911E0;9.829787702E0
2.394889554E1;2.769241333E-2;-1.960922241E-2;-9.816137238E0;9.816195885E0
2.395893654E1;2.679428101E-2;-3.128494263E-2;-9.810000000E0;9.810086477E0
2.396897754E1;4.400848389E-2;-1.466949463E-2;-9.813742218E0;9.813851857E0
2.397901954E1;3.966751099E-2;-5.837860107E-3;-9.816436615E0;9.816518497E0
2.398906054E1;3.008743286E-2;-5.837860107E-3;-9.810149689E0;9.810197564E0
2.399910154E1;1.107696533E-2;-1.227447510E-2;-9.800719299E0;9.800733245E0
2.400914354E1;2.290237427E-2;-1.437011719E-2;-9.801318054E0;9.801355346E0
2.401918454E1;2.080673218E-2;-3.008743286E-2;-9.809401245E0;9.809469454E0
2.402922554E1;4.056564331E-2;-2.469863892E-2;-9.827064514E0;9.827179278E0
2.403926754E1;5.298980713E-2;-3.008743286E-2;-9.805209961E0;9.805399306E0
2.404930854E1;2.484832764E-2;-3.038681030E-2;-9.803413696E0;9.803492281E0
2.405934954E1;1.392105103E-2;4.939727783E-3;-9.810598755E0;9.810609875E0
2.406939154E1;2.365081787E-2;-2.155517578E-2;-9.810299377E0;9.810351567E0
2.407943254E1;2.799179077E-2;-1.916015625E-2;-9.810449066E0;9.810507710E0
2.408947354E1;2.799179077E-2;-1.691482544E-2;-9.789193268E0;9.789247902E0
2.409951554E1;3.502716064E-2;1.197509766E-3;-9.813143463E0;9.813206049E0
2.410955654E1;2.275268555E-2;-1.975891113E-2;-9.832602997E0;9.832649175E0
2.411959754E1;3.053649902E-2;-3.817062378E-2;-9.798773346E0;9.798895272E0
2.412963954E1;2.050735474E-2;-1.975891113E-2;-9.813891907E0;9.813933224E0
2.413968054E1;3.308120728E-2;-1.526824951E-2;-9.811347198E0;9.811414849E0
2.414972154E1;4.445755005E-2;-1.556762695E-2;-9.804461517E0;9.804574671E0
2.415976354E1;6.062393188E-2;-3.218307495E-2;-9.790241089E0;9.790481683E0
2.416980454E1;4.266128540E-2;-8.382568359E-3;-9.807155914E0;9.807252285E0
2.417984554E1;2.604583740E-2;-2.694396973E-3;-9.816586304E0;9.816621226E0
2.418988754E1;9.280700684E-3;5.538482666E-3;-9.833501129E0;9.833507068E0
2.419992854E1;-1.197509766E-3;-2.095642090E-3;-9.828262024E0;9.828262320E0
2.420996954E1;1.197509766E-2;-7.185058594E-3;-9.803413696E0;9.803423643E0
2.422001154E1;2.380050659E-2;-1.751358032E-2;-9.802515564E0;9.802560103E0
2.423005254E1;5.284011841E-2;-2.664459229E-2;-9.817185059E0;9.817363418E0
2.424009354E1;6.780899048E-2;-1.571731567E-2;-9.806257782E0;9.806504820E0
2.425013554E1;2.948867798E-2;-1.945953369E-2;-9.810149689E0;9.810213309E0
2.426017654E1;1.826202393E-2;-3.607498169E-2;-9.815538483E0;9.815621764E0
2.427021754E1;2.335144043E-2;-3.547622681E-2;-9.829160156E0;9.829251916E0
2.428025954E1;9.280700684E-3;-7.035369873E-3;-9.821226654E0;9.821233559E0
2.429030054E1;8.083190918E-3;9.580078125E-3;-9.807305603E0;9.807313613E0
2.430034254E1;3.218307495E-2;5.987548828E-3;-9.799222412E0;9.799277090E0
2.431038354E1;7.125183105E-2;1.287322998E-2;-9.796677704E0;9.796945268E0
2.432042454E1;4.924758911E-2;-1.152603149E-2;-9.825118561E0;9.825248745E0
2.433046654E1;3.023712158E-2;-2.050735474E-2;-9.818681946E0;9.818749920E0
2.434050754E1;2.604583740E-2;-3.936813354E-2;-9.817783813E0;9.817897292E0
2.435054854E1;1.242416382E-2;-3.832031250E-2;-9.803862762E0;9.803945526E0
2.436059054E1;1.451980591E-2;-1.811233521E-2;-9.808203735E0;9.808231206E0
2.437063154E1;1.990859985E-2;-2.454895020E-2;-9.808353424E0;9.808404350E0
2.438067254E1;3.667373657E-2;-2.365081787E-2;-9.805359650E0;9.805456755E0
2.439071454E1;4.595443726E-2;-1.945953369E-2;-9.827214203E0;9.827340916E0
2.440075554E1;3.966751099E-2;2.993774414E-4;-9.818382568E0;9.818462703E0
2.441079654E1;2.395019531E-2;8.681945801E-3;-9.814790039E0;9.814823101E0
2.442083854E1;-2.993774414E-4;-6.436614990E-3;-9.800270233E0;9.800272351E0
2.443087954E1;-1.107696533E-2;-1.092727661E-2;-9.810299377E0;9.810311717E0
2.444092054E1;1.871109009E-2;-8.981323242E-4;-9.815239105E0;9.815256981E0
2.445096254E1;4.296066284E-2;-1.257385254E-2;-9.803862762E0;9.803964952E0
2.446100354E1;5.733078003E-2;-3.652404785E-2;-9.792636108E0;9.792872039E0
2.447104454E1;4.625381470E-2;-3.083587646E-2;-9.827214203E0;9.827371432E0
2.448108654E1;4.296066284E-2;-2.874023438E-2;-9.810299377E0;9.810435541E0
2.449112754E1;1.377136230E-2;-1.646575928E-2;-9.815538483E0;9.815561954E0
2.450116854E1;8.981323242E-3;-9.131011963E-3;-9.808952179E0;9.808960541E0
2.451121054E1;1.960922241E-2;-1.257385254E-2;-9.817634125E0;9.817661760E0
2.452125154E1;3.367996216E-2;-5.688171387E-3;-9.792785797E0;9.792845366E0
2.453129254E1;2.020797729E-2;-1.212478638E-2;-9.794282684E0;9.794311036E0
2.454133454E1;4.385879517E-2;-2.155517578E-2;-9.818382568E0;9.818504187E0
2.455137554E1;5.328918457E-2;-3.951782227E-2;-9.828561401E0;9.828785307E0
2.456141654E1;3.263214111E-2;-3.293151855E-2;-9.794432373E0;9.794542095E0
2.457145854E1;3.367996216E-2;-5.089416504E-3;-9.796677704E0;9.796736920E0
2.458149954E1;1.122665405E-2;-3.592529297E-3;-9.820777588E0;9.820784662E0
2.459154054E1;2.200424194E-2;4.340972900E-3;-9.818681946E0;9.818707562E0
2.460158254E1;4.445755005E-2;-1.017883301E-2;-9.793085175E0;9.793191376E0
2.461162354E1;4.535568237E-2;-2.529739380E-2;-9.797575836E0;9.797713476E0
2.462166454E1;2.290237427E-2;-1.541793823E-2;-9.816137238E0;9.816176063E0
2.463170654E1;1.930984497E-2;-1.736389160E-2;-9.828112335E0;9.828146644E0
2.464174754E1;2.095642090E-2;-2.754272461E-2;-9.815987549E0;9.816048560E0
2.465178854E1;4.326004028E-2;-3.562591553E-2;-9.792935486E0;9.793095837E0
2.466183054E1;2.993774414E-2;-2.050735474E-2;-9.802665253E0;9.802732419E0
2.467187154E1;4.206253052E-2;-5.837860107E-3;-9.808802490E0;9.808894414E0
2.468191254E1;2.948867798E-2;-1.227447510E-2;-9.801168365E0;9.801220412E0
2.469195454E1;1.721420288E-2;-1.496887207E-3;-9.801018677E0;9.801033908E0
2.470199554E1;1.212478638E-2;-1.257385254E-2;-9.803563385E0;9.803578946E0
2.471203654E1;3.053649902E-2;-1.287322998E-2;-9.815688171E0;9.815744112E0
2.472207854E1;2.185455322E-2;-4.640350342E-3;-9.818831635E0;9.818857053E0
2.473211954E1;3.547622681E-2;-2.484832764E-2;-9.798024902E0;9.798120636E0
2.474216054E1;4.400848389E-2;-1.706451416E-2;-9.810449066E0;9.810562615E0
2.475220254E1;1.107696533E-2;-1.871109009E-2;-9.816735992E0;9.816760074E0
2.476224354E1;3.143463135E-2;-1.407073975E-2;-9.807155914E0;9.807216386E0
2.477228454E1;3.338058472E-2;-5.538482666E-3;-9.805659027E0;9.805717408E0
2.478232654E1;2.305206299E-2;-1.422042847E-2;-9.816137238E0;9.816174605E0
2.479236754E1;3.382965088E-2;-6.735992432E-3;-9.827214203E0;9.827274740E0
2.480240854E1;2.065704346E-2;-2.245330811E-2;-9.812395020E0;9.812442453E0
2.481245054E1;2.230361938E-2;-2.230361938E-2;-9.801767120E0;9.801817871E0
2.482249154E1;3.382965088E-2;-2.320175171E-2;-9.823471985E0;9.823557635E0
2.483253254E1;2.095642090E-2;-9.430389404E-3;-9.816885681E0;9.816912579E0
2.484257454E1;3.158432007E-2;-3.293151855E-3;-9.810748444E0;9.810799837E0
2.485261287E1;4.326004028E-2;-1.556762695E-2;-9.810299377E0;9.810407110E0
2.486265388E1;3.248245239E-2;-1.871109009E-2;-9.816735992E0;9.816807565E0
2.487269587E1;3.323089600E-2;-2.065704346E-2;-9.806856537E0;9.806934594E0
2.488273688E1;2.933898926E-2;-2.679428101E-2;-9.809850311E0;9.809930776E0
2.489277788E1;2.335144043E-2;-1.481918335E-2;-9.829908600E0;9.829947506E0
2.490281988E1;3.382965088E-2;-3.233276367E-2;-9.806407471E0;9.806519124E0
2.491286088E1;3.667373657E-2;-1.077758789E-2;-9.802216187E0;9.802290716E0
2.492290187E1;3.113525391E-2;-1.721420288E-2;-9.804162140E0;9.804226690E0
2.493294387E1;1.945953369E-2;-2.050735474E-2;-9.800120544E0;9.800161321E0
2.494298487E1;2.050735474E-2;-5.987548828E-4;-9.816286926E0;9.816308366E0
2.495302588E1;3.517684937E-2;-1.107696533E-2;-9.815538483E0;9.815607766E0
2.496306788E1;3.397933960E-2;-1.496887207E-2;-9.807006226E0;9.807076515E0
2.497310888E1;2.978805542E-2;-1.751358032E-2;-9.815987549E0;9.816048371E0
2.498314987E1;3.966751099E-2;-9.580078125E-3;-9.812844086E0;9.812928938E0
2.499319188E1;4.026626587E-2;-2.215393066E-2;-9.801467743E0;9.801575490E0
2.500323287E1;4.086502075E-2;-1.437011719E-2;-9.814340973E0;9.814436570E0
2.501327388E1;2.769241333E-2;-9.131011963E-3;-9.807604980E0;9.807648327E0
2.502331587E1;3.412902832E-2;-1.451980591E-2;-9.811197510E0;9.811267614E0
2.503335688E1;3.427871704E-2;-2.335144043E-2;-9.804910583E0;9.804998311E0
2.504339788E1;2.589614868E-2;-1.676513672E-2;-9.814490662E0;9.814539145E0
2.505343988E1;2.320175171E-2;-1.257385254E-2;-9.801018677E0;9.801054205E0
2.506348087E1;2.754272461E-2;-1.901046753E-2;-9.810000000E0;9.810057084E0
2.507352187E1;2.215393066E-2;-1.422042847E-2;-9.809700623E0;9.809735946E0
2.508356387E1;2.844085693E-2;-2.814147949E-2;-9.792785797E0;9.792867532E0
2.509360488E1;2.245330811E-2;-2.544708252E-2;-9.804910583E0;9.804969314E0
2.510364588E1;2.739303589E-2;-1.781295776E-2;-9.812245331E0;9.812299736E0
2.511368788E1;3.308120728E-2;-9.580078125E-3;-9.817334747E0;9.817395158E0
2.512372888E1;2.709365845E-2;-1.586700439E-2;-9.814191284E0;9.814241509E0
2.513376987E1;3.517684937E-2;-6.586303711E-3;-9.812095642E0;9.812160908E0
2.514381188E1;3.697311401E-2;-1.886077881E-2;-9.799970856E0;9.800058750E0
2.515385287E1;2.918930054E-2;-1.601669312E-2;-9.813742218E0;9.813798697E0
2.516389388E1;3.053649902E-2;-1.811233521E-2;-9.823771362E0;9.823835519E0
2.517393587E1;3.323089600E-2;-1.317260742E-2;-9.815538483E0;9.815603574E0
2.518397688E1;1.826202393E-2;-1.751358032E-2;-9.811646576E0;9.811679202E0
2.519401788E1;2.799179077E-2;-1.451980591E-2;-9.812993774E0;9.813044440E0
2.520405988E1;2.305206299E-2;-2.305206299E-2;-9.816286926E0;9.816341060E0
2.521410087E1;3.382965088E-2;-3.308120728E-2;-9.814640350E0;9.814754404E0
2.522414187E1;3.487747192E-2;-2.888992310E-2;-9.810449066E0;9.810553600E0
2.523418387E1;2.574645996E-2;-2.933898926E-2;-9.813742218E0;9.813819846E0
2.524422488E1;1.960922241E-2;-1.002914429E-2;-9.812095642E0;9.812120362E0
2.525426588E1;3.412902832E-2;-1.167572021E-2;-9.808054047E0;9.808120375E0
2.526430788E1;3.353027344E-2;-7.484436035E-3;-9.800719299E0;9.800779514E0
2.527434888E1;2.799179077E-2;-2.095642090E-2;-9.815239105E0;9.815301391E0
2.528438987E1;2.574645996E-2;-1.317260742E-2;-9.811347198E0;9.811389822E0
2.529443187E1;2.814147949E-2;-2.754272461E-2;-9.818232880E0;9.818311842E0
2.530447287E1;2.080673218E-2;-2.694396973E-2;-9.811197510E0;9.811256570E0
2.531451388E1;2.215393066E-2;-2.155517578E-2;-9.815388794E0;9.815437463E0
2.532455588E1;3.083587646E-2;-1.661544800E-2;-9.813442841E0;9.813505353E0
2.533459688E1;3.682342529E-2;-1.661544800E-2;-9.800270233E0;9.800353498E0
2.534463787E1;2.918930054E-2;-1.002914429E-2;-9.810898132E0;9.810946680E0
2.535467988E1;3.667373657E-2;1.496887207E-3;-9.818382568E0;9.818451174E0
2.536472087E1;2.844085693E-2;-1.017883301E-2;-9.811047821E0;9.811094324E0
2.537476188E1;3.218307495E-2;-7.634124756E-3;-9.804311829E0;9.804367622E0
2.538480387E1;2.529739380E-2;-2.245330811E-2;-9.809700623E0;9.809758938E0
2.539484488E1;2.215393066E-2;-2.260299683E-2;-9.815987549E0;9.816038572E0
2.540488588E1;2.784210205E-2;-2.874023438E-2;-9.805659027E0;9.805740673E0
2.541492788E1;1.916015625E-2;-3.861968994E-2;-9.809101868E0;9.809196605E0
2.542496888E1;3.891906738E-2;-2.245330811E-2;-9.807006226E0;9.807109154E0
2.543500987E1;4.011657715E-2;-2.020797729E-2;-9.811496887E0;9.811599710E0
2.544505187E1;2.769241333E-2;-1.930984497E-2;-9.817783813E0;9.817841858E0
2.545509287E1;2.664459229E-2;-7.484436035E-3;-9.815089417E0;9.815128435E0
2.546513388E1;1.811233521E-2;-1.871109009E-2;-9.802066498E0;9.802101091E0
2.547517588E1;3.338058472E-2;-2.245330811E-2;-9.802066498E0;9.802149052E0
2.548521688E1;3.382965088E-2;-5.089416504E-3;-9.801617432E0;9.801677133E0
2.549525787E1;3.936813354E-2;-1.706451416E-2;-9.811496887E0;9.811590708E0
2.550529988E1;3.278182983E-2;-2.335144043E-2;-9.828112335E0;9.828194748E0
2.551534087E1;2.814147949E-2;-2.874023438E-2;-9.815089417E0;9.815171837E0
2.552538188E1;2.694396973E-2;-9.131011963E-3;-9.801467743E0;9.801509030E0
2.553542387E1;2.350112915E-2;-6.586303711E-3;-9.801318054E0;9.801348442E0
2.554546488E1;3.143463135E-2;-7.933502197E-3;-9.815837860E0;9.815891400E0
2.555550588E1;3.547622681E-2;-4.790039062E-3;-9.803413696E0;9.803479056E0
2.556554788E1;3.532653809E-2;-3.188369751E-2;-9.804910583E0;9.805026062E0
2.557558887E1;2.469863892E-2;-1.856140137E-2;-9.811047821E0;9.811096468E0
2.558562987E1;2.215393066E-2;-3.023712158E-2;-9.810598755E0;9.810670365E0
2.559567187E1;2.005828857E-2;-2.185455322E-2;-9.811047821E0;9.811092666E0
2.560571288E1;3.338058472E-2;-1.556762695E-2;-9.812095642E0;9.812164772E0
2.561575388E1;2.799179077E-2;-2.395019531E-2;-9.807754669E0;9.807823857E0
2.562579588E1;3.083587646E-2;-4.939727783E-3;-9.825417938E0;9.825467567E0
2.563583688E1;2.365081787E-2;4.790039062E-3;-9.815388794E0;9.815418457E0
2.564587787E1;2.305206299E-2;3.293151855E-3;-9.804012451E0;9.804040105E0
2.565591988E1;2.065704346E-2;-1.407073975E-2;-9.807006226E0;9.807038075E0
2.566596087E1;1.302291870E-2;-2.320175171E-2;-9.805958405E0;9.805994501E0
2.567600188E1;2.948867798E-2;-2.888992310E-2;-9.800270233E0;9.800357180E0
2.568604387E1;2.035766602E-2;-3.293151855E-2;-9.815239105E0;9.815315462E0
2.569608488E1;2.903961182E-2;-2.170486450E-2;-9.814939728E0;9.815006687E0
2.570612588E1;3.847000122E-2;-2.125579834E-2;-9.810149689E0;9.810248145E0
2.571616788E1;2.080673218E-2;-1.032852173E-2;-9.827513580E0;9.827541034E0
2.572620887E1;2.544708252E-2;-4.790039062E-3;-9.805659027E0;9.805693216E0
2.573624987E1;9.280700684E-3;-5.837860107E-3;-9.817185059E0;9.817191181E0
2.574629187E1;3.233276367E-2;-8.232879639E-3;-9.810598755E0;9.810655489E0
2.575633288E1;3.667373657E-2;-4.041595459E-3;-9.829758911E0;9.829828155E0
2.576637388E1;2.799179077E-2;3.442840576E-3;-9.811945953E0;9.811986485E0
2.577641588E1;9.729766846E-3;-1.796264648E-2;-9.815837860E0;9.815859118E0
2.578645688E1;2.559677124E-2;-2.829116821E-2;-9.826316071E0;9.826390136E0
2.579649787E1;3.098556519E-2;-1.856140137E-2;-9.816137238E0;9.816203691E0
2.580653987E1;2.784210205E-2;-1.751358032E-2;-9.816885681E0;9.816940785E0
2.581658087E1;3.637435913E-2;-1.481918335E-2;-9.806108093E0;9.806186753E0
2.582662188E1;2.020797729E-2;-2.005828857E-2;-9.809550934E0;9.809592256E0
2.583666388E1;3.053649902E-2;-2.649490356E-2;-9.814041595E0;9.814124866E0
2.584670488E1;2.350112915E-2;-2.754272461E-2;-9.801318054E0;9.801384928E0
2.585674575E1;1.706451416E-2;-1.856140137E-2;-9.819879456E0;9.819911825E0
2.586678775E1;3.203338623E-2;-1.990859985E-2;-9.804012451E0;9.804084997E0
2.587682875E1;3.173400879E-2;-2.275268555E-2;-9.815239105E0;9.815316777E0
2.588686975E1;4.116439819E-2;-1.272354126E-2;-9.818083191E0;9.818177730E0
2.589691175E1;3.323089600E-2;-2.110610962E-2;-9.807305603E0;9.807384613E0
2.590695275E1;4.535568237E-2;-1.826202393E-2;-9.810748444E0;9.810870281E0
2.591699375E1;2.544708252E-2;-1.017883301E-2;-9.815388794E0;9.815427058E0
2.592703575E1;1.781295776E-2;-1.496887207E-2;-9.824968872E0;9.824996423E0
2.593707675E1;3.487747192E-2;-1.901046753E-2;-9.815538483E0;9.815618857E0
2.594711775E1;2.215393066E-2;-2.305206299E-2;-9.807305603E0;9.807357717E0
2.595715975E1;3.158432007E-2;-1.377136230E-2;-9.826914825E0;9.826975232E0
2.596720075E1;4.460723877E-2;-8.532257080E-3;-9.813143463E0;9.813248557E0
2.597724175E1;2.709365845E-2;-2.020797729E-2;-9.806706848E0;9.806765095E0
2.598728375E1;4.221221924E-2;-1.826202393E-2;-9.806706848E0;9.806814701E0
2.599732475E1;2.709365845E-2;-1.616638184E-2;-9.801617432E0;9.801668210E0
2.600736575E1;1.736389160E-2;-1.841171265E-2;-9.816586304E0;9.816618927E0
2.601740775E1;2.260299683E-2;-1.871109009E-2;-9.823921051E0;9.823964873E0
2.602744875E1;2.679428101E-2;-3.592529297E-3;-9.811646576E0;9.811683819E0
2.603748975E1;3.098556519E-2;8.981323242E-4;-9.800120544E0;9.800169570E0
2.604753175E1;3.098556519E-2;-1.437011719E-2;-9.802365875E0;9.802425381E0
2.605757275E1;3.173400879E-2;-1.796264648E-2;-9.807904358E0;9.807972145E0
2.606761375E1;2.020797729E-2;-2.260299683E-2;-9.814640350E0;9.814687181E0
2.607765575E1;2.110610962E-2;-3.787124634E-2;-9.822124786E0;9.822220473E0
2.608769675E1;3.652404785E-2;-2.888992310E-2;-9.816586304E0;9.816696761E0
2.609773775E1;3.412902832E-2;-1.990859985E-2;-9.813742218E0;9.813821756E0
2.610777975E1;2.784210205E-2;-4.640350342E-3;-9.805509338E0;9.805549964E0
2.611782075E1;2.469863892E-2;-5.388793945E-3;-9.800419922E0;9.800452526E0
2.612786175E1;3.382965088E-2;-7.484436035E-3;-9.805659027E0;9.805720240E0
2.613790375E1;2.454895020E-2;-1.362167358E-2;-9.802216187E0;9.802256392E0
2.614794475E1;3.457809448E-2;-1.302291870E-2;-9.817035370E0;9.817104904E0
2.615798575E1;2.814147949E-2;-7.783813477E-3;-9.823022919E0;9.823066313E0
2.616802775E1;1.242416382E-2;-2.170486450E-2;-9.822723541E0;9.822755379E0
2.617806875E1;2.948867798E-2;-1.736389160E-2;-9.827214203E0;9.827273787E0
2.618810975E1;2.829116821E-2;-2.215393066E-2;-9.812844086E0;9.812909876E0
2.619815175E1;3.457809448E-2;-2.874023438E-2;-9.792636108E0;9.792739331E0
2.620819275E1;3.412902832E-2;-2.664459229E-2;-9.827513580E0;9.827608961E0
2.621823375E1;2.694396973E-2;-3.008743286E-2;-9.829459534E0;9.829542510E0
2.622827575E1;2.140548706E-2;-2.559677124E-2;-9.820777588E0;9.820834273E0
2.623831675E1;1.721420288E-2;-2.155517578E-2;-9.814790039E0;9.814828805E0
2.624835775E1;3.218307495E-2;-1.212478638E-2;-9.809550934E0;9.809611220E0
2.625839975E1;3.966751099E-2;-1.706451416E-2;-9.823471985E0;9.823566895E0
2.626844075E1;3.338058472E-2;-2.125579834E-2;-9.793085175E0;9.793165132E0
2.627848175E1;2.380050659E-2;-3.008743286E-2;-9.801617432E0;9.801692507E0
2.628852275E1;1.392105103E-2;-4.909790039E-2;-9.819131012E0;9.819263630E0
2.629856475E1;1.751358032E-2;-2.903961182E-2;-9.830507355E0;9.830565847E0
2.630860575E1;3.502716064E-2;-6.137237549E-3;-9.816436615E0;9.816501026E0
2.631864675E1;4.281097412E-2;-1.002914429E-2;-9.810898132E0;9.810996663E0
2.632868875E1;3.412902832E-2;-3.143463135E-3;-9.817484436E0;9.817544261E0
2.633872975E1;3.637435913E-2;4.191284180E-3;-9.804461517E0;9.804529887E0
2.634877075E1;2.230361938E-2;-4.041595459E-3;-9.808952179E0;9.808978369E0
2.635881275E1;1.646575928E-2;-1.302291870E-2;-9.816885681E0;9.816908128E0
2.636885375E1;7.185058594E-3;-2.035766602E-2;-9.827663269E0;9.827686981E0
2.637889475E1;2.095642090E-2;-2.335144043E-2;-9.818382568E0;9.818432702E0
2.638893675E1;2.275268555E-2;-4.101470947E-2;-9.818232880E0;9.818344910E0
2.639897775E1;2.544708252E-2;-2.918930054E-2;-9.814041595E0;9.814117994E0
2.640901875E1;3.068618774E-2;-7.783813477E-3;-9.822723541E0;9.822774557E0
2.641906075E1;1.826202393E-2;-1.122665405E-2;-9.801767120E0;9.801790562E0
2.642910175E1;1.766326904E-2;-3.113525391E-2;-9.823172607E0;9.823237830E0
2.643914275E1;1.362167358E-2;-7.334747314E-3;-9.812694397E0;9.812706593E0
2.644918475E1;1.092727661E-2;-2.155517578E-2;-9.825867004E0;9.825896723E0
2.645922575E1;3.323089600E-2;-3.173400879E-2;-9.814340973E0;9.814448536E0
2.646926675E1;3.622467041E-2;-1.272354126E-2;-9.792037354E0;9.792112624E0
2.647930875E1;2.888992310E-2;-1.092727661E-2;-9.813742218E0;9.813790825E0
2.648934975E1;4.550537109E-2;-1.916015625E-2;-9.827214203E0;9.827338238E0
2.649939075E1;3.203338623E-2;-3.128494263E-2;-9.822274475E0;9.822376533E0
2.650943275E1;3.382965088E-2;-2.799179077E-2;-9.806557159E0;9.806655460E0
2.651947375E1;2.140548706E-2;-1.886077881E-2;-9.806407471E0;9.806448970E0
2.652951475E1;4.415817261E-2;-2.350112915E-2;-9.818083191E0;9.818210621E0
2.653955675E1;2.110610962E-2;-1.481918335E-2;-9.800569611E0;9.800603541E0
2.654959775E1;2.170486450E-2;-9.131011963E-3;-9.818382568E0;9.818410805E0
2.655963875E1;2.005828857E-2;-8.532257080E-3;-9.808802490E0;9.808826710E0
2.656968075E1;2.499801636E-2;-7.783813477E-3;-9.808652802E0;9.808687745E0
2.657972175E1;3.113525391E-2;-1.347198486E-2;-9.801018677E0;9.801077390E0
2.658976275E1;2.799179077E-2;-2.095642090E-2;-9.816137238E0;9.816199518E0
2.659980475E1;3.487747192E-2;-3.263214111E-2;-9.817933502E0;9.818049681E0
2.660984575E1;1.751358032E-2;-2.439926147E-2;-9.818083191E0;9.818129129E0
2.661988675E1;3.367996216E-2;-1.466949463E-2;-9.801767120E0;9.801835961E0
2.662992875E1;2.844085693E-2;-2.170486450E-2;-9.809700623E0;9.809765863E0
2.663996975E1;3.143463135E-2;-2.185455322E-2;-9.827513580E0;9.827588154E0
2.665001075E1;4.385879517E-2;-8.083190918E-3;-9.804760895E0;9.804862321E0
2.666005275E1;1.871109009E-2;-1.706451416E-2;-9.800120544E0;9.800153263E0
2.667009375E1;3.278182983E-2;-5.688171387E-3;-9.811047821E0;9.811104237E0
2.668013475E1;3.682342529E-2;-1.766326904E-2;-9.817634125E0;9.817719071E0
2.669017675E1;2.484832764E-2;-2.245330811E-2;-9.800569611E0;9.800626831E0
2.670021775E1;1.841171265E-2;-1.152603149E-2;-9.812694397E0;9.812718439E0
2.671025875E1;2.933898926E-2;-2.170486450E-2;-9.814490662E0;9.814558514E0
2.672030075E1;2.185455322E-2;-1.646575928E-2;-9.811646576E0;9.811684732E0
2.673034175E1;3.143463135E-2;-1.826202393E-2;-9.813592529E0;9.813659866E0
2.674038275E1;3.233276367E-2;-8.831634521E-3;-9.796677704E0;9.796735040E0
2.675042475E1;1.916015625E-2;-1.496887207E-2;-9.813592529E0;9.813622650E0
2.676046575E1;3.053649902E-2;-1.541793823E-2;-9.815688171E0;9.815747779E0
2.677050675E1;3.338058472E-2;-2.769241333E-2;-9.794432373E0;9.794528403E0
2.678054875E1;2.439926147E-2;-2.065704346E-2;-9.814790039E0;9.814842105E0
2.679058975E1;2.859054565E-2;-2.514770508E-2;-9.817035370E0;9.817109212E0
2.680063075E1;2.769241333E-2;-7.783813477E-3;-9.800868988E0;9.800911201E0
2.681067275E1;2.439926147E-2;-7.783813477E-3;-9.800419922E0;9.800453385E0
2.682071375E1;2.829116821E-2;-1.646575928E-2;-9.821975098E0;9.822029644E0
2.683075475E1;2.305206299E-2;-4.640350342E-3;-9.817634125E0;9.817662285E0
2.684079675E1;3.203338623E-2;-6.735992432E-3;-9.816137238E0;9.816191816E0
2.685083788E1;3.757186890E-2;-1.347198486E-2;-9.813891907E0;9.813973074E0
2.686087888E1;3.158432007E-2;-2.185455322E-2;-9.810898132E0;9.810973313E0
2.687091987E1;3.083587646E-2;-2.859054565E-2;-9.817783813E0;9.817873868E0
2.688096187E1;3.188369751E-2;-1.646575928E-2;-9.812844086E0;9.812909698E0
2.689100287E1;3.053649902E-2;-1.422042847E-2;-9.804611206E0;9.804669071E0
2.690104487E1;3.263214111E-2;-5.837860107E-3;-9.808353424E0;9.808409444E0
2.691108588E1;3.038681030E-2;-7.035369873E-3;-9.797875214E0;9.797924860E0
2.692112688E1;1.781295776E-2;-6.137237549E-3;-9.800868988E0;9.800887097E0
2.693116888E1;1.856140137E-2;-1.152603149E-2;-9.812395020E0;9.812419345E0
2.694120988E1;2.335144043E-2;-2.185455322E-2;-9.805060272E0;9.805112434E0
2.695125087E1;2.155517578E-2;-2.125579834E-2;-9.810449066E0;9.810495773E0
2.696129188E1;4.445755005E-2;-6.735992432E-3;-9.818831635E0;9.818934592E0
2.697133387E1;3.487747192E-2;-1.945953369E-2;-9.807604980E0;9.807686300E0
2.698137488E1;2.918930054E-2;-2.559677124E-2;-9.824070740E0;9.824147449E0
2.699141588E1;2.784210205E-2;-1.975891113E-2;-9.807904358E0;9.807963779E0
2.700145788E1;2.320175171E-2;-1.646575928E-2;-9.820777588E0;9.820818799E0
2.701149887E1;2.619552612E-2;-2.140548706E-2;-9.816586304E0;9.816644593E0
2.702153987E1;1.975891113E-2;-9.879455566E-3;-9.817634125E0;9.817658979E0
2.703158187E1;2.260299683E-2;-1.706451416E-2;-9.824370117E0;9.824410939E0
2.704162288E1;3.308120728E-2;-2.140548706E-2;-9.812395020E0;9.812474131E0
2.705166388E1;9.580078125E-3;-1.841171265E-2;-9.813592529E0;9.813614477E0
2.706170588E1;5.748046875E-2;-1.062789917E-2;-9.814640350E0;9.814814423E0
2.707174688E1;5.074447632E-2;2.844085693E-3;-9.806706848E0;9.806838547E0
2.708178787E1;3.263214111E-2;-4.790039062E-3;-9.806257782E0;9.806313246E0
2.709182988E1;8.532257080E-3;-1.586700439E-2;-9.811047821E0;9.811064362E0
2.710187087E1;-2.095642090E-3;-2.559677124E-2;-9.801767120E0;9.801800767E0
2.711191188E1;9.580078125E-3;-2.439926147E-2;-9.836045837E0;9.836080765E0
2.712195387E1;3.338058472E-2;-2.739303589E-2;-9.803713074E0;9.803808172E0
2.713199488E1;2.933898926E-2;-1.661544800E-2;-9.807604980E0;9.807662938E0
2.714203588E1;5.149291992E-2;1.047821045E-3;-9.804311829E0;9.804447106E0
2.715207788E1;4.535568237E-2;-9.131011963E-3;-9.791139221E0;9.791248529E0
2.716211887E1;2.395019531E-2;-5.837860107E-3;-9.791737976E0;9.791769007E0
2.717215987E1;1.811233521E-2;-8.382568359E-3;-9.806557159E0;9.806577468E0
2.718220187E1;1.107696533E-2;-1.571731567E-2;-9.812544708E0;9.812563548E0
2.719224288E1;2.305206299E-2;-1.856140137E-2;-9.812993774E0;9.813038405E0
2.720228388E1;3.188369751E-2;-1.871109009E-2;-9.813293152E0;9.813362785E0
2.721232588E1;2.814147949E-2;-1.541793823E-2;-9.820478210E0;9.820530634E0
2.722236688E1;4.311035156E-2;-1.586700439E-2;-9.798623657E0;9.798731338E0
2.723240787E1;5.059478760E-2;-1.197509766E-2;-9.824669495E0;9.824807068E0
2.724244987E1;3.487747192E-2;-1.841171265E-2;-9.795929260E0;9.796008652E0
2.725249087E1;2.035766602E-2;-5.538482666E-3;-9.803413696E0;9.803436398E0
2.726253188E1;1.781295776E-2;-1.332229614E-2;-9.814939728E0;9.814964933E0
2.727257388E1;2.035766602E-2;-2.110610962E-2;-9.814191284E0;9.814235093E0
2.728261488E1;3.412902832E-2;-1.841171265E-2;-9.811197510E0;9.811274145E0
2.729265587E1;3.128494263E-2;-4.939727783E-3;-9.811496887E0;9.811548008E0
2.730269788E1;2.664459229E-2;-2.245330811E-2;-9.815987549E0;9.816049391E0
2.731273887E1;3.397933960E-2;-1.631607056E-2;-9.814939728E0;9.815012107E0
2.732277988E1;2.290237427E-2;-1.451980591E-2;-9.805659027E0;9.805696523E0
2.733282187E1;3.068618774E-2;-2.544708252E-3;-9.827363892E0;9.827412130E0
2.734286288E1;3.113525391E-2;-1.646575928E-2;-9.801617432E0;9.801680713E0
2.735290388E1;4.475692749E-2;-2.634521484E-2;-9.803114319E0;9.803251889E0
2.736294487E1;3.427871704E-2;-1.631607056E-2;-9.826914825E0;9.826988157E0
2.737298688E1;3.023712158E-2;-1.781295776E-2;-9.809700623E0;9.809763396E0
2.738302787E1;3.113525391E-2;-9.879455566E-3;-9.792935486E0;9.792989964E0
2.739306888E1;3.113525391E-2;-7.334747314E-3;-9.810598755E0;9.810650903E0
2.740311087E1;3.353027344E-2;-1.871109009E-2;-9.816586304E0;9.816661400E0
2.741315188E1;3.817062378E-2;-7.933502197E-3;-9.805209961E0;9.805287467E0
2.742319287E1;2.724334717E-2;-8.831634521E-3;-9.835746460E0;9.835788155E0
2.743323488E1;3.233276367E-2;-1.227447510E-2;-9.810449066E0;9.810510025E0
2.744327587E1;2.604583740E-2;-2.245330811E-2;-9.808802490E0;9.808862769E0
2.745331688E1;2.694396973E-2;-1.676513672E-2;-9.828112335E0;9.828163568E0
2.746335887E1;1.841171265E-2;-5.987548828E-3;-9.818831635E0;9.818850722E0
2.747339988E1;2.859054565E-2;-7.484436035E-3;-9.811796265E0;9.811840774E0
2.748344088E1;3.188369751E-2;-6.586303711E-3;-9.820478210E0;9.820532177E0
2.749348288E1;3.532653809E-2;-1.856140137E-2;-9.805958405E0;9.806039604E0
2.750352388E1;2.335144043E-2;-2.230361938E-2;-9.825417938E0;9.825471002E0
2.751356487E1;3.532653809E-2;-2.215393066E-2;-9.820927277E0;9.821015799E0
2.752360687E1;3.248245239E-2;-1.871109009E-2;-9.802515564E0;9.802587240E0
2.753364787E1;4.475692749E-2;-1.242416382E-2;-9.803713074E0;9.803823110E0
2.754368888E1;2.020797729E-2;-7.185058594E-3;-9.816885681E0;9.816909110E0
2.755373088E1;9.280700684E-3;-5.239105225E-3;-9.818681946E0;9.818687730E0
2.756377188E1;2.484832764E-2;-1.601669312E-2;-9.804162140E0;9.804206711E0
2.757381287E1;3.847000122E-2;-1.886077881E-2;-9.800270233E0;9.800363887E0
2.758385488E1;4.326004028E-2;-1.601669312E-2;-9.809700623E0;9.809809084E0
2.759389587E1;2.694396973E-2;-2.230361938E-2;-9.813143463E0;9.813205799E0
2.760393688E1;2.888992310E-2;-3.008743286E-2;-9.812844086E0;9.812932739E0
2.761397887E1;3.397933960E-2;-2.634521484E-2;-9.812694397E0;9.812788594E0
2.762401988E1;2.424957275E-2;-5.239105225E-3;-9.805509338E0;9.805540723E0
2.763406088E1;2.245330811E-2;-1.182540894E-2;-9.812544708E0;9.812577523E0
2.764410288E1;2.230361938E-2;-1.916015625E-2;-9.810299377E0;9.810343441E0
2.765414387E1;2.844085693E-2;-9.131011963E-3;-9.807604980E0;9.807650468E0
2.766418487E1;3.412902832E-2;-2.215393066E-2;-9.795031128E0;9.795115639E0
2.767422687E1;3.353027344E-2;-9.131011963E-3;-9.808203735E0;9.808265299E0
2.768426787E1;3.188369751E-2;-2.200424194E-2;-9.810748444E0;9.810824929E0
2.769430888E1;2.514770508E-2;-2.634521484E-2;-9.816137238E0;9.816204803E0
2.770435088E1;2.574645996E-2;-1.332229614E-2;-9.814191284E0;9.814234098E0
2.771439188E1;1.856140137E-2;-7.484436035E-3;-9.808802490E0;9.808822908E0
2.772443287E1;2.844085693E-2;-9.580078125E-3;-9.812993774E0;9.813039666E0
2.773447388E1;3.921844482E-2;-2.215393066E-2;-9.815089417E0;9.815192771E0
2.774451587E1;2.125579834E-2;-1.990859985E-2;-9.818681946E0;9.818725137E0
2.775455688E1;1.706451416E-2;-1.077758789E-2;-9.818532257E0;9.818553001E0
2.776459788E1;2.993774414E-2;-1.017883301E-2;-9.811796265E0;9.811847217E0
2.777463988E1;1.901046753E-2;-1.167572021E-2;-9.809700623E0;9.809725991E0
2.778468088E1;3.412902832E-2;-4.790039062E-3;-9.816137238E0;9.816197736E0
2.779472187E1;2.275268555E-2;-1.422042847E-2;-9.815538483E0;9.815575154E0
2.780476387E1;3.008743286E-2;-1.781295776E-2;-9.810748444E0;9.810810750E0
2.781480487E1;3.338058472E-2;-1.945953369E-2;-9.814340973E0;9.814417032E0
2.782484588E1;3.128494263E-2;-1.916015625E-2;-9.800569611E0;9.800638273E0
2.783488788E1;3.577560425E-2;-2.080673218E-2;-9.804012451E0;9.804099803E0
2.784492888E1;1.706451416E-2;-1.377136230E-2;-9.815239105E0;9.815263600E0
2.785496954E1;3.802093506E-2;-2.230361938E-2;-9.818532257E0;9.818631204E0
2.786501154E1;2.814147949E-2;-1.601669312E-2;-9.805359650E0;9.805413114E0
2.787505254E1;2.844085693E-2;-1.616638184E-2;-9.811197510E0;9.811252051E0
2.788509354E1;3.098556519E-2;-1.646575928E-2;-9.810000000E0;9.810062753E0
2.789513554E1;3.173400879E-2;-2.275268555E-2;-9.814640350E0;9.814718026E0
2.790517654E1;3.547622681E-2;-5.239105225E-3;-9.814640350E0;9.814705865E0
2.791521754E1;2.409988403E-2;-8.382568359E-3;-9.826615448E0;9.826648576E0
2.792525954E1;2.215393066E-2;-1.706451416E-2;-9.827812958E0;9.827852742E0
2.793530054E1;2.529739380E-2;-2.799179077E-2;-9.817035370E0;9.817107871E0
2.794534154E1;3.053649902E-2;-8.681945801E-3;-9.803413696E0;9.803465099E0
2.795538354E1;3.502716064E-2;-1.856140137E-2;-9.804760895E0;9.804841030E0
2.796542454E1;2.874023438E-2;-1.930984497E-2;-9.811945953E0;9.812007046E0
2.797546554E1;3.532653809E-2;-1.481918335E-2;-9.818681946E0;9.818756679E0
2.798550754E1;3.293151855E-2;-1.736389160E-2;-9.817634125E0;9.817704711E0
2.799554854E1;3.278182983E-2;-1.212478638E-2;-9.807006226E0;9.807068510E0
2.800558954E1;3.158432007E-2;-2.110610962E-2;-9.810449066E0;9.810522612E0
2.801563154E1;3.338058472E-2;-2.005828857E-2;-9.814191284E0;9.814268549E0
2.802567254E1;2.604583740E-2;-7.484436035E-3;-9.791438599E0;9.791476101E0
2.803571354E1;1.990859985E-2;-2.050735474E-2;-9.815538483E0;9.815580095E0
2.804575454E1;4.370910645E-2;-1.796264648E-2;-9.804162140E0;9.804276027E0
2.805579654E1;2.978805542E-2;-1.781295776E-2;-9.804760895E0;9.804822325E0
2.806583754E1;3.038681030E-2;-2.619552612E-2;-9.821526031E0;9.821607972E0
2.807587854E1;3.098556519E-2;-1.871109009E-2;-9.810748444E0;9.810815218E0
2.808592054E1;2.799179077E-2;-2.275268555E-2;-9.811197510E0;9.811263823E0
2.809596154E1;1.721420288E-2;-2.903961182E-2;-9.812095642E0;9.812153715E0
2.810600254E1;3.382965088E-2;-2.065704346E-2;-9.817484436E0;9.817564454E0
2.811604454E1;2.679428101E-2;-1.481918335E-2;-9.811347198E0;9.811394977E0
2.812608554E1;4.251159668E-2;-2.380050659E-2;-9.791438599E0;9.791559811E0
2.813612654E1;2.110610962E-2;-6.436614990E-3;-9.801467743E0;9.801492581E0
2.814616854E1;2.574645996E-2;-1.960922241E-2;-9.790540466E0;9.790593957E0
2.815620954E1;2.529739380E-2;-2.305206299E-2;-9.800419922E0;9.800479682E0
2.816625054E1;3.068618774E-2;-7.185058594E-3;-9.818083191E0;9.818133774E0
2.817629254E1;4.355941772E-2;-1.856140137E-2;-9.821526031E0;9.821640165E0
2.818633354E1;4.370910645E-2;-1.646575928E-2;-9.820178833E0;9.820289910E0
2.819637454E1;3.203338623E-2;-1.212478638E-2;-9.815538483E0;9.815598242E0
2.820641654E1;2.230361938E-2;-1.646575928E-2;-9.829758911E0;9.829798005E0
2.821645754E1;1.721420288E-2;-1.407073975E-2;-9.816586304E0;9.816611481E0
2.822649854E1;2.709365845E-2;-2.305206299E-2;-9.810598755E0;9.810663249E0
2.823654054E1;2.829116821E-2;-1.526824951E-2;-9.810449066E0;9.810501740E0
2.824658154E1;3.158432007E-2;-1.901046753E-2;-9.805359650E0;9.805428947E0
2.825662254E1;3.263214111E-2;-2.305206299E-2;-9.817035370E0;9.817116670E0
2.826666454E1;3.891906738E-2;-4.790039062E-3;-9.801467743E0;9.801546182E0
2.827670554E1;4.340972900E-2;-2.140548706E-2;-9.815538483E0;9.815657813E0
2.828674654E1;3.143463135E-2;-1.975891113E-2;-9.808503113E0;9.808573386E0
2.829678854E1;2.903961182E-2;-2.844085693E-2;-9.803413696E0;9.803497962E0
2.830682954E1;1.781295776E-2;-1.586700439E-2;-9.809251556E0;9.809280563E0
2.831687054E1;3.008743286E-2;-9.280700684E-3;-9.790540466E0;9.790591096E0
2.832691254E1;2.814147949E-2;-1.871109009E-2;-9.816286926E0;9.816345097E0
2.833695354E1;4.415817261E-2;-1.586700439E-2;-9.810598755E0;9.810710965E0
2.834699454E1;1.706451416E-2;-3.008743286E-2;-9.804611206E0;9.804672221E0
2.835703554E1;2.769241333E-2;-8.532257080E-3;-9.805359650E0;9.805402466E0
2.836707754E1;2.784210205E-2;-1.826202393E-2;-9.818532257E0;9.818588716E0
2.837711854E1;2.050735474E-2;-2.275268555E-2;-9.805060272E0;9.805108117E0
2.838715954E1;2.290237427E-2;-8.232879639E-3;-9.806407471E0;9.806437670E0
2.839720154E1;1.916015625E-2;-8.232879639E-3;-9.800868988E0;9.800891174E0
2.840724254E1;1.781295776E-2;-1.826202393E-2;-9.811047821E0;9.811080988E0
2.841728354E1;4.340972900E-2;-2.993774414E-2;-9.799821167E0;9.799963040E0
2.842732554E1;2.799179077E-2;-1.437011719E-2;-9.817035370E0;9.817085794E0
2.843736654E1;3.308120728E-2;-2.065704346E-2;-9.812395020E0;9.812472527E0
2.844740754E1;2.380050659E-2;-1.871109009E-2;-9.818232880E0;9.818279556E0
2.845744954E1;2.739303589E-2;-1.601669312E-2;-9.808802490E0;9.808853817E0
2.846749054E1;2.993774414E-2;-2.514770508E-2;-9.805209961E0;9.805287913E0
2.847753154E1;3.278182983E-2;-2.484832764E-2;-9.804162140E0;9.804248434E0
2.848757354E1;2.095642090E-2;-5.688171387E-3;-9.818532257E0;9.818556269E0
2.849761454E1;4.086502075E-2;-1.496887207E-3;-9.816436615E0;9.816521788E0
2.850765554E1;3.427871704E-2;-1.916015625E-2;-9.800270233E0;9.800348911E0
2.851769754E1;1.721420288E-2;-5.538482666E-3;-9.821376343E0;9.821392990E0
2.852773854E1;4.071533203E-2;-5.688171387E-3;-9.818831635E0;9.818917698E0
2.853777954E1;2.065704346E-2;-1.736389160E-2;-9.802814941E0;9.802852085E0
2.854782154E1;2.215393066E-2;-9.580078125E-3;-9.815538483E0;9.815568159E0
2.855786254E1;1.826202393E-2;-1.616638184E-2;-9.812993774E0;9.813024084E0
2.856790354E1;3.502716064E-2;-1.871109009E-2;-9.807904358E0;9.807984752E0
2.857794554E1;3.143463135E-2;-1.975891113E-2;-9.811796265E0;9.811866514E0
2.858798654E1;3.278182983E-2;-9.879455566E-3;-9.826914825E0;9.826974470E0
2.859802754E1;4.505630493E-2;-1.227447510E-2;-9.816885681E0;9.816996751E0
2.860806954E1;3.323089600E-2;-1.092727661E-2;-9.818532257E0;9.818594573E0
2.861811054E1;3.218307495E-2;-1.317260742E-2;-9.800719299E0;9.800780992E0
2.862815154E1;2.948867798E-2;-1.077758789E-2;-9.801318054E0;9.801368340E0
2.863819254E1;2.424957275E-2;-7.933502197E-3;-9.801318054E0;9.801351263E0
2.864823454E1;2.859054565E-2;-1.766326904E-2;-9.816885681E0;9.816943205E0
2.865827554E1;3.427871704E-2;-2.215393066E-2;-9.801467743E0;9.801552721E0
2.866831654E1;1.960922241E-2;-6.137237549E-3;-9.803413696E0;9.803435229E0
2.867835854E1;3.382965088E-2;-2.424957275E-2;-9.816286926E0;9.816375171E0
2.868839954E1;3.367996216E-2;-2.844085693E-2;-9.816286926E0;9.816385905E0
2.869844054E1;2.095642090E-2;-2.050735474E-2;-9.811047821E0;9.811091635E0
2.870848254E1;3.817062378E-2;-1.287322998E-2;-9.805359650E0;9.805442396E0
2.871852354E1;3.008743286E-2;-7.484436035E-3;-9.812694397E0;9.812743378E0
2.872856454E1;3.008743286E-2;-7.783813477E-3;-9.813442841E0;9.813492051E0
2.873860654E1;3.712280273E-2;-1.646575928E-2;-9.815388794E0;9.815472806E0
2.874864754E1;2.664459229E-2;-1.811233521E-2;-9.813143463E0;9.813196351E0
2.875868854E1;2.170486450E-2;-6.586303711E-3;-9.815538483E0;9.815564690E0
2.876873054E1;2.963836670E-2;-6.137237549E-3;-9.807305603E0;9.807352308E0
2.877877154E1;3.727249146E-2;-1.886077881E-2;-9.817634125E0;9.817722993E0
2.878881254E1;1.751358032E-2;-1.781295776E-2;-9.806108093E0;9.806139911E0
2.879885454E1;2.155517578E-2;1.496887207E-3;-9.817933502E0;9.817957278E0
2.880889554E1;2.754272461E-2;-8.532257080E-3;-9.820178833E0;9.820221164E0
2.881893654E1;4.490661621E-2;-2.005828857E-2;-9.827214203E0;9.827337276E0
2.882897854E1;3.143463135E-2;-7.933502197E-3;-9.813592529E0;9.813646081E0
2.883901954E1;2.903961182E-2;-1.451980591E-2;-9.806856537E0;9.806910281E0
2.884906054E1;3.472778320E-2;-1.930984497E-2;-9.827812958E0;9.827893285E0
2.885910325E1;2.754272461E-2;-1.017883301E-2;-9.824819183E0;9.824863062E0
2.886914425E1;2.395019531E-2;-6.885681152E-3;-9.825867004E0;9.825898606E0
2.887918525E1;3.876937866E-2;-2.185455322E-2;-9.822124786E0;9.822225614E0
2.888922625E1;3.787124634E-2;-2.080673218E-2;-9.821226654E0;9.821321711E0
2.889926825E1;2.769241333E-2;-2.125579834E-2;-9.810449066E0;9.810511177E0
2.890930925E1;3.397933960E-2;-1.377136230E-2;-9.818382568E0;9.818451024E0
2.891935025E1;2.769241333E-2;-1.706451416E-2;-9.801318054E0;9.801372030E0
2.892939225E1;2.484832764E-2;-1.167572021E-2;-9.818532257E0;9.818570642E0
2.893943325E1;2.874023438E-2;-1.826202393E-2;-9.804910583E0;9.804969712E0
2.894947425E1;3.218307495E-2;-1.437011719E-2;-9.791887665E0;9.791951097E0
2.895951625E1;4.176315308E-2;-2.275268555E-2;-9.816286926E0;9.816402134E0
2.896955725E1;3.083587646E-2;-1.586700439E-2;-9.809550934E0;9.809612232E0
2.897959825E1;3.113525391E-2;-1.257385254E-2;-9.815388794E0;9.815446229E0
2.898964025E1;3.442840576E-2;-1.332229614E-2;-9.806407471E0;9.806476956E0
2.899968125E1;1.736389160E-2;-1.407073975E-2;-9.802814941E0;9.802840418E0
2.900972225E1;2.260299683E-2;-2.290237427E-2;-9.803264008E0;9.803316817E0
2.901976425E1;2.859054565E-2;-1.766326904E-2;-9.810000000E0;9.810057564E0
2.902980525E1;3.278182983E-2;-2.230361938E-2;-9.810299377E0;9.810379502E0
2.903984625E1;2.903961182E-2;-2.080673218E-2;-9.812694397E0;9.812759426E0
2.904988825E1;3.547622681E-2;-5.388793945E-3;-9.814490662E0;9.814556258E0
2.905992925E1;3.098556519E-2;-7.035369873E-3;-9.815987549E0;9.816038975E0
2.906997025E1;2.529739380E-2;-9.280700684E-3;-9.815239105E0;9.815276093E0
2.908001225E1;1.706451416E-2;-1.437011719E-2;-9.815239105E0;9.815264459E0
2.909005325E1;2.918930054E-2;-1.362167358E-2;-9.810748444E0;9.810801322E0
2.910009425E1;3.487747192E-2;-1.945953369E-2;-9.823771362E0;9.823852548E0
2.911013525E1;2.409988403E-2;-3.278182983E-2;-9.822424164E0;9.822508433E0
2.912017725E1;4.460723877E-2;-2.454895020E-2;-9.815688171E0;9.815820227E0
2.913021825E1;2.754272461E-2;-2.709365845E-2;-9.823022919E0;9.823098896E0
2.914025925E1;3.278182983E-2;-1.167572021E-2;-9.812245331E0;9.812307038E0
2.915030125E1;4.445755005E-2;-2.260299683E-2;-9.826914825E0;9.827041384E0
2.916034225E1;3.502716064E-2;-1.422042847E-2;-9.811047821E0;9.811120653E0
2.917038325E1;3.323089600E-2;-3.113525391E-2;-9.812245331E0;9.812350999E0
2.918042525E1;3.936813354E-2;-1.960922241E-2;-9.812544708E0;9.812643274E0
2.919046625E1;2.724334717E-2;-1.242416382E-2;-9.812095642E0;9.812141328E0
2.920050725E1;1.856140137E-2;-2.065704346E-2;-9.823471985E0;9.823511240E0
2.921054925E1;3.098556519E-2;-2.140548706E-2;-9.830806732E0;9.830878867E0
2.922059025E1;3.412902832E-2;-1.945953369E-2;-9.841434631E0;9.841513048E0
2.923063125E1;2.784210205E-2;-2.200424194E-2;-9.828711090E0;9.828775156E0
2.924067325E1;3.427871704E-2;-1.122665405E-2;-9.844129028E0;9.844195112E0
2.925071425E1;3.338058472E-2;-1.481918335E-2;-9.863738251E0;9.863805865E0
2.926075525E1;3.038681030E-2;-1.197509766E-2;-9.873318329E0;9.873372351E0
2.927079725E1;3.113525391E-2;-5.987548828E-3;-9.877210236E0;9.877261123E0
2.928083825E1;3.038681030E-2;-1.496887207E-2;-9.888436890E0;9.888494908E0
2.929087925E1;3.188369751E-2;-1.856140137E-2;-9.906549225E0;9.906617921E0
2.930092125E1;2.395019531E-2;-1.122665405E-2;-9.923314362E0;9.923349614E0
2.931096225E1;2.035766602E-2;-1.571731567E-2;-9.906399536E0;9.906432922E0
2.932100325E1;2.230361938E-2;-3.173400879E-2;-9.917177124E0;9.917252977E0
2.933104525E1;2.080673218E-2;-9.580078125E-3;-9.947264557E0;9.947290931E0
2.934108625E1;3.577560425E-2;-1.826202393E-2;-9.952353973E0;9.952435029E0
2.935112725E1;2.874023438E-2;-2.245330811E-2;-9.959239655E0;9.959306434E0
2.936116825E1;2.380050659E-2;-2.005828857E-2;-9.954599304E0;9.954647965E0
2.937121025E1;2.649490356E-2;-1.960922241E-2;-9.960137787E0;9.960192329E0
2.938125125E1;2.874023438E-2;-2.260299683E-2;-9.965376892E0;9.965443969E0
2.939129225E1;2.918930054E-2;-1.975891113E-2;-9.992320862E0;9.992383031E0
2.940133425E1;3.397933960E-2;-2.948867798E-2;-1.000684067E1;1.000694181E1
2.941137525E1;1.901046753E-2;-1.631607056E-2;-1.000579285E1;1.000582421E1
2.942141625E1;2.874023438E-2;-2.619552612E-2;-1.001567230E1;1.001574779E1
2.943145825E1;3.607498169E-2;-9.280700684E-3;-1.002839584E1;1.002846502E1
2.944149925E1;2.799179077E-2;-1.661544800E-2;-1.005384293E1;1.005389562E1
2.945154025E1;3.323089600E-2;-2.215393066E-2;-1.006432114E1;1.006440038E1
2.946158225E1;2.664459229E-2;-2.020797729E-2;-1.006671616E1;1.006677170E1
2.947162325E1;2.874023438E-2;-2.395019531E-2;-1.007405090E1;1.007412037E1
2.948166425E1;3.128494263E-2;-7.334747314E-3;-1.008976822E1;1.008981939E1
2.949170625E1;1.826202393E-2;-1.586700439E-2;-1.011222153E1;1.011225047E1
2.950174725E1;3.787124634E-2;-3.023712158E-2;-1.010324020E1;1.010335643E1
2.951178825E1;3.547622681E-2;-1.676513672E-2;-1.010862900E1;1.010870515E1
2.952183025E1;2.604583740E-2;-7.185058594E-3;-1.010982651E1;1.010986261E1
2.953187125E1;2.948867798E-2;-2.200424194E-2;-1.011656250E1;1.011662941E1
2.954191225E1;4.415817261E-2;-1.781295776E-2;-1.012180161E1;1.012191360E1
2.955195325E1;3.143463135E-2;-4.041595459E-3;-1.012763947E1;1.012768906E1
2.956199525E1;2.110610962E-2;-1.811233521E-2;-1.015203873E1;1.015207682E1
2.957203625E1;3.218307495E-2;-2.095642090E-2;-1.014021332E1;1.014028604E1
2.958207725E1;3.323089600E-2;-3.742218018E-3;-1.015353561E1;1.015359068E1
2.959211925E1;3.038681030E-2;-1.302291870E-2;-1.015772690E1;1.015778070E1
2.960216025E1;3.577560425E-2;-1.781295776E-2;-1.014754807E1;1.014762676E1
2.961220125E1;2.245330811E-2;-1.107696533E-2;-1.017913239E1;1.017916318E1
2.962224325E1;2.080673218E-2;-1.122665405E-2;-1.016401382E1;1.016404132E1
2.963228425E1;4.176315308E-2;-1.466949463E-2;-1.018392242E1;1.018401862E1
2.964232525E1;3.338058472E-2;-1.930984497E-2;-1.020203476E1;1.020210764E1
2.965236725E1;2.993774414E-2;-2.125579834E-2;-1.019499939E1;1.019506550E1
2.966240825E1;3.577560425E-2;-8.981323242E-3;-1.018976028E1;1.018982705E1
2.967244925E1;3.487747192E-2;-1.811233521E-2;-1.019559814E1;1.019567389E1
2.968249125E1;3.682342529E-2;-2.649490356E-2;-1.021445892E1;1.021455966E1
2.969253225E1;2.724334717E-2;-2.424957275E-2;-1.022149429E1;1.022155936E1
2.970257325E1;2.484832764E-2;-7.035369873E-3;-1.022882904E1;1.022886164E1
2.971261525E1;2.020797729E-2;-2.559677124E-2;-1.022912842E1;1.022918040E1
2.972265625E1;3.367996216E-2;-9.430389404E-3;-1.022134460E1;1.022140444E1
2.973269725E1;3.338058472E-2;-1.242416382E-2;-1.023436752E1;1.023442950E1
2.974273925E1;4.400848389E-2;-1.197509766E-2;-1.023751099E1;1.023761258E1
2.975278025E1;3.472778320E-2;-1.496887207E-2;-1.025652145E1;1.025659117E1
2.976282125E1;3.233276367E-2;-1.302291870E-2;-1.024694138E1;1.024700066E1
2.977286225E1;2.065704346E-2;-2.529739380E-2;-1.026265869E1;1.026271066E1
2.978290425E1;2.170486450E-2;-2.320175171E-2;-1.025113266E1;1.025118189E1
2.979294525E1;2.020797729E-2;-1.841171265E-2;-1.025233017E1;1.025236662E1
2.980298625E1;2.200424194E-2;-2.559677124E-2;-1.028256729E1;1.028262269E1
2.981302825E1;3.727249146E-2;-1.466949463E-2;-1.030621811E1;1.030629595E1
2.982306925E1;3.367996216E-2;-1.077758789E-2;-1.028870453E1;1.028876530E1
2.983311025E1;3.158432007E-2;-1.586700439E-2;-1.029229706E1;1.029235775E1
2.984315225E1;3.652404785E-2;-1.586700439E-2;-1.026804749E1;1.026812470E1
2.985319325E1;2.634521484E-2;-2.080673218E-2;-1.029798523E1;1.029803995E1
2.986323413E1;1.886077881E-2;-8.681945801E-3;-1.029948212E1;1.029950305E1
2.987327613E1;2.095642090E-2;-1.811233521E-2;-1.033286270E1;1.033289983E1
2.988331713E1;3.697311401E-2;-3.008743286E-2;-1.031714539E1;1.031725551E1
2.989335812E1;2.888992310E-2;-1.841171265E-2;-1.030636780E1;1.030642473E1
2.990340012E1;3.712280273E-2;-1.856140137E-2;-1.033241364E1;1.033249700E1
2.991344112E1;3.083587646E-2;-1.856140137E-2;-1.033391052E1;1.033397320E1
2.992348213E1;4.595443726E-2;1.496887207E-4;-1.032043854E1;1.032054085E1
2.993352413E1;1.586700439E-2;-1.451980591E-2;-1.035801041E1;1.035803274E1
2.994356513E1;3.472778320E-2;-1.302291870E-2;-1.037971527E1;1.037978154E1
2.995360612E1;3.457809448E-2;-1.601669312E-2;-1.039079224E1;1.039086211E1
2.996364712E1;2.230361938E-2;-1.811233521E-2;-1.038705002E1;1.038708976E1
2.997368912E1;3.906875610E-2;-3.667373657E-2;-1.034349060E1;1.034362940E1
2.998373013E1;3.367996216E-2;-1.377136230E-2;-1.031669632E1;1.031676049E1
2.999377113E1;2.499801636E-2;-2.125579834E-2;-1.036788986E1;1.036794179E1
3.000381313E1;2.170486450E-2;-2.484832764E-2;-1.041040146E1;1.041045374E1
3.001385413E1;2.784210205E-2;-1.975891113E-2;-1.040501266E1;1.040506868E1
3.002389512E1;2.799179077E-2;-1.886077881E-2;-1.037238052E1;1.037243544E1
3.003393713E1;3.128494263E-2;-9.280700684E-3;-1.034064651E1;1.034069800E1
3.004397812E1;5.358856201E-2;-8.831634521E-3;-1.036519547E1;1.036533775E1
3.005401913E1;4.610412598E-2;-5.089416504E-3;-1.045351181E1;1.045361472E1
3.006406112E1;3.023712158E-2;-2.589614868E-2;-1.044288391E1;1.044295979E1
3.007410213E1;3.068618774E-2;-4.326004028E-2;-1.040860519E1;1.040874033E1
3.008414312E1;2.290237427E-2;-1.002914429E-2;-1.037537430E1;1.037540442E1
3.009418513E1;3.098556519E-2;-1.017883301E-2;-1.040905426E1;1.040910536E1
3.010422612E1;4.400848389E-2;-1.601669312E-2;-1.043345352E1;1.043355863E1
3.011426713E1;4.715194702E-2;-1.272354126E-2;-1.048868866E1;1.048880236E1
3.012430912E1;3.397933960E-2;-1.975891113E-2;-1.044348267E1;1.044355664E1
3.013435013E1;3.098556519E-2;-3.008743286E-2;-1.038465500E1;1.038474481E1
3.014439113E1;2.634521484E-2;-2.080673218E-2;-1.044303360E1;1.044308756E1
3.015443212E1;2.275268555E-2;-8.681945801E-3;-1.049407745E1;1.049410571E1
3.016447413E1;3.532653809E-2;-1.975891113E-2;-1.048105453E1;1.048113269E1
3.017451512E1;2.454895020E-2;-2.454895020E-2;-1.043554916E1;1.043560691E1
3.018455613E1;2.200424194E-2;-2.439926147E-2;-1.045156586E1;1.045161750E1
3.019459812E1;3.353027344E-2;-1.422042847E-2;-1.051069290E1;1.051075600E1
3.020463913E1;5.718109131E-2;-2.469863892E-2;-1.050874695E1;1.050893154E1
3.021468013E1;1.945953369E-2;-2.065704346E-2;-1.049931656E1;1.049935491E1
3.022472213E1;1.631607056E-2;-1.362167358E-2;-1.050739975E1;1.050742125E1
3.023476312E1;3.727249146E-2;-2.933898926E-2;-1.051967422E1;1.051978117E1
3.024480412E1;4.236190796E-2;-3.008743286E-2;-1.053643936E1;1.053656748E1
3.025484612E1;1.107696533E-2;-1.272354126E-2;-1.053913376E1;1.053914726E1
3.026488713E1;1.496887207E-2;-2.754272461E-2;-1.052940399E1;1.052945065E1
3.027492813E1;1.960922241E-2;-1.975891113E-2;-1.053883438E1;1.053887115E1
3.028497013E1;2.275268555E-2;-3.742218018E-3;-1.053973251E1;1.053975774E1
3.029501113E1;2.499801636E-2;-7.933502197E-3;-1.056068893E1;1.056072150E1
3.030505212E1;3.547622681E-2;-2.320175171E-2;-1.053808594E1;1.053817119E1
3.031509412E1;3.263214111E-2;-1.137634277E-2;-1.055709641E1;1.055715297E1
3.032513512E1;2.125579834E-2;-1.631607056E-2;-1.058389069E1;1.058392461E1
3.033517613E1;3.038681030E-2;-3.487747192E-2;-1.056218582E1;1.056228712E1
3.034521713E1;3.113525391E-2;-3.128494263E-2;-1.058478882E1;1.058488084E1
3.035525913E1;2.993774414E-2;-1.227447510E-2;-1.059032730E1;1.059037673E1
3.036530012E1;3.682342529E-2;-2.739303589E-2;-1.056203613E1;1.056213585E1
3.037534112E1;3.787124634E-2;-2.125579834E-2;-1.060170364E1;1.060179259E1
3.038538312E1;2.140548706E-2;-2.993774414E-4;-1.063493454E1;1.063495609E1
3.039542413E1;3.098556519E-2;-2.320175171E-2;-1.056727524E1;1.056734614E1
3.040546513E1;3.427871704E-2;-1.077758789E-2;-1.060529617E1;1.060535705E1
3.041550713E1;3.323089600E-2;-3.891906738E-3;-1.062924637E1;1.062929903E1
3.042554813E1;3.083587646E-2;-9.280700684E-3;-1.059990738E1;1.059995629E1
3.043558912E1;2.335144043E-2;-9.430389404E-3;-1.065663940E1;1.065666916E1
3.044563113E1;3.547622681E-2;-2.619552612E-2;-1.064167053E1;1.064176191E1
3.045567212E1;3.727249146E-2;-2.514770508E-2;-1.064975372E1;1.064984864E1
3.046571313E1;4.026626587E-2;-1.990859985E-2;-1.066936295E1;1.066945750E1
3.047575512E1;3.457809448E-2;-2.005828857E-2;-1.064675995E1;1.064683499E1
3.048579613E1;3.727249146E-2;-1.047821045E-3;-1.068882248E1;1.068888752E1
3.049583712E1;4.819976807E-2;-3.757186890E-2;-1.065184937E1;1.065202468E1
3.050587812E1;3.502716064E-2;-1.466949463E-2;-1.068373306E1;1.068380055E1
3.051592012E1;3.547622681E-2;-9.131011963E-3;-1.067325485E1;1.067331772E1
3.052596112E1;2.634521484E-2;-1.242416382E-2;-1.064361649E1;1.064365634E1
3.053600213E1;2.395019531E-2;-1.437011719E-2;-1.069376221E1;1.069379868E1
3.054604413E1;2.724334717E-2;-2.529739380E-2;-1.066023193E1;1.066029676E1
3.055608513E1;2.784210205E-2;-3.023712158E-2;-1.069076843E1;1.069084745E1
3.056612612E1;3.263214111E-2;-2.799179077E-2;-1.068103867E1;1.068112519E1
3.057616813E1;2.993774414E-3;-2.380050659E-2;-1.068208649E1;1.068211342E1
3.058620912E1;4.146377563E-2;-2.948867798E-2;-1.067744614E1;1.067756736E1
3.059625013E1;2.903961182E-2;-3.787124634E-2;-1.068912186E1;1.068922839E1
3.060629212E1;2.395019531E-2;-2.350112915E-2;-1.067415298E1;1.067420572E1
3.061633313E1;3.832031250E-2;-2.619552612E-2;-1.067115921E1;1.067126017E1
3.062637413E1;1.182540894E-2;-1.287322998E-2;-1.068627777E1;1.068629207E1
3.063641613E1;3.068618774E-2;-2.424957275E-2;-1.068627777E1;1.068634934E1
3.064645712E1;1.302291870E-2;-1.242416382E-2;-1.066891388E1;1.066892906E1
3.065649812E1;3.981719971E-2;-1.107696533E-2;-1.067310516E1;1.067318518E1
3.066653913E1;1.077758789E-2;-8.981323242E-4;-1.067100952E1;1.067101500E1
3.067658113E1;3.353027344E-2;-1.960922241E-2;-1.066517166E1;1.066524240E1
3.068662213E1;2.350112915E-2;-2.305206299E-2;-1.068912186E1;1.068917255E1
3.069666312E1;3.547622681E-2;-3.203338623E-2;-1.064301773E1;1.064312506E1
3.070670513E1;4.715194702E-2;-3.547622681E-2;-1.063703018E1;1.063719385E1
3.071674612E1;3.592529297E-2;-1.062789917E-2;-1.063238983E1;1.063245584E1
3.072678713E1;4.640350342E-2;-2.874023438E-2;-1.064690964E1;1.064704955E1
3.073682912E1;1.691482544E-2;-1.916015625E-2;-1.066367477E1;1.066370540E1
3.074687013E1;3.787124634E-2;-2.469863892E-2;-1.062999481E1;1.063009097E1
3.075691113E1;2.095642090E-2;-2.230361938E-2;-1.063478485E1;1.063482889E1
3.076695313E1;3.158432007E-2;-1.526824951E-2;-1.061801971E1;1.061807767E1
3.077699412E1;4.056564331E-2;-1.571731567E-2;-1.063029419E1;1.063038321E1
3.078703512E1;1.975891113E-2;-7.634124756E-3;-1.064646057E1;1.064648164E1
3.079707712E1;4.685256958E-2;-2.365081787E-2;-1.061921722E1;1.061934692E1
3.080711813E1;3.338058472E-2;-1.107696533E-2;-1.061652283E1;1.061658108E1
3.081715913E1;3.472778320E-2;-1.272354126E-2;-1.059302170E1;1.059308626E1
3.082720012E1;2.739303589E-2;-1.676513672E-2;-1.060529617E1;1.060534480E1
3.083724213E1;3.427871704E-2;-2.993774414E-4;-1.060739182E1;1.060744721E1
3.084728312E1;3.038681030E-2;-1.481918335E-2;-1.058957886E1;1.058963282E1
3.085732379E1;1.975891113E-2;-2.679428101E-2;-1.057880127E1;1.057885365E1
3.086736579E1;2.065704346E-2;-1.422042847E-2;-1.059347076E1;1.059350045E1
3.087740679E1;3.442840576E-2;-2.350112915E-2;-1.058448944E1;1.058457152E1
3.088744779E1;3.652404785E-2;-2.065704346E-2;-1.061203217E1;1.061211512E1
3.089748979E1;2.230361938E-2;-2.230361938E-2;-1.060814026E1;1.060818715E1
3.090753079E1;2.110610962E-2;-2.649490356E-2;-1.058299255E1;1.058304677E1
3.091757179E1;3.382965088E-2;-1.317260742E-2;-1.059107574E1;1.059113796E1
3.092761379E1;2.424957275E-2;-1.017883301E-2;-1.059781174E1;1.059784437E1
3.093765479E1;3.921844482E-2;-1.990859985E-2;-1.059421921E1;1.059431050E1
3.094769579E1;4.206253052E-2;-2.215393066E-2;-1.058823166E1;1.058833838E1
3.095773779E1;2.275268555E-2;-6.137237549E-3;-1.059242294E1;1.059244916E1
3.096777879E1;3.038681030E-2;-1.302291870E-2;-1.057790314E1;1.057795480E1
3.097781979E1;4.715194702E-2;-1.930984497E-2;-1.058853104E1;1.058865363E1
3.098786079E1;2.544708252E-2;-8.981323242E-3;-1.057745407E1;1.057748849E1
3.099790279E1;1.541793823E-2;-9.729766846E-3;-1.057251434E1;1.057253006E1
3.100794379E1;2.649490356E-2;-4.026626587E-2;-1.058568695E1;1.058579669E1
3.101798479E1;3.502716064E-2;-2.619552612E-2;-1.058164536E1;1.058173575E1
3.102802679E1;1.362167358E-2;-3.562591553E-2;-1.056443115E1;1.056450000E1
3.103806779E1;1.960922241E-2;-2.290237427E-2;-1.057356216E1;1.057360515E1
3.104810879E1;3.353027344E-2;-1.541793823E-2;-1.058763290E1;1.058769722E1
3.105815079E1;3.023712158E-2;7.484436035E-4;-1.055080948E1;1.055085283E1
3.106819179E1;2.918930054E-2;-1.197509766E-2;-1.054392380E1;1.054397100E1
3.107823279E1;1.886077881E-2;-2.709365845E-2;-1.057011932E1;1.057017087E1
3.108827479E1;1.137634277E-2;-3.442840576E-3;-1.058972855E1;1.058973522E1
3.109831579E1;2.365081787E-2;-1.856140137E-2;-1.057790314E1;1.057794586E1
3.110835679E1;3.427871704E-2;-1.377136230E-2;-1.055634796E1;1.055641260E1
3.111839879E1;2.963836670E-2;-5.239105225E-3;-1.055559952E1;1.055564243E1
3.112843979E1;4.520599365E-2;-2.694396973E-3;-1.059347076E1;1.059356756E1
3.113848079E1;2.993774414E-2;-1.496887207E-4;-1.058448944E1;1.058453178E1
3.114852179E1;5.987548828E-4;-1.107696533E-2;-1.057625656E1;1.057626238E1
3.115856379E1;2.469863892E-2;-1.107696533E-2;-1.058942917E1;1.058946377E1
3.116860479E1;3.263214111E-2;-3.487747192E-2;-1.059451859E1;1.059462625E1
3.117864579E1;3.442840576E-2;-2.290237427E-2;-1.060185333E1;1.060193397E1
3.118868779E1;2.814147949E-2;-2.110610962E-2;-1.058673477E1;1.058679321E1
3.119872879E1;4.041595459E-2;-3.607498169E-2;-1.059302170E1;1.059316022E1
3.120876979E1;5.792953491E-2;-2.140548706E-2;-1.057490936E1;1.057508969E1
3.121881179E1;5.149291992E-2;-1.257385254E-2;-1.057071808E1;1.057085097E1
3.122885279E1;5.284011841E-2;-2.709365845E-2;-1.057146652E1;1.057163330E1
3.123889379E1;4.266128540E-2;-5.987548828E-3;-1.057610687E1;1.057619461E1
3.124893579E1;2.065704346E-2;5.688171387E-3;-1.060140427E1;1.060142592E1
3.125897679E1;1.496887207E-2;-3.143463135E-3;-1.057910065E1;1.057911170E1
3.126901779E1;2.589614868E-2;-9.131011963E-3;-1.059975769E1;1.059979326E1
3.127905979E1;1.481918335E-2;-1.841171265E-2;-1.060484711E1;1.060487344E1
3.128910079E1;2.424957275E-2;-2.395019531E-2;-1.059945831E1;1.059951311E1
3.129914179E1;2.844085693E-2;-2.993774414E-4;-1.059661423E1;1.059665240E1
3.130918279E1;2.724334717E-2;-2.260299683E-2;-1.060739182E1;1.060745088E1
3.131922479E1;4.326004028E-2;-2.095642090E-2;-1.059990738E1;1.060001637E1
3.132926579E1;3.412902832E-2;-3.038681030E-2;-1.061382843E1;1.061392680E1
3.133930679E1;3.906875610E-2;-3.667373657E-2;-1.060020676E1;1.060034219E1
3.134934879E1;6.436614990E-2;-3.008743286E-2;-1.060799057E1;1.060822851E1
3.135938979E1;3.472778320E-2;-2.799179077E-2;-1.060619431E1;1.060628810E1
3.136943079E1;3.637435913E-2;-2.290237427E-2;-1.062954575E1;1.062963265E1
3.137947279E1;2.709365845E-2;-2.020797729E-2;-1.062924637E1;1.062930011E1
3.138951379E1;1.901046753E-2;-5.239105225E-3;-1.060888870E1;1.060890703E1
3.139955479E1;1.347198486E-2;2.694396973E-3;-1.059826080E1;1.059826971E1
3.140959679E1;2.245330811E-2;-1.541793823E-2;-1.058808197E1;1.058811700E1
3.141963779E1;2.200424194E-2;-1.362167358E-2;-1.062086380E1;1.062089533E1
3.142967879E1;2.694396973E-2;-1.841171265E-2;-1.062176193E1;1.062181206E1
3.143972079E1;1.197509766E-2;-1.616638184E-2;-1.062295944E1;1.062297849E1
3.144976179E1;2.694396973E-2;-2.739303589E-2;-1.064092209E1;1.064099146E1
3.145980279E1;2.215393066E-2;-7.484436035E-4;-1.063313828E1;1.063316138E1
3.146984379E1;4.340972900E-2;3.113525391E-2;-1.063837738E1;1.063851151E1
3.147988579E1;4.086502075E-2;3.457809448E-2;-1.064421524E1;1.064434985E1
3.148992679E1;5.508544922E-2;1.302291870E-2;-1.064870590E1;1.064885634E1
3.149996779E1;4.296066284E-2;-1.901046753E-2;-1.063268921E1;1.063279299E1
3.151000979E1;1.272354126E-2;-3.532653809E-2;-1.066636917E1;1.066643526E1
3.152005079E1;1.137634277E-2;-4.490661621E-2;-1.066337540E1;1.066347602E1
3.153009179E1;2.454895020E-2;-4.161346436E-2;-1.063972458E1;1.063983428E1
3.154013379E1;1.916015625E-2;-4.311035156E-2;-1.061682220E1;1.061692702E1
3.155017479E1;1.990859985E-2;-4.385879517E-2;-1.061712158E1;1.061723084E1
3.156021579E1;4.834945679E-2;-4.879852295E-2;-1.061816940E1;1.061839161E1
3.157025779E1;5.044509888E-2;-3.742218018E-2;-1.062370789E1;1.062389356E1
3.158029879E1;3.921844482E-2;-4.191284180E-2;-1.064840652E1;1.064856123E1
3.159033979E1;5.343887329E-2;-4.490661621E-2;-1.060799057E1;1.060822022E1
3.160038079E1;2.784210205E-2;-1.362167358E-2;-1.061757065E1;1.061761589E1
3.161042279E1;5.987548828E-4;-7.484436035E-3;-1.064780777E1;1.064781042E1
3.162046379E1;1.332229614E-2;-2.484832764E-2;-1.063942520E1;1.063946256E1
3.163050479E1;2.140548706E-2;-3.442840576E-3;-1.064421524E1;1.064423732E1
3.164054679E1;2.409988403E-2;5.388793945E-3;-1.059661423E1;1.059664300E1
3.165058779E1;5.942642212E-2;-7.185058594E-3;-1.056098831E1;1.056115795E1
3.166062879E1;5.328918457E-2;1.152603149E-2;-1.059601547E1;1.059615574E1
3.167067079E1;3.981719971E-2;3.592529297E-3;-1.060649368E1;1.060656903E1
3.168071179E1;4.056564331E-2;6.286926270E-3;-1.061337936E1;1.061345875E1
3.169075279E1;2.200424194E-2;-1.496887207E-2;-1.062131287E1;1.062134621E1
3.170079479E1;1.886077881E-2;-1.721420288E-2;-1.057640625E1;1.057643708E1
3.171083579E1;1.002914429E-2;-1.646575928E-3;-1.059721298E1;1.059721786E1
3.172087679E1;2.230361938E-2;-1.212478638E-2;-1.059077637E1;1.059080679E1
3.173091879E1;1.317260742E-2;-2.469863892E-2;-1.057011932E1;1.057015639E1
3.174095979E1;2.290237427E-2;-2.110610962E-2;-1.055994049E1;1.055998642E1
3.175100079E1;2.380050659E-2;-2.694396973E-2;-1.054167847E1;1.054173977E1
3.176104179E1;2.829116821E-2;-1.916015625E-2;-1.051862640E1;1.051868190E1
3.177108379E1;1.990859985E-2;8.981323242E-4;-1.052431458E1;1.052433344E1
3.178112479E1;3.622467041E-2;-4.490661621E-3;-1.053404434E1;1.053410758E1
3.179116579E1;4.610412598E-2;-9.280700684E-3;-1.050290909E1;1.050301438E1
3.180120779E1;4.296066284E-2;8.981323242E-4;-1.048210236E1;1.048219043E1
3.181124879E1;3.038681030E-2;-0.000000000E0;-1.049213150E1;1.049217550E1
3.182128979E1;6.885681152E-3;-1.631607056E-2;-1.048060547E1;1.048062043E1
3.183133179E1;7.185058594E-3;8.981323242E-3;-1.051727921E1;1.051728549E1
3.184137279E1;2.020797729E-2;1.032852173E-2;-1.047626450E1;1.047628908E1
3.185141379E1;3.203338623E-2;-2.544708252E-3;-1.039827667E1;1.039832633E1
3.186145587E1;3.847000122E-2;3.592529297E-3;-1.038884628E1;1.038891813E1
3.187149687E1;2.963836670E-2;-1.945953369E-3;-1.038719971E1;1.038724217E1
3.188153788E1;1.631607056E-2;-4.790039062E-3;-1.041264679E1;1.041266067E1
3.189157888E1;1.242416382E-2;-1.422042847E-2;-1.041953247E1;1.041954958E1
3.190162088E1;8.232879639E-3;-7.484436035E-3;-1.037717056E1;1.037717653E1
3.191166187E1;1.826202393E-2;-1.122665405E-2;-1.038929535E1;1.038931747E1
3.192170287E1;2.814147949E-2;-1.407073975E-2;-1.036923706E1;1.036928479E1
3.193174487E1;4.580474854E-2;-2.200424194E-2;-1.036908737E1;1.036921189E1
3.194178588E1;5.194198608E-2;-5.927673340E-2;-1.037297928E1;1.037327869E1
3.195182688E1;3.367996216E-2;-7.514373779E-2;-1.034872971E1;1.034905732E1
3.196186888E1;4.565505981E-2;-8.801696777E-2;-1.034678375E1;1.034725883E1
3.197190988E1;3.891906738E-2;-6.481521606E-2;-1.033675461E1;1.033703108E1
3.198195087E1;4.415817261E-2;-1.766326904E-2;-1.034872971E1;1.034883899E1
3.199199288E1;3.562591553E-2;-1.032852173E-2;-1.033391052E1;1.033397709E1
3.200203387E1;2.290237427E-2;9.729766846E-3;-1.029169830E1;1.029172839E1
3.201207488E1;4.206253052E-2;-4.490661621E-4;-1.027178970E1;1.027187583E1
3.202211687E1;6.601272583E-2;-1.841171265E-2;-1.028421387E1;1.028444221E1
3.203215788E1;7.409591675E-2;-3.742218018E-2;-1.027732819E1;1.027766341E1
3.204219887E1;4.969665527E-2;-5.089416504E-2;-1.026610153E1;1.026634797E1
3.205223987E1;4.071533203E-2;-5.418731689E-2;-1.027493317E1;1.027515672E1
3.206228187E1;3.323089600E-2;-4.879852295E-2;-1.031295410E1;1.031312309E1
3.207232288E1;1.002914429E-2;-2.978805542E-2;-1.032462982E1;1.032467766E1
3.208236388E1;1.661544800E-2;-2.574645996E-2;-1.029544052E1;1.029548612E1
3.209240588E1;4.340972900E-3;-1.122665405E-2;-1.025667114E1;1.025667821E1
3.210244688E1;1.332229614E-2;-1.526824951E-2;-1.024140289E1;1.024142294E1
3.211248787E1;1.871109009E-2;-2.559677124E-2;-1.023586441E1;1.023591352E1
3.212252988E1;4.086502075E-2;-2.080673218E-2;-1.026146118E1;1.026156365E1
3.213257087E1;6.017486572E-2;-2.110610962E-2;-1.024469604E1;1.024489451E1
3.214261188E1;5.254074097E-2;-2.963836670E-2;-1.025247986E1;1.025265732E1
3.215265288E1;5.313949585E-2;-1.212478638E-2;-1.027687912E1;1.027702366E1
3.216269488E1;5.598358154E-2;-1.496887207E-4;-1.027792694E1;1.027807941E1
3.217273588E1;4.745132446E-2;-1.002914429E-2;-1.022643402E1;1.022654903E1
3.218277687E1;2.948867798E-2;-1.422042847E-2;-1.019619690E1;1.019624946E1
3.219281887E1;3.248245239E-2;-2.020797729E-2;-1.019065842E1;1.019073022E1
3.220285987E1;4.430786133E-2;2.544708252E-3;-1.020323227E1;1.020332879E1
3.221290088E1;2.050735474E-2;-1.122665405E-2;-1.019754410E1;1.019757090E1
3.222294288E1;2.829116821E-2;-1.856140137E-2;-1.018392242E1;1.018397864E1
3.223298388E1;1.242416382E-2;-1.182540894E-2;-1.018077896E1;1.018079341E1
3.224302487E1;4.475692749E-2;-3.742218018E-3;-1.019125717E1;1.019135614E1
3.225306688E1;2.395019531E-2;-1.017883301E-2;-1.020413040E1;1.020416359E1
3.226310787E1;1.930984497E-2;-2.035766602E-2;-1.012479538E1;1.012483426E1
3.227314888E1;4.790039062E-3;8.981323242E-4;-1.010294083E1;1.010294200E1
3.228319087E1;1.571731567E-2;-5.837860107E-3;-1.009081604E1;1.009082997E1
3.229323188E1;2.604583740E-2;-2.694396973E-3;-1.011581406E1;1.011584795E1
3.230327288E1;3.577560425E-2;-3.308120728E-2;-1.013362701E1;1.013374416E1
3.231331387E1;3.263214111E-2;-2.859054565E-2;-1.013213013E1;1.013222301E1
3.232335587E1;4.999603271E-2;-3.667373657E-2;-1.013587234E1;1.013606199E1
3.233339687E1;4.176315308E-2;-3.637435913E-2;-1.014799713E1;1.014814826E1
3.234343788E1;6.062393188E-2;-1.736389160E-2;-1.015623001E1;1.015642579E1
3.235347988E1;5.433700562E-2;-2.903961182E-2;-1.010653336E1;1.010672114E1
3.236352088E1;3.532653809E-2;-1.496887207E-3;-1.010413834E1;1.010420020E1
3.237356187E1;2.709365845E-2;5.987548828E-3;-1.011446686E1;1.011450492E1
3.238360388E1;-1.017883301E-2;6.137237549E-3;-1.014470398E1;1.014471094E1
3.239364487E1;-1.646575928E-2;9.430389404E-3;-1.013108231E1;1.013110008E1
3.240368588E1;-8.681945801E-3;1.451980591E-2;-1.009845016E1;1.009846434E1
3.241372787E1;5.358856201E-2;-3.592529297E-3;-1.007045837E1;1.007060160E1
3.242376888E1;6.750961304E-2;4.640350342E-3;-1.006611740E1;1.006634485E1
3.243380988E1;1.127156067E-1;3.891906738E-3;-1.002600082E1;1.002663515E1
3.244385087E1;9.924362183E-2;-9.729766846E-3;-1.001567230E1;1.001616871E1
3.245389287E1;8.951385498E-2;3.592529297E-3;-1.003782623E1;1.003822599E1
3.246393387E1;1.056802368E-1;-1.242416382E-2;-1.008303223E1;1.008359368E1
3.247397488E1;3.233276367E-2;-2.484832764E-2;-1.010683273E1;1.010691500E1
3.248401687E1;-2.634521484E-2;-2.454895020E-2;-1.010204269E1;1.010210688E1
3.249405788E1;-6.496490479E-2;-1.182540894E-2;-1.011940659E1;1.011962202E1
3.250409887E1;-6.601272583E-2;-2.634521484E-2;-1.008303223E1;1.008328273E1
3.251414088E1;-1.017883301E-2;-1.960922241E-2;-1.007165588E1;1.007168012E1
3.252418187E1;8.981323242E-3;-1.422042847E-2;-1.001537292E1;1.001538705E1
3.253422288E1;-1.945953369E-3;-3.742218018E-3;-9.990225220E0;9.990226110E0
3.254426487E1;1.751358032E-2;5.688171387E-3;-9.995614014E0;9.995630975E0
3.255430588E1;4.266128540E-2;3.592529297E-3;-9.987081757E0;9.987173519E0
3.256434688E1;6.047424316E-2;-5.837860107E-3;-9.934541016E0;9.934726791E0
3.257438787E1;7.095245361E-2;1.347198486E-2;-9.917027435E0;9.917290401E0
3.258442988E1;7.110214233E-2;2.844085693E-3;-9.952054596E0;9.952308993E0
3.259447087E1;5.164260864E-2;-2.170486450E-2;-9.961335297E0;9.961492807E0
3.260451188E1;4.790039063E-2;-3.592529297E-2;-9.975705414E0;9.975885102E0
3.261455387E1;4.011657715E-2;-4.909790039E-2;-9.952803040E0;9.953004988E0
3.262459488E1;1.901046753E-2;-3.876937866E-2;-9.961335297E0;9.961428881E0
3.263463588E1;-1.496887207E-3;-9.131011963E-3;-9.996661835E0;9.996666117E0
3.264467788E1;4.939727783E-3;-1.392105103E-2;-1.000938538E1;1.000939628E1
3.265471887E1;-4.745132446E-2;-2.365081787E-2;-9.994266815E0;9.994407444E0
3.266475987E1;-5.942642212E-2;-1.377136230E-2;-9.999056854E0;9.999242928E0
3.267480088E1;-1.167572021E-2;-1.631607056E-2;-9.981094208E0;9.981114373E0
3.268484288E1;2.050735474E-2;-1.661544800E-2;-9.949958954E0;9.949993960E0
3.269488388E1;4.191284180E-2;-2.005828857E-2;-9.913734283E0;9.913843173E0
3.270492487E1;4.625381470E-2;-1.137634277E-2;-9.912237396E0;9.912351842E0
3.271496688E1;5.313949585E-2;-1.661544800E-2;-9.915979614E0;9.916135920E0
3.272500787E1;3.802093506E-2;-2.799179077E-2;-9.927206268E0;9.927318542E0
3.273504888E1;3.038681030E-2;-3.577560425E-2;-9.928703156E0;9.928814109E0
3.274509087E1;-5.388793945E-3;-3.906875610E-2;-9.903256073E0;9.903334603E0
3.275513188E1;9.430389404E-3;-4.146377563E-2;-9.918674011E0;9.918765161E0
3.276517288E1;2.484832764E-2;-3.592529297E-2;-9.918674011E0;9.918770196E0
3.277521488E1;3.517684937E-2;-4.984634399E-2;-9.893077240E0;9.893265353E0
3.278525587E1;5.448669434E-2;-4.266128540E-2;-9.858798523E0;9.859041389E0
3.279529687E1;5.792953491E-2;-2.215393066E-2;-9.882299652E0;9.882494272E0
3.280533788E1;5.284011841E-2;-1.571731567E-2;-9.869725800E0;9.869879760E0
3.281537988E1;5.568420410E-2;-7.634124756E-3;-9.860295410E0;9.860455597E0
3.282542088E1;3.817062378E-2;-8.981323242E-4;-9.840686188E0;9.840760258E0
3.283546187E1;3.338058472E-2;2.275268555E-2;-9.810000000E0;9.810083177E0
3.284550388E1;1.197509766E-2;9.430389404E-3;-9.826166382E0;9.826178204E0
3.285554487E1;6.586303711E-3;-1.332229614E-2;-9.781858521E0;9.781869810E0
3.286558563E1;-8.681945801E-3;4.640350342E-3;-9.793683929E0;9.793688877E0
3.287562763E1;-4.790039062E-3;-2.574645996E-2;-9.841434631E0;9.841469475E0
3.288566863E1;-8.681945801E-3;-4.445755005E-2;-9.870324554E0;9.870428494E0
3.289570962E1;-4.340972900E-3;-4.296066284E-2;-9.850865021E0;9.850959655E0
3.290575163E1;1.362167358E-2;-4.685256958E-2;-9.837692413E0;9.837813412E0
3.291579262E1;7.933502197E-3;-6.242019653E-2;-9.822424164E0;9.822625702E0
3.292583363E1;1.541793823E-2;-7.723937988E-2;-9.793683929E0;9.794000640E0
3.293587463E1;3.787124634E-2;-8.622070312E-2;-9.779762878E0;9.780216265E0
3.294591663E1;4.999603271E-2;-9.789642334E-2;-9.764494629E0;9.765113347E0
3.295595763E1;6.376739502E-2;-8.277786255E-2;-9.747280426E0;9.747840487E0
3.296599862E1;7.753875732E-2;-8.247848511E-2;-9.784552917E0;9.785207752E0
3.297604063E1;7.229965210E-2;-7.888595581E-2;-9.786349182E0;9.786934175E0
3.298608162E1;5.777984619E-2;-5.688171387E-2;-9.763596497E0;9.763933152E0
3.299612263E1;2.739303589E-2;-2.739303589E-2;-9.774523773E0;9.774600542E0
3.300616462E1;1.451980591E-2;-6.137237549E-3;-9.774972839E0;9.774985550E0
3.301620563E1;-1.197509766E-3;3.981719971E-2;-9.757159882E0;9.757241198E0
3.302624662E1;-6.586303711E-3;2.029779053E-1;-9.715097351E0;9.717219764E0
3.303628863E1;-3.293151855E-3;2.463876343E-1;-9.700876923E0;9.704005914E0
3.304632962E1;1.182540894E-2;2.134561157E-1;-9.716145172E0;9.718496816E0
3.305637062E1;1.901046753E-2;1.371148682E-1;-9.758058014E0;9.759039814E0
3.306641163E1;5.014572144E-2;2.305206299E-2;-9.773475952E0;9.773631780E0
3.307645363E1;6.002517700E-2;-5.089416504E-2;-9.796228638E0;9.796544736E0
3.308649463E1;5.433700562E-2;-9.819580078E-2;-9.809550934E0;9.810192885E0
3.309653562E1;3.068618774E-2;-1.179547119E-1;-9.803264008E0;9.804021632E0
3.310657763E1;2.215393066E-2;-8.427474976E-2;-9.793683929E0;9.794071571E0
3.311661862E1;-1.032852173E-2;-5.987548828E-2;-9.759854279E0;9.760043406E0
3.312665963E1;1.212478638E-2;-4.715194702E-2;-9.734257507E0;9.734379258E0
3.313670162E1;5.538482666E-2;-4.281097412E-2;-9.708660736E0;9.708913098E0
3.314674263E1;5.164260864E-2;-3.293151855E-2;-9.699679413E0;9.699872791E0
3.315678363E1;5.373825073E-2;-1.706451416E-2;-9.760003967E0;9.760166824E0
3.316682462E1;4.041595459E-2;-2.709365845E-2;-9.771230621E0;9.771351768E0
3.317686662E1;2.110610962E-2;-2.260299683E-2;-9.771529999E0;9.771578935E0
3.318690762E1;1.347198486E-2;-1.152603149E-2;-9.800270233E0;9.800286271E0
3.319694863E1;-1.122665405E-2;3.293151855E-3;-9.771380310E0;9.771387314E0
3.320699063E1;-4.326004028E-2;1.496887207E-3;-9.749525757E0;9.749621847E0
3.321703163E1;-1.616638184E-2;8.382568359E-3;-9.727671204E0;9.727688249E0
3.322707262E1;1.945953369E-3;9.580078125E-3;-9.703870697E0;9.703875621E0
3.323711463E1;1.691482544E-2;-1.047821045E-3;-9.702673187E0;9.702687988E0
3.324715562E1;3.951782227E-2;-2.903961182E-2;-9.751322021E0;9.751445335E0
3.325719663E1;5.373825073E-2;-2.903961182E-2;-9.806856537E0;9.807046764E0
3.326723862E1;5.134323120E-2;-4.984634399E-2;-9.782008209E0;9.782269951E0
3.327727963E1;3.233276367E-2;-6.855743408E-2;-9.798923035E0;9.799216202E0
3.328732063E1;3.218307495E-2;-7.080276489E-2;-9.830806732E0;9.831114372E0
3.329736162E1;2.784210205E-2;-5.912704468E-2;-9.801018677E0;9.801236570E0
3.330740362E1;2.844085693E-3;-4.430786133E-2;-9.794132996E0;9.794233631E0
3.331744462E1;-6.436614990E-3;-4.191284180E-3;-9.794881439E0;9.794884451E0
3.332748563E1;-0.000000000E0;6.301895142E-2;-9.814340973E0;9.814543297E0
3.333752763E1;2.978805542E-2;7.544311523E-2;-9.802814941E0;9.803150502E0
3.334756863E1;4.415817261E-2;1.019380188E-1;-9.773925018E0;9.774556336E0
3.335760962E1;6.286926270E-2;6.017486572E-2;-9.792187042E0;9.792573749E0
3.336765163E1;7.918533325E-2;3.188369751E-2;-9.823621674E0;9.823992553E0
3.337769262E1;7.484436035E-2;-4.475692749E-2;-9.836794281E0;9.837180825E0
3.338773363E1;9.160949707E-2;-7.978408813E-2;-9.819729767E0;9.820481174E0
3.339777562E1;8.801696777E-2;-7.394622803E-2;-9.824819183E0;9.825491693E0
3.340781663E1;6.885681152E-2;-8.846603394E-2;-9.837842102E0;9.838480814E0
3.341785763E1;3.697311401E-2;-7.080276489E-2;-9.848170624E0;9.848494539E0
3.342789862E1;1.332229614E-2;-4.116439819E-2;-9.853409729E0;9.853504721E0
3.343794063E1;7.484436035E-3;7.634124756E-3;-9.840386810E0;9.840392618E0
3.344798162E1;2.350112915E-2;2.814147949E-2;-9.851014709E0;9.851082938E0
3.345802263E1;6.286926270E-2;1.975891113E-2;-9.859397278E0;9.859617520E0
3.346806462E1;8.637039185E-2;3.742218018E-3;-9.811796265E0;9.812177118E0
3.347810563E1;1.073268127E-1;-9.131011963E-3;-9.810000000E0;9.810591339E0
3.348814662E1;1.202000427E-1;-2.574645996E-2;-9.844278717E0;9.845046185E0
3.349818863E1;8.247848511E-2;-2.903961182E-2;-9.870623932E0;9.871011235E0
3.350822962E1;5.388793945E-2;-1.526824951E-2;-9.852062531E0;9.852221736E0
3.351827063E1;1.856140137E-2;-5.388793945E-3;-9.864037628E0;9.864056564E0
3.352831163E1;-7.484436035E-3;-3.592529297E-3;-9.881700897E0;9.881704385E0
3.353835363E1;-3.248245239E-2;-9.280700684E-3;-9.921518097E0;9.921575610E0
3.354839463E1;-2.335144043E-2;-2.544708252E-3;-9.870773621E0;9.870801570E0
3.355843562E1;-2.903961182E-2;-3.891906738E-3;-9.823172607E0;9.823216302E0
3.356847763E1;-3.143463135E-3;1.047821045E-3;-9.850865021E0;9.850865578E0
3.357851862E1;2.395019531E-2;-1.871109009E-2;-9.881551208E0;9.881597948E0
3.358855963E1;6.451583862E-2;-2.275268555E-2;-9.833201752E0;9.833439717E0
3.359860162E1;6.256988525E-2;-2.215393066E-2;-9.818232880E0;9.818457245E0
3.360864263E1;7.798782349E-2;-1.886077881E-2;-9.839338989E0;9.839666131E0
3.361868363E1;7.574249268E-2;-1.811233521E-2;-9.859247589E0;9.859555163E0
3.362872563E1;7.768844604E-2;-1.407073975E-2;-9.842183075E0;9.842499741E0
3.363876662E1;4.520599365E-2;7.185058594E-3;-9.823322296E0;9.823428940E0
3.364880762E1;2.245330811E-2;-5.538482666E-3;-9.809700623E0;9.809727883E0
3.365884863E1;1.332229614E-2;1.047821045E-2;-9.831854553E0;9.831869163E0
3.366889063E1;4.939727783E-3;1.796264648E-3;-9.848170624E0;9.848172026E0
3.367893163E1;1.302291870E-2;-2.814147949E-2;-9.816286926E0;9.816335903E0
3.368897262E1;4.490661621E-3;-3.128494263E-2;-9.811047821E0;9.811098729E0
3.369901463E1;1.601669312E-2;-2.829116821E-2;-9.861941986E0;9.861995572E0
3.370905562E1;2.020797729E-2;-4.415817261E-2;-9.859546967E0;9.859666561E0
3.371909663E1;3.083587646E-2;-6.167175293E-2;-9.828561401E0;9.828803258E0
3.372913862E1;2.799179077E-2;-5.104385376E-2;-9.822274475E0;9.822446990E0
3.373917963E1;4.625381470E-2;-7.708969116E-2;-9.844877472E0;9.845287943E0
3.374922063E1;6.406677246E-2;-8.876541138E-2;-9.818382568E0;9.818992826E0
3.375926263E1;6.286926270E-2;-7.289840698E-2;-9.761351166E0;9.761825818E0
3.376930362E1;3.996688843E-2;-8.786727905E-2;-9.778715057E0;9.779191489E0
3.377934462E1;7.783813477E-3;-6.825805664E-2;-9.826615448E0;9.826855596E0
3.378938563E1;-9.131011963E-3;-4.924758911E-2;-9.833052063E0;9.833179627E0
3.379942763E1;-3.367996216E-2;-2.544708252E-2;-9.763147430E0;9.763238686E0
3.380946863E1;-6.825805664E-2;7.035369873E-2;-9.725575562E0;9.726069546E0
3.381950962E1;-5.792953491E-2;1.157093811E-1;-9.737850037E0;9.738709762E0
3.382955163E1;-3.727249146E-2;1.188528442E-1;-9.745783539E0;9.746579504E0
3.383959262E1;8.981323242E-4;9.565109253E-2;-9.734856262E0;9.735326208E0
3.384963363E1;1.362167358E-2;7.035369873E-2;-9.754914551E0;9.755177758E0
3.385967604E1;3.203338623E-2;3.263214111E-2;-9.745484161E0;9.745591441E0
3.386971704E1;5.313949585E-2;-7.035369873E-3;-9.764045563E0;9.764192699E0
3.387975804E1;7.993377686E-2;-5.673202515E-2;-9.749376068E0;9.749868802E0
3.388979904E1;5.583389282E-2;-7.424560547E-2;-9.764943695E0;9.765385563E0
3.389984104E1;2.140548706E-2;-8.547225952E-2;-9.793085175E0;9.793481553E0
3.390988204E1;5.089416504E-3;-7.454498291E-2;-9.828411713E0;9.828695725E0
3.391992304E1;-4.490661621E-3;-5.284011841E-2;-9.793085175E0;9.793228757E0
3.392996504E1;2.694396973E-3;-4.610412598E-2;-9.771979065E0;9.772088195E0
3.394000604E1;2.095642090E-2;2.844085693E-3;-9.776320038E0;9.776342912E0
3.395004704E1;3.802093506E-2;4.790039062E-3;-9.781259766E0;9.781334834E0
3.396008904E1;3.248245239E-2;1.796264648E-2;-9.767638092E0;9.767708619E0
3.397013004E1;2.724334717E-2;8.681945801E-3;-9.752369843E0;9.752411759E0
3.398017104E1;4.071533203E-2;3.053649902E-2;-9.783654785E0;9.783787159E0
3.399021204E1;7.499404907E-2;4.206253052E-2;-9.796677704E0;9.797055037E0
3.400025404E1;9.639953613E-2;-8.981323242E-4;-9.769434357E0;9.769909996E0
3.401029504E1;6.721023560E-2;4.191284180E-3;-9.774823151E0;9.775055110E0
3.402033604E1;4.475692749E-2;-2.484832764E-2;-9.815538483E0;9.815671975E0
3.403037804E1;2.484832764E-2;-3.712280273E-2;-9.853260040E0;9.853361303E0
3.404041904E1;1.541793823E-2;-4.819976807E-2;-9.817334747E0;9.817465175E0
3.405046004E1;2.305206299E-2;-4.790039063E-2;-9.805509338E0;9.805653432E0
3.406050204E1;6.077362061E-2;-3.891906738E-2;-9.791139221E0;9.791405179E0
3.407054304E1;8.158035278E-2;-1.451980591E-2;-9.837692413E0;9.838041380E0
3.408058404E1;6.691085815E-2;-1.916015625E-2;-9.814640350E0;9.814887130E0
3.409062604E1;3.367996216E-2;-1.511856079E-2;-9.831854553E0;9.831923864E0
3.410066704E1;-4.640350342E-3;1.796264648E-3;-9.877359924E0;9.877361178E0
3.411070804E1;-8.622070312E-2;7.035369873E-3;-9.911189575E0;9.911567096E0
3.412074904E1;-1.052311707E-1;9.729766846E-3;-9.866282959E0;9.866848924E0
3.413079104E1;-6.227050781E-2;5.837860107E-3;-9.825867004E0;9.826066053E0
3.414083204E1;-2.694396973E-3;-1.062789917E-2;-9.807305603E0;9.807311732E0
3.415087304E1;8.262817383E-2;-1.586700439E-2;-9.810898132E0;9.811258907E0
3.416091504E1;1.276844788E-1;-5.388793945E-3;-9.807155914E0;9.807988555E0
3.417095604E1;1.526824951E-1;-2.290237427E-2;-9.797126770E0;9.798343197E0
3.418099704E1;1.746867371E-1;-9.580078125E-3;-9.816586304E0;9.818145135E0
3.419103904E1;1.329235840E-1;8.382568359E-3;-9.837991791E0;9.838893303E0
3.420108004E1;9.071136475E-2;2.395019531E-3;-9.852661285E0;9.853079148E0
3.421112104E1;3.248245239E-2;-2.245330811E-3;-9.824070740E0;9.824124696E0
3.422116204E1;-1.437011719E-2;-7.933502197E-3;-9.840686188E0;9.840699878E0
3.423120404E1;-2.125579834E-2;-1.960922241E-2;-9.867330780E0;9.867373159E0
3.424124504E1;-1.077758789E-2;-4.640350342E-2;-9.894274750E0;9.894389434E0
3.425128604E1;-4.939727783E-3;-4.520599365E-2;-9.874066772E0;9.874171490E0
3.426132804E1;-5.987548828E-4;-2.634521484E-2;-9.877509613E0;9.877544765E0
3.427136904E1;3.367996216E-2;-3.562591553E-2;-9.895172882E0;9.895294332E0
3.428141004E1;3.697311401E-2;-1.362167358E-2;-9.890083466E0;9.890161956E0
3.429145204E1;3.008743286E-2;1.496887207E-3;-9.881102142E0;9.881148063E0
3.430149304E1;1.451980591E-2;2.844085693E-3;-9.857151947E0;9.857163051E0
3.431153404E1;2.844085693E-3;1.377136230E-2;-9.858050079E0;9.858060109E0
3.432157604E1;1.496887207E-3;2.395019531E-3;-9.859996033E0;9.859996437E0
3.433161704E1;-1.242416382E-2;-1.092727661E-2;-9.828561401E0;9.828575328E0
3.434165804E1;-7.634124756E-3;-1.781295776E-2;-9.812844086E0;9.812863223E0
3.435169904E1;-3.442840576E-3;-1.107696533E-2;-9.829459534E0;9.829466378E0
3.436174104E1;9.729766846E-3;-2.185455322E-2;-9.831405487E0;9.831434592E0
3.437178204E1;3.517684937E-2;-2.245330811E-2;-9.805060272E0;9.805149081E0
3.438182304E1;2.035766602E-2;-1.077758789E-2;-9.801018677E0;9.801045745E0
3.439186504E1;5.912704468E-2;8.232879639E-3;-9.829309845E0;9.829491127E0
3.440190604E1;7.065307617E-2;-6.885681152E-3;-9.829908600E0;9.830164920E0
3.441194704E1;6.526428223E-2;-2.694396973E-2;-9.772577820E0;9.772832888E0
3.442198904E1;6.077362061E-2;-4.535568237E-2;-9.774523773E0;9.774817930E0
3.443203004E1;4.445755005E-2;-2.963836670E-2;-9.798923035E0;9.799068708E0
3.444207104E1;3.832031250E-2;-1.841171265E-2;-9.821376343E0;9.821468358E0
3.445211204E1;2.514770508E-2;-6.885681152E-3;-9.805509338E0;9.805544004E0
3.446215404E1;1.287322998E-2;-7.484436035E-3;-9.790390778E0;9.790402102E0
3.447219504E1;4.041595459E-3;1.347198486E-3;-9.777667236E0;9.777668164E0
3.448223604E1;-4.640350342E-3;1.631607056E-2;-9.748627625E0;9.748642383E0
3.449227804E1;-1.092727661E-2;2.365081787E-2;-9.720935211E0;9.720970124E0
3.450231904E1;1.556762695E-2;1.077758789E-2;-9.725126495E0;9.725144927E0
3.451236004E1;-1.916015625E-2;7.634124756E-3;-9.742490387E0;9.742512219E0
3.452240204E1;-5.837860107E-3;-7.484436035E-3;-9.771080933E0;9.771085543E0
3.453244304E1;1.197509766E-2;-2.844085693E-2;-9.827663269E0;9.827711718E0
3.454248404E1;3.442840576E-3;-4.730163574E-2;-9.820328522E0;9.820443044E0
3.455252504E1;2.844085693E-3;-2.978805542E-2;-9.834099884E0;9.834145410E0
3.456256704E1;3.038681030E-2;-4.760101318E-2;-9.876012726E0;9.876174187E0
3.457260804E1;3.742218018E-2;-4.924758911E-2;-9.803713074E0;9.803908189E0
3.458264904E1;3.323089600E-2;-4.939727783E-2;-9.772278442E0;9.772459790E0
3.459269104E1;3.951782227E-2;-5.089416504E-2;-9.798623657E0;9.798835515E0
3.460273204E1;6.182144165E-2;-3.592529297E-2;-9.813143463E0;9.813403953E0
3.461277304E1;7.753875732E-2;-4.999603271E-2;-9.807006226E0;9.807440184E0
3.462281504E1;7.873626709E-2;-5.149291992E-2;-9.776020660E0;9.776473335E0
3.463285604E1;7.110214233E-2;-3.053649902E-2;-9.781708832E0;9.782014908E0
3.464289704E1;7.424560547E-2;-3.742218018E-2;-9.803862762E0;9.804215313E0
3.465293904E1;5.239105225E-2;-2.439926147E-2;-9.808054047E0;9.808224321E0
3.466298004E1;6.137237549E-2;-1.451980591E-2;-9.779613190E0;9.779816539E0
3.467302104E1;2.754272461E-2;-9.879455566E-3;-9.798473969E0;9.798517659E0
3.468306204E1;4.490661621E-3;8.681945801E-3;-9.787397003E0;9.787401884E0
3.469310404E1;-6.286926270E-3;1.347198486E-3;-9.757010193E0;9.757012311E0
3.470314504E1;-9.280700684E-3;-1.496887207E-3;-9.763895874E0;9.763900399E0
3.471318604E1;-1.661544800E-2;1.317260742E-2;-9.756561127E0;9.756584167E0
3.472322804E1;5.538482666E-3;-7.634124756E-3;-9.788444824E0;9.788449368E0
3.473326904E1;1.167572021E-2;-2.050735474E-2;-9.808353424E0;9.808381812E0
3.474331004E1;8.083190918E-3;-2.305206299E-2;-9.801168365E0;9.801198807E0
3.475335204E1;2.874023438E-2;-2.260299683E-2;-9.818981323E0;9.819049400E0
3.476339304E1;3.038681030E-2;-1.676513672E-2;-9.831704865E0;9.831766117E0
3.477343404E1;2.799179077E-2;-1.856140137E-2;-9.852661285E0;9.852718532E0
3.478347504E1;5.284011841E-2;-3.891906738E-2;-9.803563385E0;9.803783036E0
3.479351704E1;6.721023560E-2;-2.799179077E-2;-9.801168365E0;9.801438776E0
3.480355804E1;9.086105347E-2;-1.841171265E-2;-9.802066498E0;9.802504902E0
3.481359904E1;8.502319336E-2;-1.751358032E-2;-9.801467743E0;9.801852151E0
3.482364104E1;9.819580078E-2;-8.681945801E-3;-9.767338715E0;9.767836166E0
3.483368204E1;7.514373779E-2;1.332229614E-2;-9.800569611E0;9.800866735E0
3.484372304E1;6.780899048E-2;1.317260742E-2;-9.815388794E0;9.815631857E0
3.485376504E1;1.038839722E-1;4.775070190E-2;-9.804461517E0;9.805128130E0
3.486380637E1;1.856140137E-2;-5.239105225E-3;-9.852810974E0;9.852829851E0
3.487384738E1;6.002517700E-2;2.200424194E-2;-9.846973114E0;9.847180648E0
3.488388838E1;2.439926147E-2;-1.197509766E-3;-9.821526031E0;9.821556412E0
3.489393038E1;1.661544800E-2;2.993774414E-4;-9.839338989E0;9.839353023E0
3.490397137E1;2.784210205E-2;-2.035766602E-2;-9.841434631E0;9.841495070E0
3.491401237E1;3.143463135E-2;-2.903961182E-2;-9.824370117E0;9.824463326E0
3.492405437E1;2.694396973E-3;-1.916015625E-2;-9.848320312E0;9.848339319E0
3.493409538E1;-1.526824951E-2;-6.286926270E-3;-9.875264282E0;9.875278087E0
3.494413638E1;-4.490661621E-3;1.122665405E-2;-9.787097626E0;9.787105095E0
3.495417838E1;-3.562591553E-2;3.562591553E-2;-9.780661011E0;9.780790777E0
3.496421938E1;-2.439926147E-2;8.681945801E-3;-9.815987549E0;9.816021712E0
3.497426037E1;-2.724334717E-2;1.631607056E-2;-9.819729767E0;9.819781113E0
3.498430138E1;-2.469863892E-2;5.987548828E-3;-9.808802490E0;9.808835413E0
3.499434337E1;-7.933502197E-3;-2.844085693E-3;-9.834548950E0;9.834552561E0
3.500438438E1;1.407073975E-2;-4.430786133E-2;-9.824070740E0;9.824180733E0
3.501442538E1;4.221221924E-2;-1.026864624E-1;-9.823322296E0;9.823949680E0
3.502446738E1;5.583389282E-2;-1.477427673E-1;-9.817634125E0;9.818904478E0
3.503450837E1;7.589218140E-2;-1.761836243E-1;-9.805060272E0;9.806936690E0
3.504454937E1;5.658233643E-2;-1.469943237E-1;-9.806706848E0;9.807971661E0
3.505459137E1;-6.556365967E-2;-8.532257080E-2;-9.880802765E0;9.881388658E0
3.506463238E1;-1.502874756E-1;-4.819976807E-2;-9.872719574E0;9.873981027E0
3.507467338E1;-4.610412598E-2;-1.691482544E-2;-9.805808716E0;9.805931688E0
3.508471437E1;8.876541138E-2;3.353027344E-2;-9.758956146E0;9.759417434E0
3.509475638E1;1.492396545E-1;1.077758789E-2;-9.736353149E0;9.737502826E0
3.510479737E1;9.160949707E-2;2.499801636E-2;-9.758806458E0;9.759268450E0
3.511483838E1;1.257385254E-2;1.437011719E-2;-9.782008209E0;9.782026846E0
3.512488037E1;-3.891906738E-2;-1.122665405E-2;-9.804611206E0;9.804694877E0
3.513492138E1;-3.248245239E-2;-4.864883423E-2;-9.840087433E0;9.840261303E0
3.514496238E1;6.885681152E-3;-4.535568237E-2;-9.811347198E0;9.811454449E0
3.515500438E1;6.256988525E-2;-6.825805664E-2;-9.781409454E0;9.781847733E0
3.516504538E1;5.044509888E-2;-5.119354248E-2;-9.774823151E0;9.775087371E0
3.517508637E1;5.418731689E-2;-4.999603271E-2;-9.793534241E0;9.793811760E0
3.518512837E1;6.661148071E-2;-3.622467041E-2;-9.825867004E0;9.826159560E0
3.519516937E1;5.074447632E-2;-2.933898926E-2;-9.796378326E0;9.796553684E0
3.520521038E1;4.071533203E-2;-1.975891113E-2;-9.786947937E0;9.787052573E0
3.521525137E1;1.377136230E-2;1.841171265E-2;-9.794731750E0;9.794758736E0
3.522529338E1;-6.586303711E-3;1.826202393E-2;-9.787097626E0;9.787116880E0
3.523533437E1;1.047821045E-2;1.392105103E-2;-9.743089142E0;9.743104722E0
3.524537538E1;1.227447510E-2;1.152603149E-2;-9.750872955E0;9.750887493E0
3.525541737E1;1.736389160E-2;1.676513672E-2;-9.797126770E0;9.797156502E0
3.526545838E1;3.562591553E-2;-2.065704346E-2;-9.825268250E0;9.825354553E0
3.527549938E1;4.445755005E-2;-1.466949463E-2;-9.801617432E0;9.801729232E0
3.528554138E1;4.460723877E-2;-3.891906738E-2;-9.786648560E0;9.786827603E0
3.529558238E1;2.664459229E-2;-4.640350342E-2;-9.814640350E0;9.814786214E0
3.530562337E1;3.323089600E-2;-5.792953491E-2;-9.812544708E0;9.812771972E0
3.531566438E1;2.395019531E-2;-4.520599365E-2;-9.811945953E0;9.812079320E0
3.532570637E1;2.439926147E-2;-5.194198608E-2;-9.829160156E0;9.829327682E0
3.533574738E1;4.236190796E-2;-5.044509888E-2;-9.824370117E0;9.824590955E0
3.534578838E1;7.843688965E-2;-6.107299805E-2;-9.842781830E0;9.843283822E0
3.535583038E1;8.457412720E-2;-5.209167480E-2;-9.786648560E0;9.787152617E0
3.536587137E1;6.271957397E-2;-4.849914551E-2;-9.793683929E0;9.794004841E0
3.537591237E1;2.619552612E-2;-3.996688843E-2;-9.822873230E0;9.822989466E0
3.538595437E1;-1.137634277E-2;-2.424957275E-2;-9.846224670E0;9.846261104E0
3.539599538E1;-1.077758789E-2;-6.436614990E-3;-9.829758911E0;9.829766927E0
3.540603638E1;1.451980591E-2;4.760101318E-2;-9.807455292E0;9.807581556E0
3.541607737E1;4.849914551E-2;9.834548950E-2;-9.774673462E0;9.775288502E0
3.542611938E1;5.703140259E-2;1.661544800E-1;-9.807604980E0;9.809178118E0
3.543616037E1;5.867797852E-2;1.938468933E-1;-9.792785797E0;9.794879958E0
3.544620138E1;2.260299683E-2;1.450483704E-1;-9.822124786E0;9.823221734E0
3.545624337E1;7.484436035E-3;8.202941895E-2;-9.851314087E0;9.851658443E0
3.546628438E1;-1.062789917E-2;5.718109131E-2;-9.905651093E0;9.905821833E0
3.547632538E1;-3.293151855E-3;-1.990859985E-2;-9.893975372E0;9.893995950E0
3.548636738E1;4.460723877E-2;-4.475692749E-2;-9.874665527E0;9.874867709E0
3.549640837E1;6.047424316E-2;-7.978408813E-2;-9.887089691E0;9.887596533E0
3.550644937E1;5.388793945E-3;-4.909790039E-2;-9.889634399E0;9.889757742E0
3.551649038E1;-7.020401001E-2;-3.981719971E-2;-9.847571869E0;9.847902605E0
3.552653238E1;-9.864486694E-2;-1.287322998E-2;-9.844129028E0;9.844631677E0
3.553657338E1;-6.421646118E-2;-2.110610962E-2;-9.857301636E0;9.857533401E0
3.554661437E1;6.286926270E-3;-6.271957397E-2;-9.871671753E0;9.871872997E0
3.555665638E1;1.324745178E-1;-9.280700684E-2;-9.866133270E0;9.867459062E0
3.556669737E1;2.216889954E-1;-7.170089722E-2;-9.796228638E0;9.798999059E0
3.557673838E1;2.168989563E-1;-4.969665527E-2;-9.741143188E0;9.743684392E0
3.558678037E1;1.926493835E-1;-2.140548706E-2;-9.766141205E0;9.768064599E0
3.559682138E1;1.240919495E-1;-7.484436035E-3;-9.798324280E0;9.799112895E0
3.560686238E1;3.397933960E-2;1.272354126E-2;-9.795031128E0;9.795098329E0
3.561690438E1;-2.215393066E-2;1.676513672E-2;-9.844428406E0;9.844467609E0
3.562694537E1;-5.763015747E-2;5.927673340E-2;-9.862391052E0;9.862737563E0
3.563698637E1;-4.550537109E-2;5.733078003E-2;-9.838291168E0;9.838563445E0
3.564702738E1;-1.047821045E-3;9.879455566E-3;-9.839638367E0;9.839643382E0
3.565706937E1;5.912704468E-2;-1.541793823E-2;-9.845625916E0;9.845815527E0
3.566711038E1;1.017883301E-1;-4.595443726E-2;-9.814340973E0;9.814976383E0
3.567715137E1;1.308279419E-1;-6.242019653E-2;-9.818981323E0;9.820051245E0
3.568719338E1;1.179547119E-1;-5.822891235E-2;-9.807754669E0;9.808636785E0
3.569723437E1;9.580078125E-2;-4.610412598E-2;-9.789642334E0;9.790219630E0
3.570727538E1;6.975494385E-2;-3.787124634E-2;-9.805659027E0;9.805980264E0
3.571731737E1;4.490661621E-2;-4.266128540E-2;-9.810149689E0;9.810345229E0
3.572735838E1;-6.586303711E-3;-2.993774414E-2;-9.809550934E0;9.809598828E0
3.573739938E1;-2.275268555E-2;-7.185058594E-3;-9.846374359E0;9.846403269E0
3.574744037E1;-2.888992310E-2;2.035766602E-2;-9.848320312E0;9.848383727E0
3.575748238E1;-2.290237427E-2;1.526824951E-2;-9.838889923E0;9.838928425E0
3.576752337E1;-4.939727783E-3;-1.152603149E-2;-9.844129028E0;9.844137015E0
3.577756438E1;3.472778320E-2;-2.335144043E-2;-9.834099884E0;9.834188926E0
3.578760637E1;6.571334839E-2;-2.529739380E-2;-9.845176849E0;9.845428655E0
3.579764738E1;8.592132568E-2;-4.430786133E-2;-9.864636383E0;9.865110067E0
3.580768838E1;6.765930176E-2;-3.068618774E-2;-9.834848328E0;9.835128929E0
3.581773038E1;4.191284180E-2;5.538482666E-3;-9.787397003E0;9.787488312E0
3.582777137E1;3.787124634E-2;1.796264648E-3;-9.771529999E0;9.771603552E0
3.583781237E1;2.694396973E-2;-2.245330811E-2;-9.812694397E0;9.812757077E0
3.584785338E1;1.122665405E-2;-8.232879639E-3;-9.802665253E0;9.802675139E0
3.585789538E1;1.047821045E-2;-4.041595459E-2;-9.800419922E0;9.800508859E0
3.586793562E1;1.631607056E-2;-3.861968994E-2;-9.818532257E0;9.818621766E0
3.587797663E1;1.317260742E-2;-2.859054565E-2;-9.822573853E0;9.822624294E0
3.588801862E1;1.960922241E-2;-2.709365845E-2;-9.783954163E0;9.784011327E0
3.589805963E1;2.185455322E-2;-1.047821045E-2;-9.742191010E0;9.742221157E0
3.590810063E1;2.350112915E-2;2.424957275E-2;-9.710157623E0;9.710216342E0
3.591814263E1;5.074447632E-2;2.050735474E-2;-9.716294861E0;9.716449011E0
3.592818362E1;4.984634399E-2;1.422042847E-2;-9.703721008E0;9.703859453E0
3.593822462E1;4.086502075E-2;-1.796264648E-3;-9.737850037E0;9.737935947E0
3.594826563E1;7.334747314E-3;-2.080673218E-2;-9.772877197E0;9.772902099E0
3.595830763E1;-3.293151855E-3;-3.263214111E-2;-9.828262024E0;9.828316749E0
3.596834863E1;-8.382568359E-3;-3.532653809E-2;-9.844578094E0;9.844645046E0
3.597838962E1;1.362167358E-2;-4.385879517E-2;-9.852511597E0;9.852618632E0
3.598843163E1;3.442840576E-3;-4.236190796E-2;-9.855655060E0;9.855746701E0
3.599847262E1;2.095642090E-2;-2.469863892E-2;-9.852062531E0;9.852115778E0
3.600851363E1;3.397933960E-2;-3.532653809E-2;-9.793983307E0;9.794105961E0
3.601855562E1;6.256988525E-2;-4.475692749E-2;-9.791438599E0;9.791740806E0
3.602859663E1;6.227050781E-2;-7.125183105E-2;-9.787696381E0;9.788153803E0
3.603863763E1;4.011657715E-2;-7.768844604E-2;-9.806257782E0;9.806647568E0
3.604867963E1;1.092727661E-2;-7.065307617E-2;-9.817933502E0;9.818193801E0
3.605872063E1;-2.320175171E-2;-5.044509888E-2;-9.823921051E0;9.824077964E0
3.606876162E1;3.742218018E-3;-4.565505981E-2;-9.813592529E0;9.813699441E0
3.607880263E1;4.535568237E-2;-5.104385376E-2;-9.840686188E0;9.840923090E0
3.608884462E1;5.807922363E-2;-7.035369873E-3;-9.793234863E0;9.793409610E0
3.609888563E1;7.993377686E-2;5.553451538E-2;-9.733808441E0;9.734295057E0
3.610892662E1;4.490661621E-2;1.317260742E-1;-9.728269958E0;9.729265376E0
3.611896863E1;9.580078125E-3;1.532812500E-1;-9.774523773E0;9.775730250E0
3.612900962E1;-6.286926270E-3;1.257385254E-1;-9.815837860E0;9.816645180E0
3.613905063E1;-1.901046753E-2;4.864883423E-2;-9.794282684E0;9.794421954E0
3.614909262E1;-1.466949463E-2;-1.392105103E-2;-9.800270233E0;9.800291099E0
3.615913363E1;2.350112915E-2;-6.092330933E-2;-9.807006226E0;9.807223616E0
3.616917463E1;4.790039063E-2;-8.502319336E-2;-9.804910583E0;9.805396215E0
3.617921562E1;7.933502197E-2;-8.981323242E-2;-9.785900116E0;9.786633821E0
3.618925763E1;8.816665649E-2;-7.244934082E-2;-9.780062256E0;9.780727989E0
3.619929862E1;7.589218140E-2;-5.613327026E-2;-9.779164124E0;9.779619702E0
3.620933963E1;6.990463257E-2;-3.772155762E-2;-9.808054047E0;9.808375694E0
3.621938162E1;3.757186890E-2;1.496887207E-4;-9.790839844E0;9.790911935E0
3.622942263E1;1.257385254E-2;1.107696533E-2;-9.792037354E0;9.792051692E0
3.623946363E1;-9.280700684E-3;1.002914429E-2;-9.822424164E0;9.822433668E0
3.624950563E1;-8.831634521E-3;3.038681030E-2;-9.821675720E0;9.821726697E0
3.625954662E1;8.083190918E-3;9.430389404E-3;-9.823172607E0;9.823180460E0
3.626958762E1;1.841171265E-2;-1.496887207E-3;-9.839788055E0;9.839805395E0
3.627962962E1;2.499801636E-2;1.317260742E-2;-9.867031403E0;9.867071861E0
3.628967063E1;3.457809448E-2;1.227447510E-2;-9.865085449E0;9.865153685E0
3.629971163E1;5.463638306E-2;4.490661621E-4;-9.821226654E0;9.821378637E0
3.630975262E1;6.960525513E-2;-2.275268555E-2;-9.805958405E0;9.806231835E0
3.631979463E1;6.765930176E-2;-2.589614868E-2;-9.792187042E0;9.792455027E0
3.632983562E1;5.748046875E-2;-1.960922241E-2;-9.816735992E0;9.816923860E0
3.633987663E1;5.882766724E-2;-3.712280273E-2;-9.793384552E0;9.793631593E0
3.634991862E1;1.481918335E-2;-2.859054565E-2;-9.833201752E0;9.833254482E0
3.635995963E1;-2.754272461E-2;-3.113525391E-2;-9.831106110E0;9.831193994E0
3.637000063E1;-2.170486450E-2;-1.571731567E-2;-9.819430389E0;9.819466956E0
3.638004263E1;7.933502197E-3;-7.933502197E-3;-9.808503113E0;9.808509530E0
3.639008362E1;3.487747192E-2;-3.083587646E-2;-9.802814941E0;9.802925485E0
3.640012462E1;2.679428101E-2;-1.856140137E-2;-9.802515564E0;9.802569757E0
3.641016563E1;3.861968994E-2;1.032852173E-2;-9.826166382E0;9.826247703E0
3.642020763E1;3.487747192E-2;2.065704346E-2;-9.786947937E0;9.787031883E0
3.643024863E1;1.272354126E-2;1.766326904E-2;-9.785750427E0;9.785774640E0
3.644028962E1;-1.332229614E-2;-4.939727783E-3;-9.784103851E0;9.784114168E0
3.645033163E1;-3.442840576E-2;-2.380050659E-2;-9.820777588E0;9.820866775E0
3.646037262E1;-1.422042847E-2;-5.553451538E-2;-9.801467743E0;9.801635385E0
3.647041363E1;1.347198486E-2;-6.661148071E-2;-9.787397003E0;9.787632946E0
3.648045562E1;3.757186890E-2;-7.888595581E-2;-9.787097626E0;9.787487654E0
3.649049663E1;5.927673340E-2;-4.251159668E-2;-9.834249573E0;9.834520101E0
3.650053763E1;3.921844482E-2;-7.484436035E-3;-9.839338989E0;9.839419996E0
3.651057862E1;6.391708374E-2;-1.242416382E-2;-9.815089417E0;9.815305396E0
3.652062063E1;5.822891235E-2;-4.790039062E-3;-9.809700623E0;9.809874610E0
3.653066162E1;4.505630493E-2;2.095642090E-3;-9.831255798E0;9.831359267E0
3.654070263E1;1.287322998E-2;-7.634124756E-3;-9.836195526E0;9.836206913E0
3.655074462E1;1.002914429E-2;5.538482666E-3;-9.790839844E0;9.790846547E0
3.656078563E1;1.526824951E-2;1.871109009E-2;-9.785900116E0;9.785929915E0
3.657082662E1;3.502716064E-2;1.526824951E-2;-9.803713074E0;9.803787536E0
3.658086863E1;3.472778320E-2;-2.993774414E-4;-9.824370117E0;9.824431501E0
3.659090962E1;1.257385254E-2;-9.580078125E-3;-9.811646576E0;9.811659310E0
3.660095063E1;-6.885681152E-3;-2.664459229E-2;-9.828112335E0;9.828150865E0
3.661099262E1;3.053649902E-2;-4.864883423E-2;-9.843081207E0;9.843248795E0
3.662103363E1;4.475692749E-2;-4.670288086E-2;-9.859247589E0;9.859459791E0
3.663107463E1;5.358856201E-2;-5.328918457E-2;-9.824669495E0;9.824960160E0
3.664111562E1;5.388793945E-2;-5.224136353E-2;-9.810000000E0;9.810287104E0
3.665115763E1;2.739303589E-2;-1.122665405E-2;-9.847422180E0;9.847466680E0
3.666119862E1;1.811233521E-2;1.077758789E-2;-9.838440857E0;9.838463432E0
3.667123963E1;2.619552612E-2;3.442840576E-3;-9.812993774E0;9.813029342E0
3.668128162E1;1.287322998E-2;6.137237549E-3;-9.819280701E0;9.819291057E0
3.669132263E1;2.230361938E-2;8.681945801E-3;-9.823172607E0;9.823201764E0
3.670136363E1;2.634521484E-2;-2.844085693E-3;-9.825567627E0;9.825603358E0
3.671140563E1;1.092727661E-2;-2.305206299E-2;-9.801767120E0;9.801800319E0
3.672144662E1;3.278182983E-2;-2.529739380E-2;-9.792486420E0;9.792573966E0
3.673148762E1;2.948867798E-2;-2.844085693E-2;-9.798923035E0;9.799008680E0
3.674152962E1;2.514770508E-2;-1.227447510E-2;-9.812544708E0;9.812584610E0
3.675157063E1;5.104385376E-2;5.239105225E-3;-9.799671478E0;9.799805815E0
3.676161163E1;3.861968994E-2;4.939727783E-3;-9.784702606E0;9.784780068E0
3.677165262E1;3.353027344E-2;1.781295776E-2;-9.771979065E0;9.772052826E0
3.678169463E1;4.011657715E-2;3.128494263E-2;-9.803264008E0;9.803396008E0
3.679173562E1;5.269042969E-2;4.086502075E-2;-9.784403229E0;9.784630436E0
3.680177663E1;3.742218018E-2;-4.191284180E-3;-9.776020660E0;9.776093184E0
3.681181862E1;4.191284180E-2;-9.729766846E-3;-9.765692139E0;9.765786927E0
3.682185963E1;3.981719971E-2;-4.221221924E-2;-9.821975098E0;9.822146512E0
3.683190063E1;3.008743286E-2;-4.565505981E-2;-9.815089417E0;9.815241713E0
3.684194263E1;1.152603149E-2;-4.266128540E-2;-9.775721283E0;9.775821164E0
3.685198362E1;2.724334717E-2;-3.562591553E-2;-9.773625641E0;9.773728540E0
3.686202500E1;2.155517578E-2;-3.532653809E-2;-9.814041595E0;9.814128847E0
3.687206700E1;2.739303589E-2;-3.038681030E-2;-9.799372101E0;9.799457501E0
3.688210800E1;3.832031250E-2;-2.874023438E-2;-9.808203735E0;9.808320700E0
3.689214900E1;3.577560425E-2;-7.933502197E-3;-9.799072723E0;9.799141242E0
3.690219000E1;3.427871704E-2;4.640350342E-3;-9.833201752E0;9.833262595E0
3.691223200E1;2.604583740E-2;2.380050659E-2;-9.810748444E0;9.810811887E0
3.692227300E1;3.173400879E-2;9.729766846E-3;-9.776020660E0;9.776077008E0
3.693231400E1;1.781295776E-2;8.831634521E-3;-9.776619415E0;9.776639632E0
3.694235600E1;3.323089600E-2;2.993774414E-3;-9.800120544E0;9.800177342E0
3.695239700E1;3.308120728E-2;1.601669312E-2;-9.804461517E0;9.804530409E0
3.696243800E1;3.457809448E-2;3.218307495E-2;-9.777367859E0;9.777481968E0
3.697248000E1;3.128494263E-2;2.095642090E-3;-9.779463501E0;9.779513766E0
3.698252100E1;4.520599365E-2;-3.158432007E-2;-9.807455292E0;9.807610333E0
3.699256200E1;6.331832886E-2;-4.400848389E-2;-9.817484436E0;9.817787256E0
3.700260400E1;6.361770630E-2;-8.562194824E-2;-9.814939728E0;9.815519354E0
3.701264500E1;6.361770630E-2;-6.915618896E-2;-9.791887665E0;9.792338527E0
3.702268600E1;4.281097412E-2;-4.984634399E-2;-9.826914825E0;9.827134497E0
3.703272700E1;4.700225830E-2;-4.011657715E-2;-9.844428406E0;9.844622349E0
3.704276900E1;5.239105225E-2;-1.736389160E-2;-9.810149689E0;9.810304952E0
3.705281000E1;5.284011841E-2;2.185455322E-2;-9.815987549E0;9.816154097E0
3.706285100E1;8.681945801E-3;2.829116821E-2;-9.807455292E0;9.807499940E0
3.707289300E1;1.257385254E-2;2.185455322E-2;-9.837393036E0;9.837425347E0
3.708293400E1;-9.131011963E-3;-2.694396973E-3;-9.819430389E0;9.819435004E0
3.709297500E1;-5.837860107E-3;3.592529297E-3;-9.827812958E0;9.827815348E0
3.710301700E1;-1.511856079E-2;-1.945953369E-3;-9.830806732E0;9.830818550E0
3.711305800E1;-5.987548828E-3;-1.960922241E-2;-9.842632141E0;9.842653496E0
3.712309900E1;9.729766846E-3;-4.700225830E-2;-9.835297394E0;9.835414516E0
3.713314100E1;1.212478638E-2;-4.296066284E-2;-9.830657043E0;9.830758391E0
3.714318200E1;1.047821045E-2;-4.999603271E-2;-9.810299377E0;9.810432369E0
3.715322300E1;1.766326904E-2;-5.658233643E-2;-9.853709106E0;9.853887391E0
3.716326400E1;2.080673218E-2;-7.020401001E-2;-9.855205994E0;9.855478005E0
3.717330600E1;-8.232879639E-3;-5.254074097E-2;-9.848320312E0;9.848463905E0
3.718334700E1;-2.993774414E-3;-4.385879517E-2;-9.856553192E0;9.856651226E0
3.719338800E1;-1.841171265E-2;-6.137237549E-3;-9.873468018E0;9.873487092E0
3.720343000E1;-1.601669312E-2;9.131011963E-3;-9.830357666E0;9.830374955E0
3.721347100E1;-2.903961182E-2;1.811233521E-2;-9.818981323E0;9.819040971E0
3.722351200E1;-3.802093506E-2;4.355941772E-2;-9.824370117E0;9.824540255E0
3.723355400E1;-2.634521484E-2;2.574645996E-2;-9.830207977E0;9.830276996E0
3.724359500E1;2.409988403E-2;9.430389404E-3;-9.783804474E0;9.783838701E0
3.725363600E1;1.359173584E-1;-2.020797729E-2;-9.736951904E0;9.737921456E0
3.726367800E1;2.773731995E-1;-3.637435913E-2;-9.698930969E0;9.702964543E0
3.727371900E1;3.628454590E-1;-4.071533203E-2;-9.721983032E0;9.728836963E0
3.728376000E1;3.670367432E-1;-4.131408691E-2;-9.727671204E0;9.734680779E0
3.729380100E1;2.809657288E-1;-1.841171265E-2;-9.765991516E0;9.770049694E0
3.730384300E1;1.359173584E-1;-1.227447510E-2;-9.804162140E0;9.805111904E0
3.731388400E1;-1.287322998E-1;2.335144043E-2;-9.904303894E0;9.905167991E0
3.732392500E1;-7.321275330E-1;6.780899048E-2;-1.010294083E1;1.012966051E1
3.733396700E1;-7.289840698E-1;4.086502075E-2;-1.003243744E1;1.005897056E1
3.734400800E1;-1.308279419E-1;-4.924758911E-2;-9.803862762E0;9.804859323E0
3.735404900E1;3.945794678E-1;-7.813751221E-2;-9.652377777E0;9.660755415E0
3.736409100E1;6.080355835E-1;-6.780899048E-2;-9.638606415E0;9.658003880E0
3.737413200E1;5.899232483E-1;-1.646575928E-1;-9.696386261E0;9.715710375E0
3.738417300E1;2.691403198E-1;-1.447489929E-1;-9.830507355E0;9.835256155E0
3.739421500E1;-2.155517578E-2;-3.158432007E-2;-9.944719849E0;9.944793365E0
3.740425600E1;-2.728825378E-1;-1.287322998E-2;-9.963880005E0;9.967624358E0
3.741429700E1;-3.442840576E-1;2.380050659E-2;-9.862989807E0;9.869025581E0
3.742433900E1;-1.619631958E-1;4.340972900E-3;-9.828860779E0;9.830196088E0
3.743438000E1;1.496887207E-4;5.987548828E-4;-9.728719025E0;9.728719044E0
3.744442100E1;1.811233521E-1;-2.170486450E-2;-9.664053497E0;9.665775022E0
3.745446200E1;2.957849121E-1;-3.906875610E-2;-9.679920502E0;9.684517334E0
3.746450400E1;2.817141724E-1;-6.825805664E-2;-9.749675446E0;9.753983460E0
3.747454500E1;8.472381592E-2;-8.382568359E-3;-9.853409729E0;9.853777534E0
3.748458600E1;-1.023870850E-1;7.229965210E-2;-9.929601288E0;9.930392343E0
3.749462800E1;-1.835183716E-1;9.984237671E-2;-9.907147980E0;9.909350563E0
3.750466900E1;-1.140628052E-1;8.532257080E-2;-9.806108093E0;9.807142611E0
3.751471000E1;-2.993774414E-4;5.089416504E-3;-9.741442566E0;9.741443900E0
3.752475200E1;1.124162292E-1;-8.861572266E-2;-9.755213928E0;9.756264087E0
3.753479300E1;1.607656860E-1;-1.619631958E-1;-9.744436340E0;9.747108149E0
3.754483400E1;1.034349060E-1;-1.383123779E-1;-9.826615448E0;9.828133101E0
3.755487600E1;4.116439819E-2;-3.427871704E-2;-9.893226929E0;9.893371953E0
3.756491700E1;-1.047821045E-3;4.550537109E-2;-9.881102142E0;9.881206980E0
3.757495800E1;1.526824951E-2;5.029541016E-2;-9.841434631E0;9.841574993E0
3.758499900E1;-8.083190918E-3;4.206253052E-2;-9.803114319E0;9.803207890E0
3.759504100E1;2.963836670E-2;2.469863892E-2;-9.746531982E0;9.746608340E0
3.760508200E1;4.520599365E-2;1.541793823E-2;-9.778116302E0;9.778232955E0
3.761512300E1;8.607101440E-2;-7.484436035E-3;-9.786947937E0;9.787329266E0
3.762516500E1;1.179547119E-1;-6.137237549E-3;-9.811796265E0;9.812507168E0
3.763520600E1;1.025367737E-1;-1.002914429E-2;-9.826465759E0;9.827005836E0
3.764524700E1;6.750961304E-2;-2.305206299E-2;-9.819131012E0;9.819390143E0
3.765528900E1;-1.107696533E-2;-1.197509766E-3;-9.826316071E0;9.826322387E0
3.766533000E1;-4.206253052E-2;2.918930054E-2;-9.818382568E0;9.818516055E0
3.767537100E1;-8.652008057E-2;3.847000122E-2;-9.781708832E0;9.782167108E0
3.768541300E1;-7.005432129E-2;3.921844482E-2;-9.708511047E0;9.708843003E0
3.769545400E1;-2.290237427E-2;3.338058472E-2;-9.680369568E0;9.680454212E0
3.770549500E1;3.083587646E-2;1.661544800E-2;-9.730066223E0;9.730129271E0
3.771553700E1;1.586700439E-2;-4.939727783E-3;-9.758207703E0;9.758221853E0
3.772557800E1;-3.876937866E-2;-1.392105103E-2;-9.810000000E0;9.810086486E0
3.773561900E1;-3.622467041E-2;-1.945953369E-2;-9.858648834E0;9.858734591E0
3.774566000E1;-2.170486450E-2;-5.104385376E-2;-9.852361908E0;9.852518041E0
3.775570200E1;2.080673218E-2;-5.239105225E-3;-9.852810974E0;9.852834336E0
3.776574300E1;9.520202637E-2;-2.260299683E-2;-9.849368134E0;9.849854159E0
3.777578400E1;1.121168518E-1;-1.107696533E-2;-9.824819183E0;9.825465122E0
3.778582600E1;7.708969116E-2;1.137634277E-2;-9.792486420E0;9.792796461E0
3.779586700E1;1.541793823E-2;3.487747192E-2;-9.827363892E0;9.827437876E0
3.780590800E1;-1.616638184E-2;2.559677124E-2;-9.829010468E0;9.829057092E0
3.781595000E1;-3.517684937E-2;2.200424194E-2;-9.810598755E0;9.810686496E0
3.782599100E1;-1.556762695E-2;-1.631607056E-2;-9.817334747E0;9.817360649E0
3.783603200E1;2.993774414E-3;-3.472778320E-2;-9.790540466E0;9.790602515E0
3.784607400E1;4.176315308E-2;-6.691085815E-2;-9.801018677E0;9.801336048E0
3.785611500E1;1.010398865E-1;-1.052311707E-1;-9.818981323E0;9.820065014E0
3.786615600E1;1.089733887E-1;-1.248403931E-1;-9.823471985E0;9.824869575E0
3.787619800E1;1.216969299E-1;-1.462458801E-1;-9.844727783E0;9.846566058E0
3.788623900E1;8.367599487E-2;-1.080752563E-1;-9.871671753E0;9.872617947E0
3.789628000E1;-1.032852173E-2;-5.313949585E-2;-9.860445099E0;9.860593696E0
3.790632100E1;-8.307723999E-2;-2.499801636E-2;-9.841734009E0;9.842116390E0
3.791636300E1;-5.822891235E-2;-3.757186890E-2;-9.847272491E0;9.847516325E0
3.792640400E1;-2.395019531E-3;-4.730163574E-2;-9.825118561E0;9.825232716E0
3.793644500E1;4.355941772E-2;-4.370910645E-2;-9.811496887E0;9.811690939E0
3.794648700E1;6.810836792E-2;-4.236190796E-2;-9.797126770E0;9.797455089E0
3.795652800E1;6.601272583E-2;-1.496887207E-4;-9.802066498E0;9.802288780E0
3.796656900E1;6.616241455E-2;1.242416382E-2;-9.817334747E0;9.817565552E0
3.797661100E1;6.421646118E-2;3.233276367E-2;-9.802814941E0;9.803078595E0
3.798665200E1;5.388793945E-2;3.128494263E-2;-9.774972839E0;9.775171439E0
3.799669300E1;4.355941772E-2;2.874023438E-2;-9.797575836E0;9.797714820E0
3.800673500E1;2.065704346E-2;1.975891113E-2;-9.830507355E0;9.830548915E0
3.801677600E1;-2.095642090E-3;3.218307495E-2;-9.820627899E0;9.820680856E0
3.802681700E1;-1.766326904E-2;8.681945801E-3;-9.809251556E0;9.809271301E0
3.803685900E1;-2.275268555E-2;1.287322998E-2;-9.789642334E0;9.789677238E0
3.804690000E1;8.831634521E-3;3.442840576E-3;-9.798473969E0;9.798478553E0
3.805694100E1;5.822891235E-2;-1.392105103E-2;-9.805659027E0;9.805841798E0
3.806698200E1;9.220825195E-2;-1.916015625E-2;-9.808952179E0;9.809404280E0
3.807702400E1;9.056167603E-2;-1.721420288E-2;-9.806108093E0;9.806541372E0
3.808706500E1;6.062393188E-2;-1.182540894E-2;-9.844428406E0;9.844622173E0
3.809710600E1;3.802093506E-2;-1.017883301E-2;-9.853260040E0;9.853338654E0
3.810714800E1;6.855743408E-2;-2.080673218E-2;-9.831555176E0;9.831816222E0
3.811718900E1;6.122268677E-2;-2.589614868E-2;-9.805958405E0;9.806183715E0
3.812723000E1;5.927673340E-2;-1.916015625E-2;-9.806557159E0;9.806755027E0
3.813727200E1;2.604583740E-2;-1.182540894E-2;-9.856553192E0;9.856594699E0
3.814731300E1;6.137237549E-3;-1.377136230E-2;-9.800120544E0;9.800132142E0
3.815735400E1;9.580078125E-3;-1.916015625E-2;-9.804611206E0;9.804634608E0
3.816739600E1;3.697311401E-2;-1.571731567E-2;-9.813891907E0;9.813974139E0
3.817743700E1;3.981719971E-2;-2.574645996E-2;-9.870174866E0;9.870288758E0
3.818747800E1;3.891906738E-2;-1.930984497E-2;-9.858948212E0;9.859043940E0
3.819752000E1;1.526824951E-2;-3.323089600E-2;-9.864786072E0;9.864853859E0
3.820756100E1;6.885681152E-3;-3.263214111E-2;-9.845775604E0;9.845832089E0
3.821760200E1;6.286926270E-3;-1.526824951E-2;-9.859546967E0;9.859560793E0
3.822764400E1;5.688171387E-3;-2.799179077E-2;-9.818532257E0;9.818573806E0
3.823768500E1;1.676513672E-2;-2.724334717E-2;-9.804311829E0;9.804364013E0
3.824772600E1;-1.092727661E-2;-3.442840576E-3;-9.774823151E0;9.774829865E0
3.825776700E1;-2.649490356E-2;5.224136353E-2;-9.719737701E0;9.719914204E0
3.826780900E1;-4.819976807E-2;5.269042969E-2;-9.676627350E0;9.676890842E0
3.827785000E1;-9.430389404E-3;3.697311401E-2;-9.706714783E0;9.706789779E0
3.828789100E1;4.400848389E-2;-4.790039062E-3;-9.780361633E0;9.780461818E0
3.829793300E1;8.367599487E-2;-4.355941772E-2;-9.875713348E0;9.876163893E0
3.830797400E1;6.945556641E-2;-4.610412598E-2;-9.845925293E0;9.846278208E0
3.831801500E1;-2.395019531E-3;-4.176315308E-2;-9.796078949E0;9.796168265E0
3.832805700E1;9.729766846E-3;-4.625381470E-2;-9.823921051E0;9.824034757E0
3.833809800E1;1.736389160E-2;-6.167175293E-2;-9.815538483E0;9.815747583E0
3.834813900E1;1.631607056E-2;-5.164260864E-2;-9.807604980E0;9.807754515E0
3.835818100E1;4.056564331E-2;-5.703140259E-2;-9.797126770E0;9.797376746E0
3.836822200E1;6.631210327E-2;-4.879852295E-2;-9.809550934E0;9.809896437E0
3.837826300E1;9.924362183E-2;-2.888992310E-2;-9.825567627E0;9.826111292E0
3.838830500E1;1.115180969E-1;-2.529739380E-2;-9.837393036E0;9.838057633E0
3.839834600E1;1.178050232E-1;-2.754272461E-2;-9.804760895E0;9.805507270E0
3.840838700E1;1.062789917E-1;-4.161346436E-2;-9.798773346E0;9.799438045E0
3.841842900E1;9.011260986E-2;-6.152206421E-2;-9.810449066E0;9.811055811E0
3.842847000E1;6.152206421E-2;-2.739303589E-2;-9.837243347E0;9.837473863E0
3.843851100E1;4.640350342E-2;-1.092727661E-2;-9.814340973E0;9.814456756E0
3.844855200E1;4.116439819E-2;-1.227447510E-2;-9.809850311E0;9.809944358E0
3.845859400E1;6.167175293E-2;-3.442840576E-3;-9.804910583E0;9.805105140E0
3.846863500E1;4.819976807E-2;2.484832764E-2;-9.795629883E0;9.795779982E0
3.847867600E1;4.864883423E-2;1.601669312E-2;-9.807455292E0;9.807589028E0
3.848871800E1;4.071533203E-2;2.874023438E-2;-9.808203735E0;9.808330350E0
3.849875900E1;1.841171265E-2;2.769241333E-2;-9.801767120E0;9.801823532E0
3.850880000E1;-7.334747314E-3;2.709365845E-2;-9.829160156E0;9.829200234E0
3.851884200E1;-3.861968994E-2;1.257385254E-2;-9.841135254E0;9.841219064E0
3.852888300E1;-1.163081360E-1;8.232879639E-3;-9.855954437E0;9.856644116E0
3.853892400E1;-8.412506104E-2;8.681945801E-3;-9.837542725E0;9.837906244E0
3.854896600E1;3.442840576E-3;-6.137237549E-3;-9.814490662E0;9.814493184E0
3.855900700E1;1.083746338E-1;-2.574645996E-2;-9.777816925E0;9.778451399E0
3.856904800E1;1.408570862E-1;-4.236190796E-2;-9.753866730E0;9.754975727E0
3.857909000E1;7.244934082E-2;-1.167572021E-2;-9.736053772E0;9.736330329E0
3.858913100E1;-2.694396973E-3;6.586303711E-3;-9.754615173E0;9.754617769E0
3.859917200E1;-5.792953491E-2;1.631607056E-2;-9.763147430E0;9.763332924E0
3.860921400E1;-8.412506104E-2;-1.945953369E-3;-9.758058014E0;9.758420826E0
3.861925500E1;-3.353027344E-2;-2.799179077E-2;-9.769434357E0;9.769531998E0
3.862929600E1;2.694396973E-2;-3.652404785E-2;-9.775421906E0;9.775527270E0
3.863933700E1;4.685256958E-2;-6.107299805E-2;-9.783056030E0;9.783358849E0
3.864937900E1;6.571334839E-2;-6.152206421E-2;-9.821825409E0;9.822237911E0
3.865942000E1;7.319778442E-2;-5.298980713E-2;-9.854607239E0;9.855021546E0
3.866946100E1;5.508544922E-2;-5.568420410E-2;-9.869725800E0;9.870036601E0
3.867950300E1;3.338058472E-2;-3.487747192E-2;-9.845027161E0;9.845145529E0
3.868954400E1;1.407073975E-2;-2.784210205E-2;-9.812993774E0;9.813043360E0
3.869958500E1;1.841171265E-2;-2.948867798E-2;-9.816436615E0;9.816498173E0
3.870962700E1;3.053649902E-2;-3.278182983E-2;-9.814939728E0;9.815041976E0
3.871966800E1;1.466949463E-2;3.592529297E-3;-9.801318054E0;9.801329690E0
3.872970900E1;-1.077758789E-2;5.239105225E-2;-9.825717316E0;9.825862901E0
3.873975100E1;-2.993774414E-3;7.993377686E-2;-9.845326538E0;9.845651477E0
3.874979200E1;-1.017883301E-2;6.586303711E-2;-9.849667511E0;9.849892975E0
3.875983300E1;2.634521484E-2;3.817062378E-2;-9.839488678E0;9.839597985E0
3.876987500E1;6.256988525E-2;-6.436614990E-3;-9.837093658E0;9.837294753E0
3.877991600E1;4.251159668E-2;-2.709365845E-2;-9.834848328E0;9.834977526E0
3.878995700E1;1.167572021E-2;-1.856140137E-2;-9.861492920E0;9.861517300E0
3.879999900E1;8.382568359E-3;-1.766326904E-2;-9.847571869E0;9.847591278E0
3.881004000E1;4.505630493E-2;-3.128494263E-2;-9.800569611E0;9.800723112E0
3.882008100E1;4.430786133E-2;-1.242416382E-2;-9.793534241E0;9.793642350E0
3.883012300E1;2.529739380E-2;-1.706451416E-2;-9.827962646E0;9.828010019E0
3.884016400E1;7.334747314E-3;-2.499801636E-2;-9.840237122E0;9.840271607E0
3.885020500E1;-1.152603149E-2;-3.936813354E-2;-9.822573853E0;9.822659507E0
3.886024600E1;-1.676513672E-2;-2.649490356E-2;-9.828411713E0;9.828461723E0
3.887028837E1;-2.844085693E-3;-5.987548828E-4;-9.813293152E0;9.813293582E0
3.888032938E1;1.451980591E-2;2.993774414E-3;-9.789193268E0;9.789204494E0
3.889037038E1;3.397933960E-2;1.062789917E-2;-9.780361633E0;9.780426434E0
3.890041238E1;2.619552612E-2;-4.191284180E-3;-9.793384552E0;9.793420483E0
3.891045337E1;-1.945953369E-3;-5.538482666E-3;-9.825867004E0;9.825868758E0
3.892049437E1;-8.232879639E-3;6.735992432E-3;-9.837842102E0;9.837847853E0
3.893053637E1;3.098556519E-2;-1.317260742E-2;-9.812544708E0;9.812602472E0
3.894057738E1;9.280700684E-2;-2.020797729E-2;-9.789492645E0;9.789953409E0
3.895061838E1;1.266366577E-1;-2.679428101E-2;-9.792037354E0;9.792892847E0
3.896066038E1;9.385482788E-2;-1.556762695E-2;-9.823022919E0;9.823483615E0
3.897070138E1;6.616241455E-2;-2.095642090E-2;-9.828112335E0;9.828357376E0
3.898074237E1;5.688171387E-3;-1.182540894E-2;-9.837991791E0;9.838000542E0
3.899078437E1;3.293151855E-3;-1.466949463E-2;-9.834998016E0;9.835009508E0
3.900082537E1;1.916015625E-2;-7.783813477E-3;-9.819430389E0;9.819452168E0
3.901086638E1;3.397933960E-2;-1.841171265E-2;-9.821526031E0;9.821602068E0
3.902090837E1;3.787124634E-2;-2.499801636E-2;-9.817634125E0;9.817738993E0
3.903094938E1;4.550537109E-2;-1.676513672E-2;-9.830507355E0;9.830626972E0
3.904099037E1;1.975891113E-2;-6.436614990E-3;-9.844428406E0;9.844450339E0
3.905103238E1;1.212478638E-2;1.197509766E-2;-9.847272491E0;9.847287237E0
3.906107337E1;4.939727783E-3;2.275268555E-2;-9.818681946E0;9.818709551E0
3.907111438E1;3.891906738E-3;1.062789917E-2;-9.801916809E0;9.801923343E0
3.908115637E1;3.113525391E-2;-8.232879639E-3;-9.812395020E0;9.812447870E0
3.909119738E1;6.721023560E-2;-9.879455566E-3;-9.799521790E0;9.799757248E0
3.910123838E1;6.316864014E-2;-1.437011719E-2;-9.786798248E0;9.787012656E0
3.911127937E1;7.065307617E-2;-2.874023438E-2;-9.789043579E0;9.789340736E0
3.912132138E1;5.942642212E-2;-3.128494263E-2;-9.804012451E0;9.804242469E0
3.913136237E1;5.239105225E-2;-3.263214111E-2;-9.805060272E0;9.805254541E0
3.914140338E1;2.679428101E-2;-3.981719971E-2;-9.796977081E0;9.797094634E0
3.915144537E1;1.706451416E-2;-4.685256958E-2;-9.804461517E0;9.804588314E0
3.916148638E1;2.245330811E-2;-3.098556519E-2;-9.801767120E0;9.801841814E0
3.917152738E1;3.248245239E-2;-4.086502075E-2;-9.817634125E0;9.817772908E0
3.918156938E1;6.466552734E-2;-2.859054565E-2;-9.798473969E0;9.798729058E0
3.919161037E1;4.610412598E-2;-3.861968994E-2;-9.802066498E0;9.802251002E0
3.920165137E1;4.909790039E-2;-3.023712158E-2;-9.811945953E0;9.812115382E0
3.921169337E1;5.463638306E-2;-2.574645996E-2;-9.800419922E0;9.800606035E0
3.922173438E1;2.454895020E-2;-7.334747314E-3;-9.788893890E0;9.788927421E0
3.923177538E1;1.975891113E-2;-3.143463135E-2;-9.816286926E0;9.816357144E0
3.924181738E1;1.556762695E-2;-1.556762695E-2;-9.844578094E0;9.844602712E0
3.925185838E1;3.502716064E-2;-1.107696533E-2;-9.823771362E0;9.823840053E0
3.926189937E1;3.412902832E-2;-1.841171265E-2;-9.801916809E0;9.801993517E0
3.927194137E1;4.819976807E-2;-1.856140137E-2;-9.811347198E0;9.811483149E0
3.928198237E1;4.355941772E-2;1.152603149E-2;-9.826316071E0;9.826419378E0
3.929202338E1;6.436614990E-2;-1.047821045E-2;-9.801767120E0;9.801984058E0
3.930206538E1;7.020401001E-2;5.987548828E-4;-9.786349182E0;9.786601007E0
3.931210638E1;4.715194702E-2;1.302291870E-2;-9.795180817E0;9.795302963E0
3.932214737E1;5.852828979E-2;5.538482666E-3;-9.810149689E0;9.810325843E0
3.933218837E1;5.388793945E-2;-4.640350342E-3;-9.816137238E0;9.816286248E0
3.934223037E1;5.134323120E-2;-3.143463135E-3;-9.808054047E0;9.808188935E0
3.935227138E1;5.448669434E-2;-7.334747314E-3;-9.820328522E0;9.820482415E0
3.936231238E1;-2.544708252E-3;-3.098556519E-2;-9.822723541E0;9.822772742E0
3.937235438E1;-5.328918457E-2;-1.451980591E-2;-9.862690430E0;9.862845080E0
3.938239538E1;-5.658233643E-2;-2.544708252E-2;-9.876012726E0;9.876207596E0
3.939243637E1;-9.729766846E-3;-1.511856079E-2;-9.841584320E0;9.841600742E0
3.940247838E1;4.385879517E-2;-3.293151855E-2;-9.818083191E0;9.818236380E0
3.941251937E1;8.876541138E-2;-4.221221924E-2;-9.792636108E0;9.793129383E0
3.942256038E1;1.314266968E-1;-2.993774414E-2;-9.777816925E0;9.778745986E0
3.943260237E1;1.225950623E-1;-2.380050659E-2;-9.776170349E0;9.776967971E0
3.944264338E1;1.130149841E-1;-1.631607056E-2;-9.812245331E0;9.812909713E0
3.945268437E1;7.379653931E-2;-6.286926270E-3;-9.806856537E0;9.807136207E0
3.946272638E1;4.685256958E-2;-4.790039062E-3;-9.807155914E0;9.807269000E0
3.947276737E1;8.083190918E-3;-8.083190918E-3;-9.812993774E0;9.813000433E0
3.948280838E1;-2.993774414E-3;4.490661621E-3;-9.827962646E0;9.827964128E0
3.949285037E1;6.885681152E-3;-1.197509766E-2;-9.825867004E0;9.825876714E0
3.950289138E1;1.377136230E-2;-2.799179077E-2;-9.817484436E0;9.817534000E0
3.951293238E1;-1.197509766E-3;-4.939727783E-3;-9.806108093E0;9.806109411E0
3.952297438E1;7.185058594E-3;1.751358032E-2;-9.762099609E0;9.762117964E0
3.953301538E1;2.844085693E-3;1.182540894E-2;-9.754016418E0;9.754024001E0
3.954305637E1;1.960922241E-2;-2.993774414E-4;-9.755513306E0;9.755533018E0
3.955309837E1;-1.272354126E-2;-5.538482666E-3;-9.802964630E0;9.802974452E0
3.956313937E1;-1.392105103E-2;-4.550537109E-2;-9.829160156E0;9.829275350E0
3.957318038E1;-5.343887329E-2;-5.598358154E-2;-9.851912842E0;9.852216833E0
3.958322138E1;-3.502716064E-2;-7.948471069E-2;-9.866133270E0;9.866515617E0
3.959326338E1;-1.137634277E-2;-8.023315430E-2;-9.851912842E0;9.852246111E0
3.960330437E1;-4.939727783E-3;-6.706054688E-2;-9.881102142E0;9.881330936E0
3.961334537E1;-3.742218018E-3;-1.481918335E-2;-9.887389069E0;9.887400882E0
3.962338737E1;3.891906738E-3;2.080673218E-2;-9.848020935E0;9.848043684E0
3.963342838E1;-2.439926147E-2;3.861968994E-2;-9.854008484E0;9.854114369E0
3.964346938E1;-1.960922241E-2;5.433700562E-2;-9.854906616E0;9.855075923E0
3.965351138E1;-6.735992432E-3;4.161346436E-2;-9.854457550E0;9.854547715E0
3.966355238E1;2.424957275E-2;1.107696533E-2;-9.811496887E0;9.811533107E0
3.967359337E1;4.101470947E-2;-2.679428101E-2;-9.804461517E0;9.804583917E0
3.968363537E1;5.089416504E-2;-3.203338623E-2;-9.781708832E0;9.781893683E0
3.969367637E1;6.825805664E-2;-3.592529297E-2;-9.794282684E0;9.794586417E0
3.970371738E1;8.592132568E-2;-5.074447632E-2;-9.776320038E0;9.776829290E0
3.971375937E1;9.669891357E-2;-3.502716064E-2;-9.778265991E0;9.778806848E0
3.972380038E1;9.430389404E-2;-3.787124634E-2;-9.780511322E0;9.781039269E0
3.973384137E1;7.768844604E-2;-2.769241333E-2;-9.784702606E0;9.785050202E0
3.974388338E1;6.616241455E-2;-9.729766846E-3;-9.779014435E0;9.779243092E0
3.975392437E1;4.505630493E-2;-8.831634521E-3;-9.777816925E0;9.777924723E0
3.976396538E1;9.580078125E-3;-1.781295776E-2;-9.790091400E0;9.790112293E0
3.977400737E1;1.646575928E-2;-2.275268555E-2;-9.817334747E0;9.817374921E0
3.978404838E1;3.891906738E-3;-2.784210205E-2;-9.834249573E0;9.834289755E0
3.979408938E1;-6.286926270E-3;-1.571731567E-2;-9.820627899E0;9.820642489E0
3.980413138E1;-1.062789917E-2;-7.484436035E-4;-9.846524048E0;9.846529812E0
3.981417238E1;-7.634124756E-3;9.580078125E-3;-9.845326538E0;9.845334159E0
3.982421337E1;-4.041595459E-3;-4.191284180E-3;-9.852062531E0;9.852064251E0
3.983425537E1;-2.993774414E-4;-4.939727783E-3;-9.830207977E0;9.830209223E0
3.984429637E1;1.302291870E-2;1.347198486E-3;-9.809850311E0;9.809859048E0
3.985433738E1;2.200424194E-2;-7.334747314E-3;-9.786648560E0;9.786676045E0
3.986437750E1;3.787124634E-2;-2.305206299E-2;-9.767488403E0;9.767589024E0
3.987441950E1;6.017486572E-2;-1.571731567E-2;-9.787397003E0;9.787594605E0
3.988446050E1;7.304809570E-2;-3.038681030E-2;-9.778565369E0;9.778885420E0
3.989450150E1;9.580078125E-2;-4.430786133E-2;-9.785750427E0;9.786319656E0
3.990454350E1;1.077758789E-1;-4.445755005E-2;-9.801318054E0;9.802011412E0
3.991458450E1;1.040336609E-1;-5.179229736E-2;-9.798324280E0;9.799013427E0
3.992462550E1;9.101074219E-2;-5.119354248E-2;-9.794731750E0;9.795288347E0
3.993466750E1;6.706054688E-2;-4.565505981E-2;-9.802365875E0;9.802701579E0
3.994470850E1;6.346801758E-2;-4.056564331E-2;-9.806257782E0;9.806547071E0
3.995474950E1;4.071533203E-2;-4.116439819E-2;-9.783954163E0;9.784125475E0
3.996479150E1;3.442840576E-2;-3.023712158E-2;-9.803264008E0;9.803371094E0
3.997483250E1;2.978805542E-2;-2.589614868E-2;-9.814640350E0;9.814719718E0
3.998487350E1;1.646575928E-2;-3.113525391E-2;-9.827962646E0;9.828025758E0
3.999491550E1;1.107696533E-2;-2.230361938E-2;-9.813293152E0;9.813324749E0
4.000495650E1;1.377136230E-2;-2.844085693E-3;-9.824070740E0;9.824080804E0
4.001499750E1;1.466949463E-2;3.218307495E-2;-9.793833618E0;9.793897482E0
4.002503950E1;-3.143463135E-3;3.727249146E-2;-9.817185059E0;9.817256317E0
4.003508050E1;-6.286926270E-3;4.505630493E-2;-9.796378326E0;9.796483957E0
4.004512150E1;6.735992432E-3;2.649490356E-2;-9.791887665E0;9.791925827E0
4.005516350E1;1.272354126E-2;-4.340972900E-3;-9.815688171E0;9.815697378E0
4.006520450E1;1.182540894E-2;-3.083587646E-2;-9.822873230E0;9.822928748E0
4.007524550E1;2.589614868E-2;-2.634521484E-2;-9.799970856E0;9.800040482E0
4.008528750E1;1.736389160E-2;-2.185455322E-2;-9.791438599E0;9.791478385E0
4.009532850E1;4.790039063E-2;-2.799179077E-2;-9.817334747E0;9.817491509E0
4.010536950E1;4.146377563E-2;-3.083587646E-2;-9.824968872E0;9.825104754E0
4.011541050E1;4.266128540E-2;-2.320175171E-2;-9.818083191E0;9.818203290E0
4.012545250E1;3.143463135E-2;-2.020797729E-2;-9.812993774E0;9.813064930E0
4.013549350E1;2.619552612E-2;-2.230361938E-2;-9.800270233E0;9.800330622E0
4.014553450E1;2.200424194E-2;-1.526824951E-2;-9.794731750E0;9.794768367E0
4.015557650E1;2.335144043E-2;-2.888992310E-2;-9.813442841E0;9.813513148E0
4.016561750E1;1.841171265E-2;-2.888992310E-2;-9.810149689E0;9.810209505E0
4.017565850E1;7.484436035E-4;-4.790039062E-3;-9.807155914E0;9.807157113E0
4.018570050E1;2.888992310E-2;-1.541793823E-2;-9.795629883E0;9.795684618E0
4.019574150E1;7.319778442E-2;-5.837860107E-3;-9.799970856E0;9.800245955E0
4.020578250E1;8.143066406E-2;-1.736389160E-2;-9.772877197E0;9.773231869E0
4.021582450E1;9.909393311E-2;-1.377136230E-2;-9.794731750E0;9.795242688E0
4.022586550E1;9.235794067E-2;4.041595459E-3;-9.814041595E0;9.814476999E0
4.023590650E1;4.116439819E-2;9.131011963E-3;-9.809550934E0;9.809641553E0
4.024594850E1;2.649490356E-2;8.981323242E-4;-9.802066498E0;9.802102347E0
4.025598950E1;-7.035369873E-3;9.280700684E-3;-9.831106110E0;9.831113008E0
4.026603050E1;-2.694396973E-3;1.107696533E-2;-9.839638367E0;9.839644971E0
4.027607250E1;-6.137237549E-3;2.993774414E-3;-9.854457550E0;9.854459916E0
4.028611350E1;-3.817062378E-2;7.484436035E-4;-9.841883698E0;9.841957746E0
4.029615450E1;-6.616241455E-2;1.122665405E-2;-9.839338989E0;9.839567838E0
4.030619650E1;-7.334747314E-2;6.137237549E-3;-9.817035370E0;9.817311290E0
4.031623750E1;-1.332229614E-2;1.392105103E-2;-9.774972839E0;9.774991831E0
4.032627850E1;5.224136353E-2;-1.422042847E-2;-9.732610931E0;9.732761526E0
4.033632050E1;5.763015747E-2;-8.981323242E-3;-9.727521515E0;9.727696373E0
4.034636150E1;3.457809448E-2;-3.427871704E-2;-9.775272217E0;9.775393475E0
4.035640250E1;1.407073975E-2;-4.864883423E-2;-9.812993774E0;9.813124452E0
4.036644450E1;-8.532257080E-3;-4.281097412E-2;-9.800719299E0;9.800816515E0
4.037648550E1;1.990859985E-2;-1.110690308E-1;-9.838889923E0;9.839536961E0
4.038652650E1;4.206253052E-2;-1.332229614E-1;-9.838291168E0;9.839283039E0
4.039656850E1;5.763015747E-2;-1.161584473E-1;-9.807904358E0;9.808761487E0
4.040660950E1;8.502319336E-2;-8.861572266E-2;-9.790241089E0;9.791011300E0
4.041665050E1;6.316864014E-2;-8.936416626E-2;-9.818681946E0;9.819291796E0
4.042669150E1;5.179229736E-2;-5.179229736E-2;-9.840237122E0;9.840509717E0
4.043673350E1;9.131011963E-3;-2.918930054E-2;-9.873617706E0;9.873665074E0
4.044677450E1;-2.993774414E-4;-3.098556519E-2;-9.840536499E0;9.840585287E0
4.045681550E1;-9.430389404E-3;-3.188369751E-2;-9.843979340E0;9.844035491E0
4.046685750E1;-1.122665405E-2;-6.586303711E-3;-9.853409729E0;9.853418326E0
4.047689850E1;-1.302291870E-2;3.442840576E-3;-9.856403503E0;9.856412708E0
4.048693950E1;-8.831634521E-3;2.335144043E-2;-9.818532257E0;9.818563997E0
4.049698150E1;4.790039062E-3;1.586700439E-2;-9.845027161E0;9.845041112E0
4.050702250E1;-1.197509766E-3;3.308120728E-2;-9.843829651E0;9.843885310E0
4.051706350E1;1.182540894E-2;2.589614868E-2;-9.803413696E0;9.803455031E0
4.052710550E1;2.619552612E-2;1.691482544E-2;-9.790690155E0;9.790739810E0
4.053714650E1;2.215393066E-2;1.407073975E-2;-9.781559143E0;9.781594351E0
4.054718750E1;2.589614868E-2;2.454895020E-2;-9.729617157E0;9.729682589E0
4.055722950E1;4.490661621E-2;-2.320175171E-2;-9.788744202E0;9.788874704E0
4.056727050E1;7.738906860E-2;-3.218307495E-2;-9.820627899E0;9.820985549E0
4.057731150E1;4.745132446E-2;-8.681945801E-3;-9.793983307E0;9.794102104E0
4.058735350E1;3.517684937E-2;-1.916015625E-2;-9.816286926E0;9.816368653E0
4.059739450E1;4.176315308E-2;-2.200424194E-2;-9.830357666E0;9.830471005E0
4.060743550E1;7.035369873E-3;-5.239105225E-3;-9.801767120E0;9.801771045E0
4.061747750E1;1.377136230E-2;2.395019531E-3;-9.786798248E0;9.786808230E0
4.062751850E1;1.511856079E-2;-4.041595459E-3;-9.807904358E0;9.807916843E0
4.063755950E1;2.155517578E-2;1.945953369E-3;-9.810598755E0;9.810622628E0
4.064760150E1;2.963836670E-2;4.340972900E-3;-9.822424164E0;9.822469839E0
4.065764250E1;2.903961182E-2;1.257385254E-2;-9.802814941E0;9.802866018E0
4.066768350E1;1.856140137E-2;2.305206299E-2;-9.793534241E0;9.793578960E0
4.067772550E1;3.367996216E-2;-6.586303711E-3;-9.785301361E0;9.785361539E0
4.068776650E1;4.176315308E-2;-1.646575928E-2;-9.772428131E0;9.772531241E0
4.069780750E1;7.334747314E-2;-3.367996216E-2;-9.761051788E0;9.761385466E0
4.070784850E1;8.217910767E-2;-3.532653809E-2;-9.796977081E0;9.797385432E0
4.071789050E1;7.649093628E-2;-4.430786133E-2;-9.810748444E0;9.811146675E0
4.072793150E1;9.071136475E-2;-3.547622681E-2;-9.806706848E0;9.807190542E0
4.073797250E1;8.352630615E-2;-4.101470947E-2;-9.811197510E0;9.811638774E0
4.074801450E1;5.254074097E-2;-4.101470947E-2;-9.856104126E0;9.856329503E0
4.075805550E1;1.841171265E-2;-3.802093506E-2;-9.859696655E0;9.859787154E0
4.076809650E1;1.646575928E-3;-5.089416504E-2;-9.829160156E0;9.829292055E0
4.077813850E1;-9.729766846E-3;-3.667373657E-2;-9.819580078E0;9.819653382E0
4.078817950E1;-3.592529297E-3;-4.266128540E-2;-9.840087433E0;9.840180566E0
4.079822050E1;-8.382568359E-3;-2.230361938E-2;-9.845176849E0;9.845205682E0
4.080826250E1;-7.484436035E-3;-5.837860107E-3;-9.852810974E0;9.852815546E0
4.081830350E1;-4.490661621E-4;-1.901046753E-2;-9.835147705E0;9.835166088E0
4.082834450E1;-3.891906738E-3;-2.484832764E-2;-9.845326538E0;9.845358664E0
4.083838650E1;3.188369751E-2;-2.350112915E-2;-9.824519806E0;9.824599650E0
4.084842750E1;2.424957275E-2;-5.688171387E-3;-9.807006226E0;9.807037856E0
4.085846850E1;6.152206421E-2;-2.065704346E-2;-9.764943695E0;9.765159346E0
4.086851125E1;8.637039185E-2;9.430389404E-3;-9.765692139E0;9.766078626E0
4.087855225E1;9.220825195E-2;1.227447510E-2;-9.775421906E0;9.775864486E0
4.088859325E1;9.864486694E-2;1.242416382E-2;-9.775571594E0;9.776077187E0
4.089863525E1;9.535171509E-2;4.490661621E-4;-9.745633850E0;9.746100312E0
4.090867625E1;9.714797974E-2;1.302291870E-2;-9.762249298E0;9.762741351E0
4.091871725E1;8.801696777E-2;5.388793945E-3;-9.791588287E0;9.791985356E0
4.092875925E1;5.179229736E-2;-7.334747314E-3;-9.808652802E0;9.808792281E0
4.093880025E1;4.086502075E-2;-1.287322998E-2;-9.817334747E0;9.817428238E0
4.094884125E1;1.526824951E-2;-2.245330811E-2;-9.827214203E0;9.827251714E0
4.095888325E1;-7.185058594E-3;-5.538482666E-3;-9.824819183E0;9.824823372E0
4.096892425E1;-2.095642090E-3;-1.107696533E-2;-9.818083191E0;9.818089663E0
4.097896525E1;1.960922241E-2;2.993774414E-3;-9.802216187E0;9.802236258E0
4.098900625E1;2.604583740E-2;-2.739303589E-2;-9.804910583E0;9.804983443E0
4.099904825E1;3.936813354E-2;-8.382568359E-3;-9.809550934E0;9.809633512E0
4.100908925E1;5.897735596E-2;-6.586303711E-3;-9.824819183E0;9.824998407E0
4.101913025E1;7.708969116E-2;2.544708252E-3;-9.826316071E0;9.826618789E0
4.102917225E1;8.008346558E-2;-1.332229614E-2;-9.830806732E0;9.831141940E0
4.103921325E1;6.915618896E-2;-1.032852173E-2;-9.822573853E0;9.822822728E0
4.104925425E1;5.179229736E-2;-2.245330811E-2;-9.831255798E0;9.831417861E0
4.105929625E1;2.365081787E-2;-1.287322998E-2;-9.813293152E0;9.813330096E0
4.106933725E1;-2.544708252E-3;-2.140548706E-2;-9.796827393E0;9.796851108E0
4.107937825E1;-8.981323242E-3;-6.137237549E-3;-9.836644592E0;9.836650607E0
4.108942025E1;-1.107696533E-2;7.035369873E-3;-9.840835876E0;9.840844625E0
4.109946125E1;-8.831634521E-3;5.987548828E-4;-9.832602997E0;9.832606981E0
4.110950225E1;2.125579834E-2;-2.125579834E-2;-9.821825409E0;9.821871409E0
4.111954425E1;9.729766846E-3;-7.933502197E-3;-9.846224670E0;9.846232674E0
4.112958525E1;-1.047821045E-3;-4.041595459E-3;-9.851613464E0;9.851614349E0
4.113962625E1;1.960922241E-2;2.245330811E-3;-9.824220428E0;9.824240255E0
4.114966825E1;4.505630493E-2;-4.790039062E-3;-9.801168365E0;9.801273098E0
4.115970925E1;4.819976807E-2;-2.245330811E-3;-9.779164124E0;9.779283165E0
4.116975025E1;1.766326904E-2;-1.047821045E-2;-9.724078674E0;9.724100362E0
4.117979225E1;-7.484436035E-4;1.122665405E-2;-9.696985016E0;9.696991544E0
4.118983325E1;-1.916015625E-2;1.856140137E-2;-9.728569336E0;9.728605910E0
4.119987425E1;-8.038284302E-2;1.975891113E-2;-9.761201477E0;9.761552443E0
4.120991525E1;-8.053253174E-2;-8.681945801E-3;-9.784702606E0;9.785037862E0
4.121995725E1;-4.805007935E-2;-4.490661621E-2;-9.815239105E0;9.815459445E0
4.122999825E1;-5.239105225E-3;-5.927673340E-2;-9.830956421E0;9.831136523E0
4.124003925E1;2.829116821E-2;-4.355941772E-2;-9.792187042E0;9.792324795E0
4.125008125E1;1.125659180E-1;-7.634124756E-2;-9.781559143E0;9.782504707E0
4.126012225E1;2.037263489E-1;-1.094224548E-1;-9.780511322E0;9.783244831E0
4.127016325E1;1.651066589E-1;-1.110690308E-1;-9.807155914E0;9.809174464E0
4.128020525E1;9.610015869E-2;-9.984237671E-2;-9.823621674E0;9.824599052E0
4.129024625E1;3.203338623E-2;-9.071136475E-2;-9.879455566E0;9.879923936E0
4.130028725E1;-6.436614990E-3;-6.930587769E-2;-9.884395294E0;9.884640361E0
4.131032925E1;-3.757186890E-2;-4.550537109E-2;-9.856403503E0;9.856580158E0
4.132037025E1;-1.302291870E-2;-4.954696655E-2;-9.834998016E0;9.835131442E0
4.133041125E1;2.335144043E-2;-3.832031250E-2;-9.808952179E0;9.809054826E0
4.134045325E1;5.598358154E-2;-3.742218018E-2;-9.762997742E0;9.763229972E0
4.135049425E1;9.954299927E-2;-3.547622681E-2;-9.781708832E0;9.782279644E0
4.136053525E1;8.622070312E-2;1.646575928E-3;-9.825567627E0;9.825946057E0
4.137057725E1;7.214996338E-2;8.936416626E-2;-9.807006226E0;9.807678761E0
4.138061825E1;2.140548706E-2;1.522334290E-1;-9.811197510E0;9.812401836E0
4.139065925E1;3.742218018E-3;1.414558411E-1;-9.786199493E0;9.787222501E0
4.140070125E1;-6.137237549E-3;1.154100037E-1;-9.811796265E0;9.812476908E0
4.141074225E1;-1.092727661E-2;3.996688843E-2;-9.818831635E0;9.818919056E0
4.142078325E1;-2.694396973E-3;-3.113525391E-2;-9.812993774E0;9.813043538E0
4.143082525E1;2.529739380E-2;-5.029541016E-2;-9.842781830E0;9.842942839E0
4.144086625E1;2.859054565E-2;-7.813751221E-2;-9.829309845E0;9.829661994E0
4.145090725E1;5.209167480E-2;-6.182144165E-2;-9.842332764E0;9.842664764E0
4.146094825E1;6.915618896E-2;-5.748046875E-2;-9.849517822E0;9.849928320E0
4.147099025E1;9.026229858E-2;-7.244934082E-2;-9.830507355E0;9.831188689E0
4.148103125E1;9.175918579E-2;-7.244934082E-2;-9.830507355E0;9.831202546E0
4.149107225E1;8.966354370E-2;-6.870712280E-2;-9.821675720E0;9.822325294E0
4.150111425E1;6.451583862E-2;-6.062393188E-2;-9.826615448E0;9.827014232E0
4.151115525E1;3.981719971E-2;-3.891906738E-2;-9.819729767E0;9.819887616E0
4.152119625E1;1.676513672E-2;3.891906738E-3;-9.821076965E0;9.821092046E0
4.153123825E1;-6.286926270E-3;1.856140137E-2;-9.845027161E0;9.845046665E0
4.154127925E1;-7.484436035E-3;3.382965088E-2;-9.862391052E0;9.862451913E0
4.155132025E1;7.185058594E-3;3.532653809E-2;-9.840087433E0;9.840153468E0
4.156136225E1;9.580078125E-3;6.496490479E-2;-9.814640350E0;9.814860031E0
4.157140325E1;4.071533203E-2;3.562591553E-2;-9.835147705E0;9.835296504E0
4.158144425E1;4.790039063E-2;1.616638184E-2;-9.834548950E0;9.834678889E0
4.159148625E1;4.640350342E-2;-6.286926270E-3;-9.816286926E0;9.816398618E0
4.160152725E1;5.044509888E-2;-3.412902832E-2;-9.817783813E0;9.817972729E0
4.161156825E1;3.996688843E-2;-4.460723877E-2;-9.846524048E0;9.846706200E0
4.162161025E1;2.799179077E-2;-4.939727783E-2;-9.823471985E0;9.823636061E0
4.163165125E1;2.829116821E-2;-3.966751099E-2;-9.824819183E0;9.824939994E0
4.164169225E1;-2.484832764E-2;-4.445755005E-2;-9.851763153E0;9.851894799E0
4.165173425E1;-5.583389282E-2;-3.338058472E-2;-9.872569885E0;9.872784198E0
4.166177525E1;-1.197509766E-2;-4.849914551E-2;-9.842183075E0;9.842309853E0
4.167181625E1;3.682342529E-2;-4.415817261E-2;-9.810449066E0;9.810617554E0
4.168185825E1;8.786727905E-2;-6.167175293E-2;-9.790690155E0;9.791278659E0
4.169189925E1;8.681945801E-2;-3.547622681E-2;-9.787097626E0;9.787546992E0
4.170194025E1;6.706054688E-2;8.681945801E-3;-9.797575836E0;9.797809182E0
4.171198125E1;2.230361938E-2;3.667373657E-2;-9.814640350E0;9.814734210E0
4.172202325E1;-1.466949463E-2;6.047424316E-2;-9.794731750E0;9.794929423E0
4.173206425E1;-1.886077881E-2;5.643264771E-2;-9.804461517E0;9.804642065E0
4.174210525E1;1.496887207E-4;2.993774414E-2;-9.808054047E0;9.808099738E0
4.175214725E1;4.790039063E-2;-1.511856079E-2;-9.782756653E0;9.782885604E0
4.176218825E1;8.637039185E-2;-4.385879517E-2;-9.757758636E0;9.758239444E0
4.177222925E1;1.041833496E-1;-6.840774536E-2;-9.766739960E0;9.767535167E0
4.178227125E1;9.819580078E-2;-4.834945679E-2;-9.782008209E0;9.782620543E0
4.179231225E1;5.703140259E-2;-5.134323120E-2;-9.829609222E0;9.829908757E0
4.180235325E1;3.023712158E-2;-4.849914551E-2;-9.840536499E0;9.840702467E0
4.181239525E1;5.164260864E-2;-4.236190796E-2;-9.820029144E0;9.820256304E0
4.182243625E1;8.158035278E-2;-2.320175171E-2;-9.807305603E0;9.807672347E0
4.183247725E1;8.786727905E-2;9.280700684E-3;-9.810449066E0;9.810846939E0
4.184251925E1;7.155120850E-2;1.586700439E-2;-9.786947937E0;9.787222346E0
4.185256025E1;1.496887207E-4;1.676513672E-2;-9.832303619E0;9.832317914E0
4.186260125E1;-8.861572266E-2;3.951782227E-2;-9.882149963E0;9.882626286E0
4.187264313E1;-1.152603149E-1;5.239105225E-3;-9.905202026E0;9.905873993E0
4.188268413E1;-8.277786255E-2;-2.634521484E-2;-9.861941986E0;9.862324573E0
4.189272512E1;-3.068618774E-2;-4.879852295E-2;-9.815987549E0;9.816156809E0
4.190276713E1;3.936813354E-2;-3.113525391E-2;-9.787696381E0;9.787825075E0
4.191280812E1;1.124162292E-1;-5.508544922E-2;-9.780810699E0;9.781611818E0
4.192284913E1;1.314266968E-1;-4.326004028E-2;-9.781858521E0;9.782837039E0
4.193289013E1;1.231938171E-1;-3.966751099E-2;-9.805060272E0;9.805914397E0
4.194293213E1;9.744735718E-2;-1.496887207E-2;-9.822424164E0;9.822918940E0
4.195297313E1;5.897735596E-2;1.496887207E-3;-9.811945953E0;9.812123316E0
4.196301412E1;3.502716064E-2;2.305206299E-2;-9.787546692E0;9.787636515E0
4.197305612E1;-3.742218018E-3;1.841171265E-2;-9.806108093E0;9.806126092E0
4.198309712E1;8.981323242E-4;1.586700439E-2;-9.794582062E0;9.794594955E0
4.199313813E1;-8.831634521E-3;-1.047821045E-3;-9.782307587E0;9.782311629E0
4.200318013E1;3.293151855E-3;-2.903961182E-2;-9.794731750E0;9.794775353E0
4.201322113E1;7.634124756E-3;-3.203338623E-2;-9.804461517E0;9.804516819E0
4.202326212E1;9.729766846E-3;-4.086502075E-2;-9.814191284E0;9.814281185E0
4.203330413E1;1.871109009E-2;-3.802093506E-2;-9.814490662E0;9.814582143E0
4.204334512E1;2.619552612E-2;-3.158432007E-2;-9.790839844E0;9.790925831E0
4.205338613E1;1.676513672E-2;-2.065704346E-2;-9.790540466E0;9.790576613E0
4.206342812E1;-1.631607056E-2;2.245330811E-3;-9.776469727E0;9.776483599E0
4.207346913E1;-1.646575928E-2;4.790039062E-3;-9.746681671E0;9.746696757E0
4.208351013E1;-1.272354126E-2;-5.538482666E-3;-9.748178558E0;9.748188435E0
4.209355213E1;-4.490661621E-4;-3.203338623E-2;-9.799072723E0;9.799125092E0
4.210359313E1;7.484436035E-3;-4.565505981E-2;-9.816586304E0;9.816695323E0
4.211363412E1;9.879455566E-3;-4.999603271E-2;-9.834099884E0;9.834231934E0
4.212367612E1;9.729766846E-3;-3.742218018E-2;-9.847422180E0;9.847498093E0
4.213371712E1;1.601669312E-2;2.544708252E-3;-9.845775604E0;9.845788961E0
4.214375813E1;1.347198486E-2;3.008743286E-2;-9.837991791E0;9.838047023E0
4.215379912E1;-3.442840576E-3;2.769241333E-2;-9.845326538E0;9.845366086E0
4.216384113E1;-5.837860107E-3;1.796264648E-2;-9.842931519E0;9.842949640E0
4.217388212E1;2.350112915E-2;5.388793945E-3;-9.805209961E0;9.805239605E0
4.218392313E1;3.353027344E-2;2.245330811E-3;-9.802365875E0;9.802423480E0
4.219396512E1;6.780899048E-2;-9.280700684E-3;-9.780810699E0;9.781050155E0
4.220400613E1;7.679031372E-2;-2.874023438E-2;-9.726773071E0;9.727118645E0
4.221404713E1;1.044827271E-1;-4.355941772E-2;-9.778116302E0;9.778771522E0
4.222408913E1;1.206491089E-1;-5.119354248E-2;-9.783654785E0;9.784532587E0
4.223413013E1;9.250762939E-2;-4.730163574E-2;-9.763895874E0;9.764448666E0
4.224417112E1;7.170089722E-2;-3.263214111E-2;-9.780960388E0;9.781277626E0
4.225421312E1;4.026626587E-2;-3.068618774E-2;-9.777816925E0;9.777947987E0
4.226425412E1;1.721420288E-2;-2.439926147E-2;-9.761650543E0;9.761696214E0
4.227429513E1;1.032852173E-2;-4.340972900E-3;-9.787397003E0;9.787403416E0
4.228433713E1;1.197509766E-2;7.634124756E-3;-9.831255798E0;9.831266056E0
4.229437813E1;-9.729766846E-3;8.681945801E-3;-9.814640350E0;9.814649013E0
4.230441912E1;2.035766602E-2;1.107696533E-2;-9.813592529E0;9.813619896E0
4.231446113E1;4.730163574E-2;1.242416382E-2;-9.817783813E0;9.817905623E0
4.232450212E1;7.843688965E-2;-5.987548828E-3;-9.804311829E0;9.804627409E0
4.233454313E1;1.082249451E-1;-3.517684937E-2;-9.790241089E0;9.790902442E0
4.234458413E1;1.160087585E-1;-4.520599365E-2;-9.790091400E0;9.790883067E0
4.235462613E1;1.089733887E-1;-5.194198608E-2;-9.786199493E0;9.786944043E0
4.236466713E1;9.385482788E-2;-5.478607178E-2;-9.808054047E0;9.808656097E0
4.237470812E1;8.906478882E-2;-4.760101318E-2;-9.791438599E0;9.791959366E0
4.238475012E1;5.254074097E-2;-2.484832764E-2;-9.810000000E0;9.810172168E0
4.239479112E1;2.514770508E-2;8.981323242E-4;-9.841734009E0;9.841766179E0
4.240483213E1;4.490661621E-4;1.092727661E-2;-9.864486694E0;9.864492757E0
4.241487412E1;-8.083190918E-3;2.065704346E-2;-9.856403503E0;9.856428464E0
4.242491513E1;-3.891906738E-3;2.993774414E-4;-9.866282959E0;9.866283731E0
4.243495612E1;-1.040336609E-1;2.140548706E-2;-9.892179108E0;9.892749299E0
4.244499813E1;-1.646575928E-1;8.532257080E-3;-9.917775879E0;9.919146299E0
4.245503912E1;-2.513273621E-1;1.302291870E-2;-9.931098175E0;9.934286386E0
4.246508013E1;-1.755848694E-1;-6.586303711E-3;-9.902807007E0;9.904365706E0
4.247512212E1;7.544311523E-2;-1.766326904E-2;-9.805659027E0;9.805965154E0
4.248516313E1;1.634600830E-1;-4.535568237E-2;-9.782307587E0;9.783778312E0
4.249520413E1;2.142045593E-1;-3.098556519E-2;-9.743987274E0;9.746390701E0
4.250524613E1;2.368075562E-1;-1.990859985E-2;-9.748927002E0;9.751823002E0
4.251528713E1;2.357597351E-1;-1.152603149E-2;-9.776469727E0;9.779318781E0
4.252532812E1;1.972897339E-1;1.706451416E-2;-9.779613190E0;9.781617892E0
4.253537012E1;1.175056458E-1;1.631607056E-2;-9.785900116E0;9.786619175E0
4.254541112E1;6.601272583E-2;1.856140137E-2;-9.764195251E0;9.764436037E0
4.255545213E1;3.203338623E-2;2.125579834E-2;-9.770182800E0;9.770258436E0
4.256549313E1;-9.954299927E-2;8.831634521E-3;-9.835896149E0;9.836403807E0
4.257553513E1;-2.631527710E-1;1.916015625E-2;-9.885293427E0;9.888814015E0
4.258557612E1;-2.079176331E-1;6.586303711E-3;-9.870025177E0;9.872217082E0
4.259561712E1;-1.002914429E-2;-1.481918335E-2;-9.824070740E0;9.824087036E0
4.260565912E1;3.113525391E-2;-3.218307495E-2;-9.831255798E0;9.831357776E0
4.261570013E1;5.194198608E-2;-3.712280273E-2;-9.814191284E0;9.814398944E0
4.262574113E1;1.248403931E-1;-4.670288086E-2;-9.801767120E0;9.802673358E0
4.263578313E1;1.393601990E-1;-3.068618774E-2;-9.828711090E0;9.829746924E0
4.264582413E1;1.076261902E-1;-1.077758789E-2;-9.798174591E0;9.798771600E0
4.265586512E1;6.092330933E-2;2.814147949E-2;-9.751621399E0;9.751852311E0
4.266590712E1;2.140548706E-2;3.697311401E-2;-9.716743927E0;9.716837847E0
4.267594812E1;1.496887207E-3;4.999603271E-2;-9.713001709E0;9.713130497E0
4.268598913E1;-5.777984619E-2;2.514770508E-2;-9.780960388E0;9.781163378E0
4.269603113E1;-8.472381592E-2;-7.933502197E-3;-9.842332764E0;9.842700610E0
4.270607213E1;-2.799179077E-2;-4.685256958E-2;-9.875713348E0;9.875864157E0
4.271611312E1;-7.484436035E-3;-1.118174744E-1;-9.872270508E0;9.872906570E0
4.272615412E1;4.700225830E-2;-1.851649475E-1;-9.870773621E0;9.872622101E0
4.273619612E1;4.221221924E-2;-2.040257263E-1;-9.872420197E0;9.874618418E0
4.274623713E1;3.143463135E-2;-1.640588379E-1;-9.850715332E0;9.852131546E0
4.275627813E1;1.616638184E-2;-9.235794067E-2;-9.843230896E0;9.843677454E0
4.276632013E1;2.350112915E-2;-4.266128540E-2;-9.824370117E0;9.824490851E0
4.277636113E1;3.353027344E-2;1.422042847E-2;-9.803563385E0;9.803631039E0
4.278640212E1;5.478607178E-2;3.787124634E-2;-9.788145447E0;9.788372032E0
4.279644413E1;7.484436035E-2;5.254074097E-2;-9.774823151E0;9.775250883E0
4.280648512E1;1.483415222E-1;3.847000122E-2;-9.789492645E0;9.790692080E0
4.281652613E1;1.673519897E-1;3.338058472E-2;-9.779313812E0;9.780802605E0
4.282656812E1;1.640588379E-1;-1.212478638E-2;-9.753866730E0;9.755253892E0
4.283660913E1;1.100212097E-1;-5.987548828E-3;-9.771230621E0;9.771851839E0
4.284665012E1;4.760101318E-2;-5.688171387E-3;-9.811047821E0;9.811164944E0
4.285669213E1;5.538482666E-3;9.580078125E-3;-9.800270233E0;9.800276481E0
4.286673262E1;-2.619552612E-2;4.640350342E-3;-9.795031128E0;9.795067255E0
4.287677363E1;-3.547622681E-2;2.035766602E-2;-9.825417938E0;9.825503074E0
4.288681563E1;-7.514373779E-2;-2.065704346E-2;-9.810000000E0;9.810309541E0
4.289685663E1;-4.625381470E-2;-3.293151855E-3;-9.794881439E0;9.794991203E0
4.290689762E1;-3.562591553E-2;8.681945801E-3;-9.774823151E0;9.774891928E0
4.291693963E1;-1.152603149E-2;2.993774414E-4;-9.776320038E0;9.776326837E0
4.292698062E1;-2.215393066E-2;1.182540894E-2;-9.807305603E0;9.807337754E0
4.293702163E1;-4.266128540E-2;-1.826202393E-2;-9.837542725E0;9.837652176E0
4.294706263E1;-3.577560425E-2;-3.143463135E-3;-9.834698639E0;9.834764211E0
4.295710463E1;-1.392105103E-2;1.197509766E-2;-9.802964630E0;9.802981829E0
4.296714563E1;3.442840576E-3;3.008743286E-2;-9.800868988E0;9.800915775E0
4.297718662E1;4.116439819E-2;7.334747314E-3;-9.793384552E0;9.793473811E0
4.298722862E1;8.322692871E-2;-2.095642090E-3;-9.762698364E0;9.763053337E0
4.299726962E1;8.637039185E-2;3.293151855E-3;-9.789792023E0;9.790173570E0
4.300731063E1;8.801696777E-2;3.891906738E-3;-9.815987549E0;9.816382923E0
4.301735263E1;6.765930176E-2;-1.781295776E-2;-9.818382568E0;9.818631847E0
4.302739363E1;3.173400879E-2;-5.074447632E-2;-9.844428406E0;9.844610337E0
4.303743462E1;7.484436035E-3;-4.430786133E-2;-9.812095642E0;9.812198535E0
4.304747663E1;1.451980591E-2;-5.089416504E-2;-9.815837860E0;9.815980539E0
4.305751762E1;3.353027344E-2;-5.269042969E-2;-9.779762878E0;9.779962296E0
4.306755863E1;2.918930054E-2;-3.727249146E-2;-9.704170074E0;9.704285553E0
4.307760062E1;7.259902954E-2;-5.149291992E-2;-9.706565094E0;9.706973167E0
4.308764163E1;8.442443848E-2;-5.149291992E-2;-9.789342957E0;9.789842416E0
4.309768263E1;7.858657837E-2;-4.101470947E-2;-9.836943970E0;9.837343377E0
4.310772362E1;9.684860229E-2;-3.083587646E-2;-9.871821442E0;9.872344660E0
4.311776563E1;1.071771240E-1;-3.727249146E-2;-9.872270508E0;9.872922625E0
4.312780662E1;6.975494385E-2;-1.706451416E-2;-9.862241364E0;9.862502809E0
4.313784763E1;-7.634124756E-3;-2.080673218E-2;-9.864337006E0;9.864361903E0
4.314788962E1;-7.634124756E-3;-1.811233521E-2;-9.832004242E0;9.832023889E0
4.315793063E1;2.155517578E-2;-2.050735474E-2;-9.772128754E0;9.772174044E0
4.316797162E1;4.864883423E-2;-2.814147949E-2;-9.802216187E0;9.802377304E0
4.317801363E1;-1.526824951E-2;1.796264648E-3;-9.875863037E0;9.875875003E0
4.318805462E1;-6.900650024E-2;-7.484436035E-4;-9.868079224E0;9.868320527E0
4.319809563E1;-6.256988525E-2;1.137634277E-2;-9.879006500E0;9.879211195E0
4.320813762E1;-2.754272461E-2;1.945953369E-3;-9.923763428E0;9.923801840E0
4.321817863E1;2.095642090E-2;-1.122665405E-2;-9.878258057E0;9.878286665E0
4.322821963E1;9.684860229E-2;-3.143463135E-2;-9.831405487E0;9.831932752E0
4.323826163E1;1.046324158E-1;-4.056564331E-2;-9.792935486E0;9.793578454E0
4.324830263E1;9.565109253E-2;-2.604583740E-2;-9.787397003E0;9.787899040E0
4.325834362E1;1.014889526E-1;-1.736389160E-2;-9.806706848E0;9.807247357E0
4.326838463E1;1.083746338E-1;-2.874023438E-2;-9.801916809E0;9.802558043E0
4.327842662E1;8.696914673E-2;-1.646575928E-2;-9.791139221E0;9.791539307E0
4.328846763E1;6.616241455E-2;-1.601669312E-2;-9.824519806E0;9.824755642E0
4.329850863E1;5.179229736E-2;-7.334747314E-3;-9.824669495E0;9.824808747E0
4.330855063E1;2.350112915E-2;-8.232879639E-3;-9.828112335E0;9.828143882E0
4.331859162E1;9.879455566E-3;-3.891906738E-3;-9.819879456E0;9.819885196E0
4.332863262E1;4.790039062E-3;9.131011963E-3;-9.828262024E0;9.828267433E0
4.333867462E1;-5.688171387E-3;-1.137634277E-2;-9.834249573E0;9.834257798E0
4.334871563E1;-8.981323242E-3;1.017883301E-2;-9.832752686E0;9.832762056E0
4.335875663E1;2.395019531E-3;-8.382568359E-3;-9.807604980E0;9.807608855E0
4.336879863E1;3.113525391E-2;-2.544708252E-2;-9.810449066E0;9.810531476E0
4.337883963E1;7.349716187E-2;-2.350112915E-2;-9.821526031E0;9.821829143E0
4.338888062E1;6.496490479E-2;-2.544708252E-3;-9.772877197E0;9.773093452E0
4.339892262E1;4.924758911E-2;2.050735474E-2;-9.754016418E0;9.754162300E0
4.340896362E1;6.032455444E-2;1.990859985E-2;-9.782307587E0;9.782513845E0
4.341900463E1;4.775070190E-2;2.080673218E-2;-9.787097626E0;9.787236228E0
4.342904563E1;4.535568237E-2;4.340972900E-3;-9.779014435E0;9.779120579E0
4.343908763E1;3.442840576E-2;-1.107696533E-2;-9.812245331E0;9.812311983E0
4.344912862E1;2.574645996E-2;-9.131011963E-3;-9.823621674E0;9.823659656E0
4.345916962E1;-2.844085693E-3;-1.631607056E-2;-9.824819183E0;9.824833143E0
4.346921162E1;-5.239105225E-3;-1.377136230E-2;-9.843230896E0;9.843241924E0
4.347925263E1;-8.232879639E-3;-1.811233521E-2;-9.842632141E0;9.842652249E0
4.348929363E1;-8.382568359E-3;-3.173400879E-2;-9.837542725E0;9.837597480E0
4.349933563E1;6.885681152E-3;-3.113525391E-2;-9.847272491E0;9.847324121E0
4.350937663E1;6.885681152E-3;-3.397933960E-2;-9.821675720E0;9.821736912E0
4.351941762E1;1.975891113E-2;-3.682342529E-2;-9.812544708E0;9.812633695E0
4.352945963E1;3.517684937E-2;-3.757186890E-2;-9.801767120E0;9.801902251E0
4.353950062E1;3.607498169E-2;-3.832031250E-2;-9.784103851E0;9.784245399E0
4.354954163E1;6.541397095E-2;-3.083587646E-2;-9.782157898E0;9.782425209E0
4.355958362E1;9.894424438E-2;-2.814147949E-2;-9.760752411E0;9.761294460E0
4.356962463E1;1.218466187E-1;-8.382568359E-3;-9.699529724E0;9.700298642E0
4.357966563E1;1.026864624E-1;-7.933502197E-3;-9.710007935E0;9.710554131E0
4.358970662E1;8.876541138E-2;-3.442840576E-3;-9.770332489E0;9.770736313E0
4.359974862E1;4.730163574E-2;2.095642090E-3;-9.782457275E0;9.782571859E0
4.360978962E1;8.083190918E-3;4.640350342E-3;-9.797575836E0;9.797580269E0
4.361983063E1;-1.272354126E-2;-9.729766846E-3;-9.846524048E0;9.846537076E0
4.362987263E1;-2.454895020E-2;-1.766326904E-2;-9.852062531E0;9.852108949E0
4.363991363E1;-2.769241333E-2;-8.681945801E-3;-9.844129028E0;9.844171807E0
4.364995462E1;-2.095642090E-3;-1.526824951E-2;-9.835596771E0;9.835608845E0
4.365999663E1;-1.571731567E-2;-4.340972900E-3;-9.863139496E0;9.863152974E0
4.367003762E1;-3.742218018E-3;1.242416382E-2;-9.865983582E0;9.865992114E0
4.368007863E1;-4.340972900E-3;1.541793823E-2;-9.850266266E0;9.850279289E0
4.369012062E1;2.529739380E-2;4.640350342E-3;-9.821526031E0;9.821559707E0
4.370016163E1;4.430786133E-2;2.993774414E-3;-9.827064514E0;9.827164856E0
4.371020263E1;5.254074097E-2;9.131011963E-3;-9.782307587E0;9.782452945E0
4.372024463E1;4.834945679E-2;5.987548828E-3;-9.755962372E0;9.756084016E0
4.373028562E1;6.047424316E-2;6.885681152E-3;-9.758058014E0;9.758247832E0
4.374032662E1;7.095245361E-2;7.783813477E-3;-9.798773346E0;9.799033316E0
4.375036763E1;5.882766724E-2;2.694396973E-3;-9.809850311E0;9.810027068E0
4.376040963E1;5.209167480E-2;-2.320175171E-2;-9.823172607E0;9.823338126E0
4.377045063E1;2.320175171E-2;-2.963836670E-2;-9.812095642E0;9.812167836E0
4.378049162E1;9.879455566E-3;-1.901046753E-2;-9.835746460E0;9.835769793E0
4.379053363E1;-6.885681152E-3;-1.975891113E-2;-9.829758911E0;9.829781182E0
4.380057462E1;-2.874023438E-2;-2.200424194E-2;-9.836644592E0;9.836711189E0
4.381061563E1;-1.062789917E-2;-2.320175171E-2;-9.807754669E0;9.807787871E0
4.382065762E1;-5.688171387E-3;-1.975891113E-2;-9.804012451E0;9.804034012E0
4.383069863E1;-5.239105225E-3;5.089416504E-3;-9.782606964E0;9.782609691E0
4.384073963E1;1.017883301E-2;2.335144043E-2;-9.788594513E0;9.788627659E0
4.385078163E1;3.128494263E-2;-1.227447510E-2;-9.758656769E0;9.758714636E0
4.386082262E1;4.685256958E-2;-4.445755005E-2;-9.768835602E0;9.769049117E0
4.387086438E1;7.768844604E-2;-6.212081909E-2;-9.776769104E0;9.777275111E0
4.388090638E1;7.708969116E-2;-9.849517822E-2;-9.776320038E0;9.777120108E0
4.389094737E1;5.583389282E-2;-9.999206543E-2;-9.798174591E0;9.798843868E0
4.390098837E1;4.475692749E-2;-7.244934082E-2;-9.826615448E0;9.826984443E0
4.391102938E1;1.930984497E-2;-5.478607178E-2;-9.856403503E0;9.856574679E0
4.392107138E1;1.362167358E-2;-2.619552612E-2;-9.843380585E0;9.843424866E0
4.393111238E1;-2.993774414E-4;-1.466949463E-2;-9.865235138E0;9.865246049E0
4.394115337E1;-3.293151855E-3;-1.122665405E-2;-9.851763153E0;9.851770100E0
4.395119538E1;-1.451980591E-2;-1.377136230E-2;-9.841584320E0;9.841604666E0
4.396123637E1;-4.191284180E-3;1.362167358E-2;-9.825867004E0;9.825877340E0
4.397127738E1;-2.694396973E-3;5.987548828E-4;-9.804162140E0;9.804162528E0
4.398131937E1;1.661544800E-2;1.511856079E-2;-9.781259766E0;9.781285562E0
4.399136038E1;2.544708252E-2;1.975891113E-2;-9.794582062E0;9.794635048E0
4.400140138E1;4.445755005E-2;2.335144043E-2;-9.793085175E0;9.793213926E0
4.401144338E1;5.298980713E-2;9.430389404E-3;-9.785600739E0;9.785748753E0
4.402148438E1;6.152206421E-2;9.280700684E-3;-9.787097626E0;9.787295389E0
4.403152537E1;6.855743408E-2;-1.796264648E-3;-9.802515564E0;9.802755466E0
4.404156638E1;7.409591675E-2;-2.245330811E-2;-9.803713074E0;9.804018788E0
4.405160837E1;4.236190796E-2;-2.275268555E-2;-9.802066498E0;9.802184442E0
4.406164938E1;4.206253052E-2;-4.385879517E-2;-9.807305603E0;9.807493872E0
4.407169037E1;1.796264648E-2;-2.484832764E-2;-9.811197510E0;9.811245419E0
4.408173238E1;1.571731567E-2;-2.305206299E-2;-9.846524048E0;9.846563576E0
4.409177337E1;1.856140137E-2;-1.511856079E-2;-9.823022919E0;9.823052090E0
4.410181438E1;3.308120728E-2;-2.799179077E-2;-9.823771362E0;9.823866942E0
4.411185637E1;1.002914429E-2;-2.245330811E-2;-9.829160156E0;9.829190918E0
4.412189738E1;9.131011963E-3;-2.215393066E-2;-9.833800507E0;9.833829700E0
4.413193838E1;1.960922241E-2;-3.293151855E-2;-9.826316071E0;9.826390819E0
4.414198038E1;8.382568359E-3;-3.038681030E-2;-9.815538483E0;9.815589097E0
4.415202138E1;3.173400879E-2;-4.206253052E-2;-9.832453308E0;9.832594488E0
4.416206237E1;1.871109009E-2;-3.637435913E-2;-9.827663269E0;9.827748396E0
4.417210437E1;3.577560425E-2;-1.766326904E-2;-9.825567627E0;9.825648634E0
4.418214537E1;4.610412598E-2;-1.437011719E-2;-9.795180817E0;9.795299859E0
4.419218638E1;5.313949585E-2;-2.245330811E-2;-9.811347198E0;9.811516794E0
4.420222738E1;5.059478760E-2;-1.137634277E-2;-9.802365875E0;9.802503048E0
4.421226938E1;6.047424316E-2;-1.332229614E-2;-9.801916809E0;9.802112413E0
4.422231037E1;5.837860107E-2;3.891906738E-3;-9.796827393E0;9.797002101E0
4.423235137E1;5.269042969E-2;-7.484436035E-4;-9.815837860E0;9.815979306E0
4.424239337E1;5.598358154E-2;1.347198486E-2;-9.823921051E0;9.824089804E0
4.425243438E1;2.844085693E-2;8.981323242E-4;-9.790540466E0;9.790581817E0
4.426247538E1;2.754272461E-2;-2.649490356E-2;-9.794881439E0;9.794955997E0
4.427251738E1;1.886077881E-2;-3.667373657E-2;-9.823621674E0;9.823708235E0
4.428255838E1;1.152603149E-2;-3.577560425E-2;-9.818232880E0;9.818304824E0
4.429259937E1;-2.095642090E-3;-3.068618774E-2;-9.817334747E0;9.817382929E0
4.430264137E1;-1.032852173E-2;-2.110610962E-2;-9.816436615E0;9.816464739E0
4.431268237E1;-5.987548828E-3;-6.286926270E-3;-9.827363892E0;9.827367727E0
4.432272338E1;-1.137634277E-2;-4.490661621E-3;-9.831704865E0;9.831712472E0
4.433276438E1;1.332229614E-2;-2.544708252E-3;-9.827064514E0;9.827073874E0
4.434280638E1;2.065704346E-2;-1.945953369E-3;-9.805359650E0;9.805381602E0
4.435284737E1;1.960922241E-2;-5.987548828E-3;-9.811047821E0;9.811069244E0
4.436288837E1;2.035766602E-2;8.532257080E-3;-9.815388794E0;9.815413614E0
4.437293037E1;2.739303589E-2;-1.062789917E-2;-9.813592529E0;9.813636516E0
4.438297138E1;4.056564331E-2;-3.203338623E-2;-9.810000000E0;9.810136172E0
4.439301238E1;4.700225830E-2;-2.050735474E-2;-9.803713074E0;9.803847194E0
4.440305438E1;3.083587646E-2;-1.841171265E-2;-9.812544708E0;9.812610432E0
4.441309538E1;4.326004028E-2;-2.799179077E-2;-9.818382568E0;9.818517772E0
4.442313637E1;5.388793945E-2;-2.634521484E-2;-9.800120544E0;9.800304111E0
4.443317838E1;5.119354248E-2;-5.837860107E-3;-9.799372101E0;9.799507561E0
4.444321937E1;3.323089600E-2;2.245330811E-3;-9.804162140E0;9.804218714E0
4.445326038E1;3.218307495E-2;7.035369873E-3;-9.805060272E0;9.805115613E0
4.446330138E1;8.831634521E-3;9.131011963E-3;-9.808054047E0;9.808062273E0
4.447334338E1;1.721420288E-2;1.047821045E-2;-9.783954163E0;9.783974917E0
4.448338437E1;-1.646575928E-3;5.987548828E-4;-9.817634125E0;9.817634281E0
4.449342537E1;4.939727783E-3;1.332229614E-2;-9.837692413E0;9.837702674E0
4.450346737E1;-5.538482666E-3;1.032852173E-2;-9.834548950E0;9.834555933E0
4.451350838E1;-6.735992432E-3;-6.436614990E-3;-9.801467743E0;9.801472171E0
4.452354938E1;6.286926270E-3;-1.182540894E-2;-9.814340973E0;9.814350111E0
4.453359138E1;9.879455566E-3;-2.814147949E-2;-9.800270233E0;9.800315617E0
4.454363238E1;2.948867798E-2;-4.610412598E-2;-9.792037354E0;9.792190292E0
4.455367337E1;3.847000122E-2;-4.370910645E-2;-9.779912567E0;9.780085902E0
4.456371538E1;3.367996216E-2;-6.107299805E-2;-9.807604980E0;9.807852961E0
4.457375637E1;5.777984619E-2;-4.849914551E-2;-9.823771362E0;9.824060996E0
4.458379738E1;4.745132446E-2;-4.685256958E-2;-9.833501129E0;9.833727231E0
4.459383838E1;4.326004028E-2;-5.748046875E-2;-9.804910583E0;9.805174501E0
4.460388038E1;4.864883423E-2;-4.984634399E-2;-9.814490662E0;9.814737812E0
4.461392138E1;4.745132446E-2;-3.637435913E-2;-9.821675720E0;9.821857700E0
4.462396237E1;2.963836670E-2;-4.370910645E-2;-9.808054047E0;9.808196221E0
4.463400437E1;3.442840576E-2;-4.790039063E-2;-9.816137238E0;9.816314483E0
4.464404537E1;1.916015625E-2;-4.071533203E-2;-9.808952179E0;9.809055393E0
4.465408638E1;2.230361938E-2;-2.155517578E-2;-9.810898132E0;9.810947163E0
4.466412838E1;3.442840576E-2;-1.392105103E-2;-9.829160156E0;9.829230310E0
4.467416938E1;4.326004028E-2;1.646575928E-3;-9.809700623E0;9.809796147E0
4.468421037E1;4.565505981E-2;8.831634521E-3;-9.803563385E0;9.803673670E0
4.469425238E1;8.083190918E-3;1.496887207E-3;-9.816735992E0;9.816739434E0
4.470429337E1;2.080673218E-2;-8.068222046E-2;-9.854008484E0;9.854360747E0
4.471433438E1;1.960922241E-2;-1.781295776E-2;-9.794282684E0;9.794318512E0
4.472437538E1;3.053649902E-2;-3.592529297E-3;-9.761351166E0;9.761399591E0
4.473441738E1;6.271957397E-2;1.691482544E-2;-9.753417664E0;9.753633988E0
4.474445838E1;5.927673340E-2;3.562591553E-2;-9.755064240E0;9.755309388E0
4.475449937E1;1.107696533E-1;3.263214111E-2;-9.765243073E0;9.765925816E0
4.476454137E1;1.432521057E-1;1.526824951E-2;-9.781409454E0;9.782470301E0
4.477458237E1;1.492396545E-1;2.679428101E-2;-9.784852295E0;9.786027020E0
4.478462338E1;1.384620667E-1;1.122665405E-2;-9.803862762E0;9.804846906E0
4.479466538E1;1.393601990E-1;-1.077758789E-2;-9.825268250E0;9.826262443E0
4.480470638E1;8.158035278E-2;-2.395019531E-3;-9.806407471E0;9.806747094E0
4.481474737E1;-2.028282166E-1;-7.933502197E-3;-9.900711365E0;9.902791917E0
4.482478938E1;-5.523513794E-1;8.831634521E-3;-1.002944366E1;1.004464585E1
4.483483037E1;-2.659968567E-1;-3.218307495E-2;-9.858499146E0;9.862139498E0
4.484487138E1;2.095642090E-1;-4.984634399E-2;-9.713301086E0;9.715689364E0
4.485491238E1;3.767665100E-1;-1.751358032E-2;-9.702074432E0;9.709403072E0
4.486495438E1;1.848655701E-1;3.128494263E-2;-9.738149414E0;9.739954211E0
4.487499492E1;-2.215393066E-2;2.918930054E-2;-9.817035370E0;9.817103762E0
4.488503592E1;-1.375639343E-1;2.769241333E-2;-9.884844360E0;9.885840315E0
4.489507792E1;-8.277786255E-2;-2.245330811E-3;-9.846673737E0;9.847021930E0
4.490511892E1;3.427871704E-2;-2.290237427E-2;-9.764344940E0;9.764431968E0
4.491515992E1;1.495390320E-1;-4.355941772E-2;-9.713301086E0;9.714549775E0
4.492520192E1;1.549278259E-1;-9.325607300E-2;-9.739346924E0;9.741025502E0
4.493524292E1;5.164260864E-2;-8.187973022E-2;-9.844578094E0;9.845054043E0
4.494528392E1;1.106199646E-1;-8.487350464E-2;-9.845326538E0;9.846313774E0
4.495532492E1;1.468446350E-1;-8.247848511E-2;-9.863289185E0;9.864727041E0
4.496536692E1;1.025367737E-1;-6.571334839E-2;-9.815538483E0;9.816293992E0
4.497540792E1;-3.023712158E-2;-4.640350342E-2;-9.809700623E0;9.809856975E0
4.498544892E1;-9.175918579E-2;-7.933502197E-3;-9.817035370E0;9.817467400E0
4.499549092E1;-4.535568237E-2;-1.945953369E-3;-9.784403229E0;9.784508545E0
4.500553192E1;5.972579956E-2;1.197509766E-2;-9.751022644E0;9.751212908E0
4.501557292E1;1.462458801E-1;7.708969116E-2;-9.730814667E0;9.732218902E0
4.502561492E1;1.207987976E-1;1.019380188E-1;-9.748477936E0;9.749759267E0
4.503565592E1;5.523513794E-2;5.867797852E-2;-9.789342957E0;9.789674639E0
4.504569692E1;-1.047821045E-3;1.122665405E-2;-9.836345215E0;9.836351677E0
4.505573892E1;-4.146377563E-2;-3.652404785E-2;-9.856852570E0;9.857007448E0
4.506577992E1;-4.790039063E-2;-5.358856201E-2;-9.864636383E0;9.864898233E0
4.507582092E1;-2.499801636E-2;-5.957611084E-2;-9.832602997E0;9.832815258E0
4.508586192E1;1.886077881E-2;-5.119354248E-2;-9.780211945E0;9.780364113E0
4.509590392E1;3.891906738E-2;-2.185455322E-2;-9.775721283E0;9.775823184E0
4.510594492E1;4.834945679E-2;1.721420288E-2;-9.780661011E0;9.780795663E0
4.511598592E1;6.481521606E-2;2.559677124E-2;-9.785750427E0;9.785998551E0
4.512602792E1;7.140151978E-2;-5.538482666E-3;-9.796228638E0;9.796490411E0
4.513606892E1;9.280700684E-3;-1.511856079E-2;-9.841284943E0;9.841300931E0
4.514610992E1;-1.302291870E-2;-1.841171265E-2;-9.873917084E0;9.873942838E0
4.515615192E1;-8.083190918E-3;-1.721420288E-2;-9.848170624E0;9.848188986E0
4.516619292E1;7.185058594E-3;-3.457809448E-2;-9.829309845E0;9.829373291E0
4.517623392E1;7.140151978E-2;-2.978805542E-2;-9.797126770E0;9.797432238E0
4.518627592E1;9.385482788E-2;-2.724334717E-2;-9.795480194E0;9.795967699E0
4.519631692E1;7.424560547E-2;-2.080673218E-2;-9.785900116E0;9.786203881E0
4.520635792E1;2.065704346E-2;-1.047821045E-2;-9.801617432E0;9.801644800E0
4.521639892E1;-1.616638184E-2;-2.080673218E-2;-9.832602997E0;9.832638301E0
4.522644092E1;-9.280700684E-3;-4.730163574E-2;-9.870623932E0;9.870741633E0
4.523648192E1;2.230361938E-2;-4.730163574E-2;-9.872120819E0;9.872259334E0
4.524652292E1;7.289840698E-2;-6.092330933E-2;-9.854457550E0;9.854915496E0
4.525656492E1;8.547225952E-2;-4.879852295E-2;-9.810748444E0;9.811242114E0
4.526660592E1;9.295669556E-2;-2.350112915E-2;-9.825268250E0;9.825736075E0
4.527664692E1;8.217910767E-2;-6.586303711E-3;-9.821226654E0;9.821572673E0
4.528668892E1;5.149291992E-2;8.083190918E-3;-9.815089417E0;9.815227818E0
4.529672992E1;2.604583740E-2;1.511856079E-2;-9.814640350E0;9.814686555E0
4.530677092E1;5.688171387E-3;2.829116821E-2;-9.838141479E0;9.838183802E0
4.531681192E1;3.188369751E-2;1.302291870E-2;-9.821226654E0;9.821287042E0
4.532685392E1;5.313949585E-2;8.232879639E-3;-9.827363892E0;9.827511010E0
4.533689492E1;6.316864014E-2;1.272354126E-2;-9.803862762E0;9.804074522E0
4.534693592E1;4.670288086E-2;2.110610962E-2;-9.817933502E0;9.818067268E0
4.535697792E1;2.814147949E-2;-2.544708252E-3;-9.827363892E0;9.827404514E0
4.536701892E1;1.197509766E-3;-5.837860107E-3;-9.838440857E0;9.838442662E0
4.537705992E1;9.131011963E-3;-1.062789917E-2;-9.805359650E0;9.805369661E0
4.538710192E1;-1.646575928E-3;-8.232879639E-3;-9.841135254E0;9.841138835E0
4.539714292E1;4.101470947E-2;-1.392105103E-2;-9.837542725E0;9.837638073E0
4.540718392E1;6.316864014E-2;-1.511856079E-2;-9.812694397E0;9.812909364E0
4.541722592E1;1.065783691E-1;-4.550537109E-2;-9.827214203E0;9.827897470E0
4.542726692E1;6.286926270E-2;-4.340972900E-2;-9.865983582E0;9.866279389E0
4.543730792E1;-1.032852173E-2;-4.011657715E-2;-9.845925293E0;9.846012436E0
4.544734892E1;-1.332229614E-2;-9.131011963E-3;-9.795480194E0;9.795493509E0
4.545739092E1;-6.885681152E-3;-3.023712158E-2;-9.746082916E0;9.746132254E0
4.546743192E1;-2.395019531E-2;-2.125579834E-2;-9.743238831E0;9.743291453E0
4.547747292E1;-3.906875610E-2;-2.469863892E-2;-9.753267975E0;9.753377496E0
4.548751492E1;-3.053649902E-2;-4.071533203E-2;-9.798623657E0;9.798755829E0
4.549755592E1;-4.490661621E-4;-3.697311401E-2;-9.809101868E0;9.809171558E0
4.550759692E1;2.978805542E-2;-3.832031250E-2;-9.848619690E0;9.848739288E0
4.551763892E1;2.230361938E-2;-3.248245239E-2;-9.865833893E0;9.865912576E0
4.552767992E1;3.832031250E-2;-1.526824951E-2;-9.893376617E0;9.893462612E0
4.553772092E1;4.819976807E-2;2.170486450E-2;-9.837842102E0;9.837984120E0
4.554776292E1;3.442840576E-2;4.969665527E-2;-9.775721283E0;9.775908228E0
4.555780392E1;1.586700439E-2;9.265731812E-2;-9.771529999E0;9.771982176E0
4.556784492E1;-8.382568359E-3;1.023870850E-1;-9.773775330E0;9.774315197E0
4.557788592E1;-2.574645996E-2;6.721023560E-2;-9.760602722E0;9.760868076E0
4.558792792E1;-1.496887207E-2;2.829116821E-2;-9.819879456E0;9.819931618E0
4.559796892E1;9.280700684E-3;-1.706451416E-2;-9.833052063E0;9.833071250E0
4.560800992E1;6.361770630E-2;-4.355941772E-2;-9.870623932E0;9.870925055E0
4.561805192E1;9.131011963E-2;-5.463638306E-2;-9.863139496E0;9.863713468E0
4.562809292E1;8.487350464E-2;-4.819976807E-2;-9.842332764E0;9.842816719E0
4.563813392E1;4.161346436E-2;-5.179229736E-2;-9.814790039E0;9.815014907E0
4.564817592E1;1.437011719E-2;-1.751358032E-2;-9.811945953E0;9.811972106E0
4.565821692E1;-7.484436035E-4;-1.451980591E-2;-9.793983307E0;9.793994098E0
4.566825792E1;-1.107696533E-2;-1.227447510E-2;-9.798473969E0;9.798487918E0
4.567829892E1;3.592529297E-3;-4.041595459E-3;-9.827663269E0;9.827664757E0
4.568834092E1;4.236190796E-2;-5.837860107E-3;-9.817484436E0;9.817577566E0
4.569838192E1;5.104385376E-2;-2.260299683E-2;-9.800868988E0;9.801027971E0
4.570842292E1;7.364685059E-2;-2.499801636E-2;-9.833650818E0;9.833958367E0
4.571846492E1;7.244934082E-2;-3.697311401E-2;-9.842931519E0;9.843267587E0
4.572850592E1;5.748046875E-2;-3.981719971E-2;-9.842781830E0;9.843030202E0
4.573854692E1;3.891906738E-2;-1.916015625E-2;-9.843081207E0;9.843176797E0
4.574858892E1;1.466949463E-2;-2.634521484E-2;-9.840686188E0;9.840732387E0
4.575862992E1;-1.317260742E-2;-1.990859985E-2;-9.791139221E0;9.791168322E0
4.576867092E1;1.422042847E-2;-5.538482666E-3;-9.828411713E0;9.828423561E0
4.577871292E1;3.158432007E-2;-1.062789917E-2;-9.799671478E0;9.799728139E0
4.578875392E1;3.487747192E-2;9.430389404E-3;-9.769733734E0;9.769800541E0
4.579879492E1;5.508544922E-2;1.287322998E-2;-9.812095642E0;9.812258711E0
4.580883592E1;5.987548828E-2;6.735992432E-3;-9.812993774E0;9.813178754E0
4.581887792E1;5.478607178E-2;1.945953369E-2;-9.767787781E0;9.767960806E0
4.582891892E1;4.370910645E-2;6.735992432E-3;-9.786498871E0;9.786598797E0
4.583895992E1;5.343887329E-2;-1.856140137E-2;-9.810598755E0;9.810761855E0
4.584900192E1;3.772155762E-2;-2.290237427E-2;-9.791887665E0;9.791987106E0
4.585904292E1;1.796264648E-2;-2.619552612E-2;-9.801018677E0;9.801070144E0
4.586908412E1;1.047821045E-2;-3.382965088E-2;-9.777367859E0;9.777431999E0
4.587912613E1;-6.586303711E-3;-4.340972900E-2;-9.804760895E0;9.804859203E0
4.588916712E1;-8.532257080E-3;-3.323089600E-2;-9.809700623E0;9.809760619E0
4.589920813E1;1.077758789E-2;-5.164260864E-2;-9.794881439E0;9.795023508E0
4.590924913E1;2.799179077E-2;-5.059478760E-2;-9.804611206E0;9.804781705E0
4.591929113E1;2.409988403E-2;-5.179229736E-2;-9.821975098E0;9.822141216E0
4.592933213E1;3.083587646E-2;-5.179229736E-2;-9.793534241E0;9.793719733E0
4.593937312E1;3.592529297E-2;-6.062393188E-2;-9.774972839E0;9.775226846E0
4.594941512E1;4.326004028E-2;-5.792953491E-2;-9.763446808E0;9.763714500E0
4.595945612E1;7.050338745E-2;-4.415817261E-2;-9.795480194E0;9.795833446E0
4.596949713E1;8.098159790E-2;-4.355941772E-2;-9.801916809E0;9.802348115E0
4.597953913E1;9.205856323E-2;-4.146377563E-2;-9.812993774E0;9.813513175E0
4.598958013E1;8.322692871E-2;-4.296066284E-2;-9.796078949E0;9.796526686E0
4.599962112E1;6.167175293E-2;-3.652404785E-2;-9.802365875E0;9.802627921E0
4.600966213E1;6.331832886E-2;-2.080673218E-2;-9.786798248E0;9.787025191E0
4.601970412E1;6.721023560E-2;-1.781295776E-2;-9.805509338E0;9.805755856E0
4.602974513E1;6.855743408E-2;-2.679428101E-2;-9.774823151E0;9.775100290E0
4.603978613E1;5.478607178E-2;1.407073975E-2;-9.786049805E0;9.786213276E0
4.604982813E1;3.008743286E-2;2.335144043E-2;-9.822873230E0;9.822947065E0
4.605986913E1;1.856140137E-2;1.691482544E-2;-9.839638367E0;9.839670412E0
4.606991012E1;-1.032852173E-2;2.754272461E-2;-9.798623657E0;9.798667810E0
4.607995212E1;-4.041595459E-2;7.140151978E-2;-9.811047821E0;9.811390879E0
4.608999312E1;-2.454895020E-2;3.667373657E-2;-9.836943970E0;9.837042964E0
4.610003413E1;-1.032852173E-2;2.754272461E-2;-9.806407471E0;9.806451589E0
4.611007513E1;2.739303589E-2;-1.197509766E-3;-9.759854279E0;9.759892794E0
4.612011713E1;7.484436035E-2;-4.490661621E-3;-9.763297119E0;9.763585022E0
4.613015812E1;7.005432129E-2;-5.089416504E-3;-9.789792023E0;9.790043992E0
4.614019912E1;5.179229736E-2;-1.392105103E-2;-9.811646576E0;9.811793147E0
4.615024112E1;1.945953369E-2;-2.844085693E-3;-9.803862762E0;9.803882487E0
4.616028213E1;-1.107696533E-2;-4.490661621E-4;-9.806108093E0;9.806114360E0
4.617032313E1;-1.257385254E-2;6.286926270E-3;-9.816137238E0;9.816147304E0
4.618036513E1;3.293151855E-3;8.681945801E-3;-9.786498871E0;9.786503276E0
4.619040613E1;4.281097412E-2;1.167572021E-2;-9.748178558E0;9.748279556E0
4.620044712E1;6.691085815E-2;-4.086502075E-2;-9.767039337E0;9.767354014E0
4.621048813E1;7.214996338E-2;-1.137634277E-2;-9.804611206E0;9.804883270E0
4.622053012E1;3.727249146E-2;-8.382568359E-3;-9.823172607E0;9.823246896E0
4.623057113E1;-7.484436035E-4;-1.751358032E-2;-9.833052063E0;9.833067688E0
4.624061213E1;1.377136230E-2;3.592529297E-3;-9.844877472E0;9.844887759E0
4.625065413E1;2.769241333E-2;-2.095642090E-3;-9.849966888E0;9.850006039E0
4.626069512E1;6.242019653E-2;-2.185455322E-2;-9.827214203E0;9.827436741E0
4.627073612E1;5.508544922E-2;-1.766326904E-2;-9.827812958E0;9.827983208E0
4.628077812E1;3.682342529E-2;-2.963836670E-2;-9.804012451E0;9.804126404E0
4.629081913E1;2.215393066E-2;-1.676513672E-2;-9.826465759E0;9.826505034E0
4.630086013E1;4.790039062E-3;1.002914429E-2;-9.834249573E0;9.834255853E0
4.631090112E1;8.681945801E-3;-3.742218018E-3;-9.832752686E0;9.832757231E0
4.632094313E1;1.826202393E-2;-8.981323242E-4;-9.821526031E0;9.821543051E0
4.633098412E1;2.200424194E-2;-1.287322998E-2;-9.839937744E0;9.839970768E0
4.634102513E1;4.790039063E-2;-1.287322998E-2;-9.841135254E0;9.841260247E0
4.635106712E1;5.074447632E-2;-1.032852173E-2;-9.855655060E0;9.855791107E0
4.636110813E1;4.071533203E-2;-2.305206299E-2;-9.812395020E0;9.812506568E0
4.637114913E1;1.062789917E-2;-3.442840576E-3;-9.843679962E0;9.843686302E0
4.638119113E1;2.065704346E-2;-1.451980591E-2;-9.843979340E0;9.844011722E0
4.639123212E1;1.466949463E-2;-1.122665405E-2;-9.837991791E0;9.838009133E0
4.640127312E1;2.050735474E-2;-1.586700439E-2;-9.809700623E0;9.809734890E0
4.641131512E1;4.116439819E-2;-9.580078125E-3;-9.828411713E0;9.828502586E0
4.642135612E1;4.685256958E-2;-2.589614868E-2;-9.819280701E0;9.819426625E0
4.643139713E1;4.101470947E-2;-2.439926147E-2;-9.834848328E0;9.834964116E0
4.644143812E1;5.134323120E-2;-4.251159668E-2;-9.803264008E0;9.803490632E0
4.645148013E1;2.245330811E-2;-3.637435913E-2;-9.832153931E0;9.832246852E0
4.646152112E1;8.532257080E-3;-3.936813354E-2;-9.837842102E0;9.837924571E0
4.647156213E1;1.287322998E-2;-2.529739380E-2;-9.833052063E0;9.833093031E0
4.648160412E1;3.397933960E-2;-4.879852295E-2;-9.791288910E0;9.791469471E0
4.649164513E1;4.370910645E-2;-3.427871704E-2;-9.815688171E0;9.815845343E0
4.650168613E1;5.882766724E-2;-2.469863892E-2;-9.834848328E0;9.835055279E0
4.651172712E1;5.792953491E-2;-4.415817261E-2;-9.823921051E0;9.824191091E0
4.652176913E1;4.805007935E-2;-2.454895020E-2;-9.780661011E0;9.780809847E0
4.653181012E1;3.637435913E-2;-1.706451416E-2;-9.817634125E0;9.817716338E0
4.654185113E1;2.739303589E-2;-1.317260742E-2;-9.828262024E0;9.828309026E0
4.655189312E1;1.945953369E-2;-9.580078125E-3;-9.823921051E0;9.823944995E0
4.656193413E1;1.736389160E-2;-1.721420288E-2;-9.803413696E0;9.803444187E0
4.657197512E1;2.395019531E-2;-1.901046753E-2;-9.812245331E0;9.812292976E0
4.658201713E1;3.457809448E-2;-2.230361938E-2;-9.822424164E0;9.822510349E0
4.659205812E1;3.757186890E-2;-2.350112915E-2;-9.830507355E0;9.830607245E0
4.660209912E1;2.903961182E-2;-1.032852173E-2;-9.788594513E0;9.788643038E0
4.661214013E1;7.783813477E-3;-1.691482544E-2;-9.807006226E0;9.807023902E0
4.662218213E1;3.592529297E-3;6.137237549E-3;-9.815987549E0;9.815990125E0
4.663222313E1;1.302291870E-2;3.742218018E-3;-9.812993774E0;9.813003129E0
4.664226412E1;2.424957275E-2;-6.885681152E-3;-9.815837860E0;9.815870229E0
4.665230613E1;4.281097412E-2;7.783813477E-3;-9.800270233E0;9.800366830E0
4.666234712E1;5.358856201E-2;1.886077881E-2;-9.816885681E0;9.817050063E0
4.667238813E1;5.239105225E-2;1.062789917E-2;-9.812993774E0;9.813139385E0
4.668243012E1;4.281097412E-2;-7.933502197E-3;-9.780062256E0;9.780159173E0
4.669247113E1;2.320175171E-2;-1.137634277E-2;-9.748028870E0;9.748063120E0
4.670251213E1;7.484436035E-4;-1.317260742E-2;-9.783654785E0;9.783663682E0
4.671255312E1;2.454895020E-2;-2.859054565E-2;-9.782008209E0;9.782080795E0
4.672259512E1;8.981323242E-3;-1.586700439E-2;-9.785151672E0;9.785168659E0
4.673263612E1;2.694396973E-2;-2.963836670E-2;-9.776918793E0;9.777000843E0
4.674267713E1;3.727249146E-2;-3.143463135E-2;-9.807155914E0;9.807277120E0
4.675271913E1;5.284011841E-2;-2.020797729E-2;-9.797875214E0;9.798038535E0
4.676276013E1;1.362167358E-2;-1.466949463E-2;-9.774823151E0;9.774843649E0
4.677280112E1;-1.197509766E-3;-2.664459229E-2;-9.752369843E0;9.752406314E0
4.678284313E1;-7.484436035E-4;-4.640350342E-3;-9.794731750E0;9.794732878E0
4.679288412E1;9.430389404E-3;-1.960922241E-2;-9.805509338E0;9.805533481E0
4.680292513E1;3.248245239E-2;-3.742218018E-2;-9.811496887E0;9.811622022E0
4.681296613E1;5.673202515E-2;-2.963836670E-2;-9.777966614E0;9.778176111E0
4.682300813E1;5.673202515E-2;-1.571731567E-2;-9.817933502E0;9.818109992E0
4.683304913E1;3.981719971E-2;-7.185058594E-3;-9.816137238E0;9.816220622E0
4.684309012E1;3.128494263E-2;-2.769241333E-2;-9.801916809E0;9.802005853E0
4.685313212E1;2.380050659E-2;-3.158432007E-2;-9.780960388E0;9.781040341E0
4.686317312E1;1.152603149E-2;-2.679428101E-2;-9.823172607E0;9.823215912E0
4.687321429E1;1.945953369E-3;-1.945953369E-2;-9.827064514E0;9.827083974E0
4.688325629E1;1.466949463E-2;-1.347198486E-3;-9.841883698E0;9.841894722E0
4.689329729E1;3.742218018E-2;4.490661621E-4;-9.796528015E0;9.796599500E0
4.690333829E1;1.930984497E-2;3.218307495E-2;-9.805359650E0;9.805431479E0
4.691337929E1;3.891906738E-3;1.960922241E-2;-9.821376343E0;9.821396690E0
4.692342129E1;5.688171387E-3;2.874023438E-2;-9.832004242E0;9.832047893E0
4.693346229E1;9.580078125E-3;8.232879639E-3;-9.796528015E0;9.796536159E0
4.694350329E1;3.592529297E-2;1.347198486E-2;-9.815987549E0;9.816062534E0
4.695354529E1;4.849914551E-2;-1.496887207E-4;-9.825567627E0;9.825687324E0
4.696358629E1;6.945556641E-2;-1.691482544E-2;-9.836943970E0;9.837203711E0
4.697362729E1;7.349716187E-2;-1.841171265E-2;-9.813742218E0;9.814034703E0
4.698366929E1;6.077362061E-2;-2.514770508E-2;-9.831255798E0;9.831475800E0
4.699371029E1;3.861968994E-2;-2.963836670E-2;-9.834548950E0;9.834669439E0
4.700375129E1;2.320175171E-2;-5.194198608E-2;-9.839039612E0;9.839204072E0
4.701379229E1;2.380050659E-2;-5.763015747E-2;-9.816586304E0;9.816784319E0
4.702383429E1;-1.032852173E-2;-5.478607178E-2;-9.808802490E0;9.808960928E0
4.703387529E1;-8.981323242E-4;-7.005432129E-2;-9.815688171E0;9.815938197E0
4.704391629E1;2.439926147E-2;-5.523513794E-2;-9.827663269E0;9.827848777E0
4.705395829E1;1.571731567E-2;-4.370910645E-2;-9.782157898E0;9.782268176E0
4.706399929E1;2.020797729E-2;-3.981719971E-2;-9.769883423E0;9.769985459E0
4.707404029E1;1.990859985E-2;-7.933502197E-3;-9.794432373E0;9.794455820E0
4.708408229E1;2.844085693E-2;-5.388793945E-3;-9.820029144E0;9.820071808E0
4.709412329E1;2.948867798E-2;-1.242416382E-2;-9.823022919E0;9.823075038E0
4.710416429E1;2.559677124E-2;-6.735992432E-3;-9.813293152E0;9.813328847E0
4.711420529E1;1.781295776E-2;-1.242416382E-2;-9.846374359E0;9.846398310E0
4.712424729E1;2.469863892E-2;-2.933898926E-2;-9.840686188E0;9.840760918E0
4.713428829E1;-6.137237549E-3;-1.781295776E-2;-9.810598755E0;9.810616846E0
4.714432929E1;4.340972900E-3;-1.901046753E-2;-9.813592529E0;9.813611903E0
4.715437129E1;6.286926270E-3;-1.496887207E-4;-9.849368134E0;9.849370141E0
4.716441229E1;6.735992432E-3;-7.185058594E-3;-9.830357666E0;9.830362600E0
4.717445329E1;3.607498169E-2;-1.646575928E-2;-9.845027161E0;9.845107024E0
4.718449529E1;4.236190796E-2;-1.437011719E-2;-9.837243347E0;9.837345054E0
4.719453629E1;1.766326904E-2;-3.293151855E-3;-9.852960663E0;9.852977046E0
4.720457729E1;3.128494263E-2;1.392105103E-2;-9.845326538E0;9.845386086E0
4.721461829E1;2.409988403E-2;1.167572021E-2;-9.831555176E0;9.831591646E0
4.722466029E1;3.188369751E-2;1.362167358E-2;-9.800270233E0;9.800331564E0
4.723470129E1;2.589614868E-2;1.721420288E-2;-9.816286926E0;9.816336178E0
4.724474229E1;2.769241333E-2;1.347198486E-2;-9.828411713E0;9.828459959E0
4.725478429E1;3.772155762E-2;-2.694396973E-3;-9.818232880E0;9.818305712E0
4.726482529E1;4.999603271E-2;-2.694396973E-3;-9.794731750E0;9.794859720E0
4.727486629E1;4.685256958E-2;1.945953369E-3;-9.824070740E0;9.824182656E0
4.728490729E1;3.697311401E-2;5.089416504E-3;-9.826016693E0;9.826087572E0
4.729494929E1;-8.981323242E-4;1.676513672E-2;-9.844278717E0;9.844293034E0
4.730499029E1;-4.191284180E-3;3.143463135E-2;-9.817783813E0;9.817835032E0
4.731503129E1;-1.422042847E-2;3.218307495E-2;-9.822723541E0;9.822786557E0
4.732507329E1;-8.083190918E-3;6.212081909E-2;-9.831704865E0;9.831904438E0
4.733511429E1;9.580078125E-3;1.796264648E-2;-9.848470001E0;9.848491042E0
4.734515529E1;5.493576050E-2;-6.286926270E-3;-9.765692139E0;9.765848678E0
4.735519729E1;9.190887451E-2;-3.113525391E-2;-9.764494629E0;9.764976805E0
4.736523829E1;1.353186035E-1;-4.819976807E-2;-9.752369843E0;9.753427699E0
4.737527929E1;1.445993042E-1;-6.361770630E-2;-9.757459259E0;9.758738001E0
4.738532029E1;1.734892273E-1;-7.903564453E-2;-9.737700348E0;9.739566377E0
4.739536229E1;1.633103943E-1;-7.289840698E-2;-9.768835602E0;9.770472531E0
4.740540329E1;1.380130005E-1;-4.715194702E-2;-9.765392761E0;9.766481796E0
4.741544429E1;7.694000244E-2;-4.206253052E-2;-9.802066498E0;9.802458704E0
4.742548629E1;-2.948867798E-2;-1.377136230E-2;-9.832453308E0;9.832507172E0
4.743552729E1;-1.416055298E-1;1.451980591E-2;-9.861492920E0;9.862520244E0
4.744556829E1;-1.618135071E-1;1.721420288E-2;-9.861792297E0;9.863134758E0
4.745561029E1;-1.887574768E-1;1.122665405E-2;-9.894723816E0;9.896530443E0
4.746565129E1;-1.707948303E-1;-2.095642090E-2;-9.831555176E0;9.833060928E0
4.747569229E1;-3.577560425E-2;-2.694396973E-2;-9.784552917E0;9.784655419E0
4.748573329E1;7.798782349E-2;-1.721420288E-2;-9.791438599E0;9.791764308E0
4.749577529E1;1.660047913E-1;-8.681945801E-3;-9.797276459E0;9.798686594E0
4.750581629E1;2.104623413E-1;-2.290237427E-2;-9.755064240E0;9.757361182E0
4.751585729E1;2.056723022E-1;3.442840576E-3;-9.772577820E0;9.774742462E0
4.752589929E1;9.550140381E-2;-7.783813477E-3;-9.805808716E0;9.806276851E0
4.753594029E1;1.152603149E-2;4.340972900E-3;-9.826316071E0;9.826323789E0
4.754598129E1;-5.733078003E-2;1.227447510E-2;-9.812245331E0;9.812420492E0
4.755602229E1;-9.639953613E-2;2.365081787E-2;-9.804162140E0;9.804664579E0
4.756606429E1;-4.415817261E-2;1.616638184E-2;-9.784702606E0;9.784815603E0
4.757610529E1;1.451980591E-2;-3.143463135E-3;-9.795480194E0;9.795491460E0
4.758614629E1;8.577163696E-2;-4.775070190E-2;-9.773475952E0;9.773968953E0
4.759618829E1;1.363664246E-1;-1.230441284E-1;-9.770033112E0;9.771759445E0
4.760622929E1;1.199006653E-1;-1.303788757E-1;-9.829908600E0;9.831504356E0
4.761627029E1;4.999603271E-2;-1.023870850E-1;-9.833052063E0;9.833712198E0
4.762631229E1;-2.080673218E-2;-2.559677124E-2;-9.845925293E0;9.845980550E0
4.763635329E1;-5.269042969E-2;6.436614990E-2;-9.827663269E0;9.828015294E0
4.764639429E1;-7.020401001E-2;8.487350464E-2;-9.846524048E0;9.847140089E0
4.765643529E1;-2.335144043E-2;4.400848389E-2;-9.789941711E0;9.790068475E0
4.766647729E1;2.859054565E-2;4.715194702E-2;-9.779164124E0;9.779319592E0
4.767651829E1;5.972579956E-2;2.619552612E-2;-9.741143188E0;9.741361506E0
4.768655929E1;3.113525391E-2;1.362167358E-2;-9.805060272E0;9.805119168E0
4.769660129E1;-1.496887207E-3;-3.592529297E-3;-9.854008484E0;9.854009252E0
4.770664229E1;3.742218018E-3;-3.038681030E-2;-9.885293427E0;9.885340838E0
4.771668329E1;3.068618774E-2;-4.370910645E-2;-9.823921051E0;9.824066212E0
4.772672529E1;8.217910767E-2;-3.592529297E-2;-9.836045837E0;9.836454735E0
4.773676629E1;1.112187195E-1;-3.876937866E-2;-9.817185059E0;9.817891583E0
4.774680729E1;9.116043091E-2;-2.754272461E-2;-9.781858521E0;9.782322063E0
4.775684829E1;1.047821045E-2;1.212478638E-2;-9.749974823E0;9.749987992E0
4.776689029E1;-1.811233521E-2;2.125579834E-2;-9.786648560E0;9.786688403E0
4.777693129E1;1.047821045E-3;2.454895020E-2;-9.772877197E0;9.772908086E0
4.778697229E1;9.325607300E-2;2.769241333E-2;-9.766739960E0;9.767224427E0
4.779701429E1;1.498384094E-1;2.290237427E-2;-9.768835602E0;9.770011519E0
4.780705529E1;7.933502197E-2;2.125579834E-2;-9.791887665E0;9.792232120E0
4.781709629E1;-2.634521484E-2;1.047821045E-2;-9.882299652E0;9.882340324E0
4.782713729E1;-1.249900818E-1;-1.152603149E-2;-9.933343506E0;9.934136529E0
4.783717929E1;-1.586700439E-1;-5.089416504E-3;-9.853409729E0;9.854688497E0
4.784722029E1;-1.019380188E-1;-1.901046753E-2;-9.835746460E0;9.836293061E0
4.785726129E1;-5.388793945E-3;-3.861968994E-2;-9.773625641E0;9.773703427E0
4.786730329E1;8.517288208E-2;-4.520599365E-2;-9.779313812E0;9.779789192E0
4.787734400E1;1.995350647E-1;-7.439529419E-2;-9.744436340E0;9.746762975E0
4.788738500E1;2.278262329E-1;-9.295669556E-2;-9.790091400E0;9.793183107E0
4.789742700E1;1.586700439E-1;-7.619155884E-2;-9.856403503E0;9.857975013E0
4.790746800E1;4.535568237E-2;-6.047424316E-2;-9.922565918E0;9.922853857E0
4.791750900E1;1.945953369E-3;-5.613327026E-2;-9.873168640E0;9.873328402E0
4.792755000E1;4.610412598E-2;-1.005908203E-1;-9.826016693E0;9.826639718E0
4.793759200E1;8.158035278E-2;-1.124162292E-1;-9.738448792E0;9.739439287E0
4.794763300E1;6.661148071E-2;-1.282832336E-1;-9.719288635E0;9.720363432E0
4.795767400E1;5.284011841E-2;-1.234931946E-1;-9.745334473E0;9.746260136E0
4.796771600E1;-1.032852173E-2;-9.804611206E-2;-9.805808716E0;9.806304314E0
4.797775700E1;-4.056564331E-2;-7.484436035E-2;-9.900112610E0;9.900478622E0
4.798779800E1;-1.466949463E-2;-7.753875732E-2;-9.946366425E0;9.946679471E0
4.799783900E1;1.556762695E-2;-4.251159668E-2;-9.870324554E0;9.870428380E0
4.800788100E1;7.679031372E-2;-2.230361938E-2;-9.825268250E0;9.825593640E0
4.801792200E1;1.089733887E-1;3.442840576E-3;-9.793234863E0;9.793841746E0
4.802796300E1;9.849517822E-2;3.338058472E-2;-9.758357391E0;9.758911545E0
4.803800500E1;1.496887207E-4;4.251159668E-2;-9.785900116E0;9.785992455E0
4.804804600E1;1.362167358E-2;9.924362183E-2;-9.771230621E0;9.771744097E0
4.805808700E1;-5.568420410E-2;1.996847534E-1;-9.742340698E0;9.744546014E0
4.806812900E1;-4.700225830E-2;2.149530029E-1;-9.770332489E0;9.772809778E0
4.807817000E1;-2.230361938E-2;1.263372803E-1;-9.824669495E0;9.825507073E0
4.808821100E1;-2.499801636E-2;3.802093506E-2;-9.821975098E0;9.822080498E0
4.809825200E1;2.035766602E-2;-4.834945679E-2;-9.888586578E0;9.888725733E0
4.810829400E1;6.361770630E-2;-4.610412598E-2;-9.879605255E0;9.879917651E0
4.811833500E1;8.352630615E-2;-6.721023560E-2;-9.836494904E0;9.837079132E0
4.812837600E1;8.816665649E-2;-7.798782349E-2;-9.835147705E0;9.835852065E0
4.813841800E1;4.445755005E-2;-7.140151978E-2;-9.856403503E0;9.856762383E0
4.814845900E1;1.496887207E-3;-4.041595459E-2;-9.832602997E0;9.832686173E0
4.815850000E1;-4.340972900E-3;-7.484436035E-4;-9.855205994E0;9.855206978E0
4.816854100E1;-5.538482666E-3;7.050338745E-2;-9.807604980E0;9.807859953E0
4.817858300E1;-5.089416504E-3;8.696914673E-2;-9.827214203E0;9.827600344E0
4.818862400E1;-9.729766846E-3;9.205856323E-2;-9.816735992E0;9.817172454E0
4.819866500E1;-9.729766846E-3;7.095245361E-2;-9.825118561E0;9.825379568E0
4.820870700E1;-2.544708252E-3;2.454895020E-2;-9.782756653E0;9.782787785E0
4.821874800E1;-3.592529297E-3;4.340972900E-3;-9.815688171E0;9.815689789E0
4.822878900E1;1.616638184E-2;-3.098556519E-2;-9.833650818E0;9.833712924E0
4.823883100E1;4.939727783E-2;-4.715194702E-2;-9.808353424E0;9.808591147E0
4.824887200E1;5.134323120E-2;-4.086502075E-2;-9.764794006E0;9.765014494E0
4.825891300E1;4.894821167E-2;-3.772155762E-2;-9.817035370E0;9.817229869E0
4.826895400E1;6.316864014E-2;-8.232879639E-3;-9.792636108E0;9.792843306E0
4.827899600E1;8.098159790E-2;-2.424957275E-2;-9.763297119E0;9.763663078E0
4.828903700E1;1.669029236E-1;-4.760101318E-2;-9.723928986E0;9.725477745E0
4.829907800E1;1.642085266E-1;-5.074447632E-2;-9.733808441E0;9.735325686E0
4.830912000E1;1.417552185E-1;-5.972579956E-2;-9.768236847E0;9.769447928E0
4.831916100E1;1.044827271E-1;-7.888595581E-2;-9.815688171E0;9.816561206E0
4.832920200E1;6.197113037E-2;-6.855743408E-2;-9.786049805E0;9.786486158E0
4.833924300E1;2.095642090E-3;-9.924362183E-2;-9.855505371E0;9.856005266E0
4.834928500E1;-1.017883301E-2;-8.397537231E-2;-9.879156189E0;9.879518332E0
4.835932600E1;-1.242416382E-2;-9.235794067E-2;-9.845027161E0;9.845468203E0
4.836936700E1;-1.377136230E-2;-8.696914673E-2;-9.815837860E0;9.816232790E0
4.837940900E1;5.987548828E-3;-4.730163574E-2;-9.799821167E0;9.799937153E0
4.838945000E1;-4.041595459E-3;3.577560425E-2;-9.771679688E0;9.771746013E0
4.839949100E1;-3.143463135E-3;1.484912109E-1;-9.799970856E0;9.801096280E0
4.840953200E1;1.152603149E-2;1.698966980E-1;-9.755662994E0;9.757149081E0
4.841957400E1;2.604583740E-2;1.442999268E-1;-9.767937469E0;9.769037991E0
4.842961500E1;2.050735474E-2;7.095245361E-2;-9.812095642E0;9.812373601E0
4.843965600E1;3.128494263E-2;-2.604583740E-2;-9.854457550E0;9.854541630E0
4.844969800E1;2.140548706E-2;-8.427474976E-2;-9.849966888E0;9.850350660E0
4.845973900E1;4.505630493E-2;-1.118174744E-1;-9.819879456E0;9.820619417E0
4.846978000E1;3.143463135E-2;-1.001417542E-1;-9.823322296E0;9.823883012E0
4.847982200E1;5.433700562E-2;-1.070274353E-1;-9.800569611E0;9.801304611E0
4.848986300E1;3.517684937E-2;-8.083190918E-2;-9.799970856E0;9.800367339E0
4.849990400E1;-6.167175293E-2;-1.826202393E-2;-9.776469727E0;9.776681299E0
4.850994500E1;-4.805007935E-2;2.799179077E-2;-9.765692139E0;9.765850465E0
4.851998700E1;9.370513916E-2;6.586303711E-3;-9.754315796E0;9.754768100E0
4.853002800E1;1.639091492E-1;-1.272354126E-2;-9.752519531E0;9.753905131E0
4.854006900E1;5.179229736E-2;-3.218307495E-2;-9.794582062E0;9.794771869E0
4.855011100E1;-4.550537109E-2;-3.038681030E-2;-9.874066772E0;9.874218385E0
4.856015200E1;-6.885681152E-3;-2.140548706E-2;-9.870623932E0;9.870649544E0
4.857019300E1;6.286926270E-2;-9.280700684E-3;-9.791588287E0;9.791794517E0
4.858023400E1;8.891510010E-2;-4.041595459E-3;-9.758357391E0;9.758763303E0
4.859027600E1;1.197509766E-2;3.173400879E-2;-9.790390778E0;9.790449531E0
4.860031700E1;-3.891906738E-3;3.772155762E-2;-9.808952179E0;9.809025482E0
4.861035800E1;-8.382568359E-3;1.960922241E-2;-9.822573853E0;9.822597003E0
4.862040000E1;2.050735474E-2;-5.837860107E-3;-9.804012451E0;9.804035637E0
4.863044100E1;4.685256958E-2;-1.841171265E-2;-9.816735992E0;9.816865065E0
4.864048200E1;5.179229736E-2;-3.682342529E-2;-9.821526031E0;9.821731619E0
4.865052400E1;3.682342529E-2;-4.445755005E-2;-9.845625916E0;9.845795149E0
4.866056500E1;4.146377563E-2;-3.367996216E-2;-9.800569611E0;9.800715192E0
4.867060600E1;1.197509766E-2;-2.529739380E-2;-9.814191284E0;9.814231194E0
4.868064700E1;3.293151855E-2;-4.056564331E-2;-9.832902374E0;9.833041196E0
4.869068900E1;3.876937866E-2;-4.610412598E-2;-9.845476227E0;9.845660505E0
4.870073000E1;3.113525391E-2;-3.382965088E-2;-9.812993774E0;9.813101480E0
4.871077100E1;3.817062378E-2;-3.008743286E-2;-9.844877472E0;9.844997445E0
4.872081300E1;4.565505981E-2;-7.484436035E-3;-9.846524048E0;9.846632735E0
4.873085400E1;2.903961182E-2;-1.347198486E-3;-9.827214203E0;9.827257201E0
4.874089500E1;5.134323120E-2;1.317260742E-2;-9.802814941E0;9.802958248E0
4.875093600E1;1.945953369E-2;1.796264648E-3;-9.828112335E0;9.828131764E0
4.876097800E1;-7.484436035E-3;8.981323242E-4;-9.823921051E0;9.823923943E0
4.877101900E1;2.694396973E-3;-2.380050659E-2;-9.836943970E0;9.836973131E0
4.878106000E1;2.095642090E-2;-3.023712158E-2;-9.785151672E0;9.785220831E0
4.879110200E1;1.601669312E-2;-3.921844482E-2;-9.806856537E0;9.806948035E0
4.880114300E1;2.335144043E-2;-1.526824951E-2;-9.818532257E0;9.818571897E0
4.881118400E1;2.888992310E-2;-2.679428101E-2;-9.820178833E0;9.820257882E0
4.882122600E1;2.290237427E-2;-2.754272461E-2;-9.806706848E0;9.806772268E0
4.883126700E1;5.403762817E-2;-3.592529297E-2;-9.796977081E0;9.797191976E0
4.884130800E1;4.011657715E-2;-1.676513672E-2;-9.817933502E0;9.818029775E0
4.885134900E1;3.427871704E-2;-6.885681152E-3;-9.820178833E0;9.820241074E0
4.886139100E1;-8.981323242E-4;7.484436035E-4;-9.811047821E0;9.811047891E0
4.887143200E1;-4.191284180E-3;-7.783813477E-3;-9.828711090E0;9.828715066E0
4.888147275E1;-5.987548828E-4;1.347198486E-2;-9.812544708E0;9.812553975E0
4.889151475E1;1.796264648E-2;-1.661544800E-2;-9.826765137E0;9.826795601E0
4.890155575E1;2.424957275E-2;-1.706451416E-2;-9.816735992E0;9.816780775E0
4.891159675E1;4.430786133E-2;-2.215393066E-2;-9.821376343E0;9.821501273E0
4.892163775E1;2.948867798E-2;-1.721420288E-2;-9.841584320E0;9.841643554E0
4.893167975E1;2.499801636E-2;-2.604583740E-2;-9.836494904E0;9.836561151E0
4.894172075E1;1.002914429E-2;-3.592529297E-2;-9.812694397E0;9.812765285E0
4.895176175E1;1.182540894E-2;-3.697311401E-2;-9.805060272E0;9.805137112E0
4.896180375E1;5.538482666E-3;-2.933898926E-2;-9.822274475E0;9.822319854E0
4.897184475E1;-4.490661621E-4;-2.469863892E-2;-9.831704865E0;9.831735898E0
4.898188575E1;6.137237549E-3;-0.000000000E0;-9.816586304E0;9.816588222E0
4.899192675E1;1.601669312E-2;-1.062789917E-2;-9.800120544E0;9.800139396E0
4.900196875E1;-2.993774414E-3;1.002914429E-2;-9.812245331E0;9.812250913E0
4.901200975E1;2.140548706E-2;-5.239105225E-3;-9.829459534E0;9.829484237E0
4.902205075E1;3.158432007E-2;-1.676513672E-2;-9.818532257E0;9.818597370E0
4.903209275E1;-1.197509766E-3;-9.280700684E-3;-9.784403229E0;9.784407704E0
4.904213375E1;8.382568359E-3;-5.538482666E-3;-9.796228638E0;9.796233790E0
4.905217475E1;1.347198486E-2;2.095642090E-3;-9.785750427E0;9.785759925E0
4.906221575E1;2.335144043E-2;1.317260742E-2;-9.784403229E0;9.784439961E0
4.907225775E1;4.715194702E-2;-1.017883301E-2;-9.735155640E0;9.735275150E0
4.908229875E1;4.849914551E-2;-8.083190918E-3;-9.768985291E0;9.769109023E0
4.909233975E1;3.996688843E-2;2.993774414E-3;-9.807006226E0;9.807088122E0
4.910238175E1;3.592529297E-2;4.041595459E-3;-9.801467743E0;9.801534414E0
4.911242275E1;4.086502075E-2;-1.945953369E-2;-9.769134979E0;9.769239831E0
4.912246375E1;4.056564331E-2;-4.206253052E-2;-9.783505096E0;9.783679615E0
4.913250575E1;4.430786133E-2;-3.278182983E-2;-9.774972839E0;9.775128227E0
4.914254675E1;2.679428101E-2;-3.802093506E-2;-9.804760895E0;9.804871224E0
4.915258775E1;5.358856201E-2;-3.682342529E-2;-9.788893890E0;9.789109832E0
4.916262875E1;4.251159668E-2;-2.754272461E-2;-9.817185059E0;9.817315739E0
4.917267075E1;7.708969116E-2;-1.736389160E-2;-9.885443115E0;9.885758945E0
4.918271175E1;1.005908203E-1;-5.987548828E-4;-9.923763428E0;9.924273245E0
4.919275275E1;9.595046997E-2;3.442840576E-3;-9.899663544E0;9.900129122E0
4.920279475E1;1.119671631E-1;2.350112915E-2;-9.907597046E0;9.908257575E0
4.921283575E1;9.744735718E-2;2.784210205E-2;-9.871821442E0;9.872341655E0
4.922287675E1;9.116043091E-2;3.936813354E-2;-9.841135254E0;9.841636203E0
4.923291775E1;5.688171387E-2;2.709365845E-2;-9.798623657E0;9.798826214E0
4.924295975E1;2.694396973E-2;3.293151855E-3;-9.791588287E0;9.791625913E0
4.925300075E1;-4.490661621E-4;-4.221221924E-2;-9.815987549E0;9.816078322E0
4.926304175E1;-2.574645996E-2;-4.625381470E-2;-9.849218445E0;9.849360704E0
4.927308375E1;-4.101470947E-2;-5.284011841E-2;-9.859097900E0;9.859324809E0
4.928312475E1;-1.631607056E-2;-4.685256958E-2;-9.834848328E0;9.834973462E0
4.929316575E1;5.987548828E-4;-4.370910645E-2;-9.836644592E0;9.836741721E0
4.930320675E1;1.945953369E-2;-2.110610962E-2;-9.834998016E0;9.835039915E0
4.931324875E1;5.897735596E-2;-2.140548706E-2;-9.799072723E0;9.799273583E0
4.932328975E1;7.753875732E-2;2.395019531E-3;-9.794881439E0;9.795188635E0
4.933333075E1;7.484436035E-2;-3.248245239E-2;-9.827663269E0;9.828001939E0
4.934337275E1;5.284011841E-2;-3.038681030E-2;-9.824669495E0;9.824858580E0
4.935341375E1;2.215393066E-2;-4.206253052E-2;-9.831704865E0;9.831819801E0
4.936345475E1;1.272354126E-2;-4.101470947E-2;-9.804162140E0;9.804256186E0
4.937349575E1;-2.095642090E-3;-3.547622681E-2;-9.771829376E0;9.771893998E0
4.938353775E1;-8.981323242E-3;-3.367996216E-2;-9.781110077E0;9.781172186E0
4.939357875E1;1.451980591E-2;-3.023712158E-2;-9.787696381E0;9.787753856E0
4.940361975E1;1.092727661E-2;-1.092727661E-2;-9.772428131E0;9.772440350E0
4.941366175E1;1.736389160E-2;-1.002914429E-2;-9.772428131E0;9.772448704E0
4.942370275E1;3.652404785E-2;-2.634521484E-2;-9.811496887E0;9.811600239E0
4.943374375E1;3.622467041E-2;-2.260299683E-2;-9.805060272E0;9.805153240E0
4.944378575E1;5.254074097E-2;-3.233276367E-2;-9.808802490E0;9.808996495E0
4.945382675E1;4.176315308E-2;-2.335144043E-2;-9.797875214E0;9.797992047E0
4.946386775E1;3.203338623E-2;-2.844085693E-2;-9.783954163E0;9.784047939E0
4.947390875E1;-1.496887207E-4;-1.975891113E-2;-9.780810699E0;9.780830659E0
4.948395075E1;2.529739380E-2;-2.769241333E-2;-9.788893890E0;9.788965748E0
4.949399175E1;4.520599365E-2;-5.538482666E-3;-9.804311829E0;9.804417611E0
4.950403275E1;4.939727783E-2;-3.113525391E-2;-9.823621674E0;9.823795208E0
4.951407375E1;4.805007935E-2;-1.826202393E-2;-9.821675720E0;9.821810234E0
4.952411575E1;5.298980713E-2;-2.739303589E-2;-9.830357666E0;9.830538650E0
4.953415675E1;4.505630493E-2;-3.188369751E-2;-9.832004242E0;9.832159176E0
4.954419775E1;2.320175171E-2;-2.859054565E-2;-9.818981323E0;9.819050360E0
4.955423975E1;2.020797729E-2;-1.197509766E-2;-9.819280701E0;9.819308797E0
4.956428075E1;1.766326904E-2;-1.601669312E-2;-9.818532257E0;9.818561209E0
4.957432175E1;-1.197509766E-3;-1.077758789E-2;-9.813592529E0;9.813598520E0
4.958436375E1;7.783813477E-3;9.430389404E-3;-9.821526031E0;9.821533643E0
4.959440475E1;2.215393066E-2;6.885681152E-3;-9.820029144E0;9.820056548E0
4.960444575E1;1.167572021E-2;2.993774414E-3;-9.785750427E0;9.785757851E0
4.961448675E1;3.203338623E-2;-7.035369873E-3;-9.813143463E0;9.813198269E0
4.962452875E1;5.104385376E-2;8.232879639E-3;-9.812544708E0;9.812680924E0
4.963456975E1;5.433700562E-2;1.721420288E-2;-9.827962646E0;9.828127931E0
4.964461075E1;5.688171387E-2;1.646575928E-2;-9.817933502E0;9.818112085E0
4.965465275E1;3.891906738E-2;1.107696533E-2;-9.828860779E0;9.828944074E0
4.966469375E1;2.888992310E-2;4.490661621E-4;-9.829160156E0;9.829202623E0
4.967473475E1;3.936813354E-2;-1.796264648E-3;-9.863887939E0;9.863966665E0
4.968477575E1;1.317260742E-2;2.544708252E-3;-9.820478210E0;9.820487375E0
4.969481775E1;3.143463135E-3;-7.334747314E-3;-9.816137238E0;9.816140481E0
4.970485875E1;1.496887207E-4;2.395019531E-3;-9.836345215E0;9.836345508E0
4.971489975E1;1.526824951E-2;1.017883301E-2;-9.794881439E0;9.794898628E0
4.972494175E1;7.334747314E-3;-9.879455566E-3;-9.766739960E0;9.766747711E0
4.973498275E1;3.248245239E-2;-1.437011719E-2;-9.796528015E0;9.796592406E0
4.974502375E1;9.430389404E-3;-8.831634521E-3;-9.791737976E0;9.791746500E0
4.975506475E1;3.143463135E-2;-4.026626587E-2;-9.806557159E0;9.806690208E0
4.976510675E1;2.215393066E-2;-3.712280273E-2;-9.788744202E0;9.788839663E0
4.977514775E1;3.847000122E-2;-4.101470947E-2;-9.790540466E0;9.790701955E0
4.978518875E1;4.370910645E-2;-3.577560425E-2;-9.828411713E0;9.828574015E0
4.979523075E1;3.442840576E-2;-4.191284180E-2;-9.843230896E0;9.843380338E0
4.980527175E1;9.580078125E-3;-2.529739380E-2;-9.820029144E0;9.820066402E0
4.981531275E1;1.886077881E-2;-3.353027344E-2;-9.834998016E0;9.835073258E0
4.982535375E1;2.395019531E-2;-3.472778320E-2;-9.805060272E0;9.805151022E0
4.983539575E1;2.499801636E-2;-4.116439819E-2;-9.816735992E0;9.816854127E0
4.984543675E1;1.571731567E-2;-5.164260864E-2;-9.786349182E0;9.786498061E0
4.985547775E1;4.415817261E-2;-5.792953491E-2;-9.805808716E0;9.806079255E0
4.986551975E1;5.792953491E-2;-3.757186890E-2;-9.801168365E0;9.801411572E0
4.987556113E1;4.146377563E-2;2.395019531E-3;-9.798923035E0;9.799011053E0
4.988560212E1;5.044509888E-2;2.544708252E-3;-9.808802490E0;9.808932535E0
4.989564312E1;3.742218018E-2;1.751358032E-2;-9.784403229E0;9.784490466E0
4.990568512E1;3.936813354E-2;2.320175171E-2;-9.790091400E0;9.790198047E0
4.991572613E1;2.784210205E-2;2.260299683E-2;-9.792636108E0;9.792701774E0
4.992576713E1;3.143463135E-2;3.442840576E-3;-9.792336731E0;9.792387791E0
4.993580913E1;2.589614868E-2;-1.422042847E-2;-9.753118286E0;9.753163032E0
4.994585013E1;4.640350342E-3;-2.903961182E-2;-9.803114319E0;9.803158429E0
4.995589112E1;1.092727661E-2;-2.215393066E-2;-9.813742218E0;9.813773307E0
4.996593213E1;4.340972900E-2;-2.918930054E-2;-9.777816925E0;9.777956854E0
4.997597412E1;4.176315308E-2;-3.906875610E-2;-9.760902100E0;9.761069630E0
4.998601513E1;8.352630615E-2;-4.281097412E-2;-9.771380310E0;9.771831076E0
4.999605613E1;1.249900818E-1;-4.146377563E-2;-9.778116302E0;9.779003026E0
5.000609813E1;1.348695374E-1;-4.475692749E-2;-9.754764862E0;9.755799838E0
5.001613912E1;1.538800049E-1;-4.340972900E-2;-9.738748169E0;9.740060542E0
5.002618012E1;1.094224548E-1;-4.490661621E-2;-9.766739960E0;9.767456133E0
5.003622212E1;7.289840698E-2;-2.529739380E-2;-9.793384552E0;9.793688535E0
5.004626313E1;3.861968994E-2;1.945953369E-3;-9.790839844E0;9.790916204E0
5.005630413E1;2.245330811E-2;3.068618774E-2;-9.788145447E0;9.788219301E0
5.006634512E1;2.095642090E-3;7.783813477E-3;-9.789193268E0;9.789196587E0
5.007638713E1;4.505630493E-2;3.682342529E-2;-9.815388794E0;9.815561278E0
5.008642812E1;-4.400848389E-2;3.128494263E-2;-9.857750702E0;9.857898579E0
5.009646913E1;-3.565585327E-1;2.619552612E-2;-9.960137787E0;9.966552309E0
5.010651112E1;-3.495231628E-1;1.347198486E-3;-9.934990082E0;9.941136564E0
5.011655213E1;-5.613327026E-2;-4.745132446E-2;-9.860894165E0;9.861168101E0
5.012659313E1;1.050814819E-1;-5.957611084E-2;-9.816436615E0;9.817179801E0
5.013663412E1;5.463638306E-2;-3.832031250E-2;-9.795180817E0;9.795408149E0
5.014667613E1;5.014572144E-2;-1.930984497E-2;-9.786798248E0;9.786945765E0
5.015671712E1;9.535171509E-2;-3.532653809E-2;-9.811646576E0;9.812173482E0
5.016675813E1;1.311273193E-1;-2.514770508E-2;-9.813742218E0;9.814650432E0
5.017680012E1;1.459465027E-1;-3.158432007E-2;-9.767488403E0;9.768629774E0
5.018684113E1;1.501377869E-1;-1.631607056E-2;-9.750423889E0;9.751593387E0
5.019688212E1;1.275347900E-1;9.430389404E-3;-9.793384552E0;9.794219471E0
5.020692312E1;1.014889526E-1;3.742218018E-3;-9.800419922E0;9.800946110E0
5.021696512E1;9.011260986E-2;-1.945953369E-3;-9.772428131E0;9.772843785E0
5.022700613E1;1.092727661E-2;7.334747314E-3;-9.804012451E0;9.804021284E0
5.023704713E1;-1.143621826E-1;2.110610962E-2;-9.869127045E0;9.869812197E0
5.024708913E1;-1.663041687E-1;1.751358032E-2;-9.882149963E0;9.883564726E0
5.025713013E1;-3.622467041E-2;-2.305206299E-2;-9.829609222E0;9.829703001E0
5.026717112E1;1.362167358E-1;-5.104385376E-2;-9.802964630E0;9.804043860E0
5.027721213E1;2.270777893E-1;-6.556365967E-2;-9.816436615E0;9.819281579E0
5.028725412E1;2.110610962E-1;-6.436614990E-2;-9.825417938E0;9.827895372E0
5.029729513E1;1.442999268E-1;-4.385879517E-2;-9.831405487E0;9.832562225E0
5.030733613E1;3.996688843E-2;-2.155517578E-2;-9.860295410E0;9.860399969E0
5.031737813E1;-1.691482544E-2;1.631607056E-2;-9.891730042E0;9.891757960E0
5.032741913E1;-2.395019531E-2;2.963836670E-2;-9.907297668E0;9.907370950E0
5.033746012E1;-1.077758789E-2;1.841171265E-2;-9.843081207E0;9.843104327E0
5.034750113E1;5.777984619E-2;1.377136230E-2;-9.798473969E0;9.798654003E0
5.035754312E1;9.430389404E-2;-1.496887207E-4;-9.779463501E0;9.779918180E0
5.036758413E1;9.430389404E-2;-1.047821045E-3;-9.788744202E0;9.789198505E0
5.037762512E1;7.409591675E-2;-7.634124756E-3;-9.788594513E0;9.788877925E0
5.038766713E1;6.391708374E-2;-1.437011719E-2;-9.794731750E0;9.794950840E0
5.039770812E1;7.634124756E-3;-3.427871704E-2;-9.827363892E0;9.827426640E0
5.040774913E1;-3.891906738E-3;-4.864883423E-2;-9.832303619E0;9.832424743E0
5.041779013E1;6.735992432E-3;-4.296066284E-2;-9.828860779E0;9.828956974E0
5.042783213E1;2.784210205E-2;-5.284011841E-2;-9.811796265E0;9.811978047E0
5.043787313E1;7.379653931E-2;-4.924758911E-2;-9.805808716E0;9.806210064E0
5.044791412E1;9.385482788E-2;-6.870712280E-2;-9.817035370E0;9.817724423E0
5.045795613E1;9.744735718E-2;-4.296066284E-2;-9.798473969E0;9.799052695E0
5.046799712E1;4.760101318E-2;-2.888992310E-2;-9.817185059E0;9.817342968E0
5.047803813E1;-1.017883301E-2;2.664459229E-2;-9.829758911E0;9.829800293E0
5.048807913E1;-4.535568237E-2;5.014572144E-2;-9.845625916E0;9.845858083E0
5.049812113E1;-6.496490479E-2;6.466552734E-2;-9.814490662E0;9.814918696E0
5.050816213E1;-4.191284180E-2;6.990463257E-2;-9.814790039E0;9.815128469E0
5.051820312E1;-4.161346436E-2;7.319778442E-2;-9.710906067E0;9.711271093E0
5.052824512E1;-8.427474976E-2;1.040336609E-1;-9.646689606E0;9.647618648E0
5.053828612E1;-2.245330811E-2;4.909790039E-2;-9.711205444E0;9.711355515E0
5.054832713E1;5.089416504E-3;-3.697311401E-2;-9.796528015E0;9.796599107E0
5.055836812E1;-5.733078003E-2;-6.541397095E-2;-9.812095642E0;9.812481169E0
5.056841013E1;-2.469863892E-2;-8.562194824E-2;-9.862540741E0;9.862943324E0
5.057845112E1;2.993774414E-3;-9.250762939E-2;-9.881850586E0;9.882284029E0
5.058849212E1;8.008346558E-2;-1.227447510E-1;-9.810748444E0;9.811843082E0
5.059853412E1;1.445993042E-1;-1.435514832E-1;-9.855804749E0;9.857910693E0
5.060857513E1;1.523831177E-1;-1.182540894E-1;-9.850565643E0;9.852453915E0
5.061861613E1;6.451583862E-2;-9.729766846E-3;-9.763147430E0;9.763365440E0
5.062865712E1;-1.137634277E-2;1.046324158E-1;-9.713899841E0;9.714470006E0
5.063869913E1;-1.871109009E-2;1.282832336E-1;-9.783954163E0;9.784813016E0
5.064874012E1;-4.790039062E-3;1.053808594E-1;-9.843230896E0;9.843796145E0
5.065878113E1;1.451980591E-2;6.436614990E-2;-9.902507629E0;9.902727461E0
5.066882312E1;6.137237549E-2;4.745132446E-2;-9.938881989E0;9.939184744E0
5.067886413E1;8.173004150E-2;4.340972900E-3;-9.950258331E0;9.950594932E0
5.068890513E1;1.128652954E-1;-2.963836670E-2;-9.927954712E0;9.928640479E0
5.069894612E1;1.603166199E-1;-6.900650024E-2;-9.829609222E0;9.831158669E0
5.070898812E1;1.508862305E-1;-8.128097534E-2;-9.735754395E0;9.737262802E0
5.071902912E1;1.176553345E-1;-6.735992432E-2;-9.729317780E0;9.730262309E0
5.072907013E1;4.939727783E-3;-5.897735596E-2;-9.776918793E0;9.777097924E0
5.073911213E1;-4.535568237E-2;-4.775070190E-2;-9.834249573E0;9.834470089E0
5.074915313E1;-7.708969116E-2;-2.739303589E-2;-9.844278717E0;9.844618665E0
5.075919412E1;-5.897735596E-2;-3.023712158E-2;-9.841883698E0;9.842106854E0
5.076923512E1;2.993774414E-4;-3.832031250E-2;-9.860894165E0;9.860968627E0
5.077927712E1;3.847000122E-2;-3.397933960E-2;-9.866881714E0;9.867015217E0
5.078931813E1;5.089416504E-2;4.640350342E-3;-9.801467743E0;9.801600975E0
5.079935913E1;6.077362061E-2;6.092330933E-2;-9.768985291E0;9.769364293E0
5.080940113E1;7.738906860E-2;8.083190918E-2;-9.760453033E0;9.761094523E0
5.081944213E1;8.876541138E-2;4.041595459E-2;-9.767338715E0;9.767825670E0
5.082948312E1;4.565505981E-2;1.017883301E-2;-9.795180817E0;9.795292503E0
5.083952413E1;2.275268555E-2;-4.685256958E-2;-9.801916809E0;9.802055192E0
5.084956612E1;-1.002914429E-2;-6.137237549E-2;-9.806706848E0;9.806904015E0
5.085960713E1;-3.547622681E-2;-3.966751099E-2;-9.832303619E0;9.832447637E0
5.086964813E1;-3.966751099E-2;-2.918930054E-2;-9.812993774E0;9.813117361E0
5.087969000E1;-1.691482544E-2;-3.861968994E-2;-9.784552917E0;9.784643754E0
5.088973100E1;3.996688843E-2;-4.460723877E-2;-9.797276459E0;9.797459526E0
5.089977200E1;6.616241455E-2;-1.631607056E-2;-9.798923035E0;9.799159980E0
5.090981300E1;5.209167480E-2;7.484436035E-4;-9.784702606E0;9.784841296E0
5.091985500E1;3.173400879E-2;3.173400879E-2;-9.766590271E0;9.766693382E0
5.092989600E1;-3.592529297E-3;3.098556519E-2;-9.776918793E0;9.776968553E0
5.093993700E1;-1.182540894E-2;5.628295898E-2;-9.795180817E0;9.795349654E0
5.094997900E1;-1.332229614E-2;3.772155762E-2;-9.831405487E0;9.831486879E0
5.096002000E1;-6.586303711E-3;3.442840576E-3;-9.795480194E0;9.795483013E0
5.097006100E1;-1.062789917E-2;-8.232879639E-3;-9.802814941E0;9.802824160E0
5.098010200E1;3.233276367E-2;-3.038681030E-2;-9.816286926E0;9.816387206E0
5.099014400E1;7.304809570E-2;-2.754272461E-2;-9.805209961E0;9.805520741E0
5.100018500E1;1.086740112E-1;-3.562591553E-2;-9.774523773E0;9.775192798E0
5.101022600E1;1.203497314E-1;-4.625381470E-2;-9.767189026E0;9.768039974E0
5.102026800E1;4.790039063E-2;-4.415817261E-2;-9.804162140E0;9.804378596E0
5.103030900E1;-6.286926270E-3;-3.188369751E-2;-9.833501129E0;9.833554828E0
5.104035000E1;-3.861968994E-2;-2.035766602E-2;-9.833800507E0;9.833897412E0
5.105039100E1;-1.197509766E-2;-2.215393066E-2;-9.835746460E0;9.835778699E0
5.106043300E1;1.422042847E-2;-4.640350342E-3;-9.811646576E0;9.811657978E0
5.107047400E1;4.984634399E-2;-8.831634521E-3;-9.820178833E0;9.820309311E0
5.108051500E1;4.819976807E-2;2.245330811E-3;-9.832453308E0;9.832571704E0
5.109055700E1;4.505630493E-2;1.107696533E-2;-9.821526031E0;9.821635625E0
5.110059800E1;1.826202393E-2;-4.490661621E-4;-9.831405487E0;9.831422458E0
5.111063900E1;2.035766602E-2;-1.466949463E-2;-9.806108093E0;9.806140197E0
5.112068000E1;2.649490356E-2;-7.185058594E-3;-9.764644318E0;9.764682906E0
5.113072200E1;1.511856079E-2;-2.993774414E-4;-9.780211945E0;9.780223635E0
5.114076300E1;2.320175171E-2;-8.831634521E-3;-9.779463501E0;9.779495012E0
5.115080400E1;2.365081787E-2;-1.047821045E-3;-9.795779572E0;9.795808179E0
5.116084600E1;3.158432007E-2;-1.646575928E-3;-9.792785797E0;9.792836869E0
5.117088700E1;4.580474854E-2;-7.185058594E-3;-9.772727509E0;9.772837493E0
5.118092800E1;5.134323120E-2;-1.272354126E-2;-9.783056030E0;9.783199032E0
5.119096900E1;1.766326904E-2;4.490661621E-4;-9.820478210E0;9.820494105E0
5.120101100E1;9.729766846E-3;-4.340972900E-3;-9.788444824E0;9.788450623E0
5.121105200E1;2.395019531E-3;-2.320175171E-2;-9.799072723E0;9.799100484E0
5.122109300E1;1.736389160E-2;-1.691482544E-2;-9.810598755E0;9.810628703E0
5.123113400E1;1.481918335E-2;-2.200424194E-2;-9.813293152E0;9.813329011E0
5.124117600E1;3.592529297E-2;-1.781295776E-2;-9.813442841E0;9.813524765E0
5.125121700E1;5.373825073E-2;-1.916015625E-2;-9.793683929E0;9.793850102E0
5.126125800E1;4.281097412E-2;-7.484436035E-3;-9.802515564E0;9.802611906E0
5.127130000E1;3.457809448E-2;-2.200424194E-2;-9.829609222E0;9.829694670E0
5.128134100E1;4.490661621E-2;-2.589614868E-2;-9.819280701E0;9.819417533E0
5.129138200E1;3.397933960E-2;-3.083587646E-2;-9.803862762E0;9.803970140E0
5.130142300E1;5.942642212E-2;-3.203338623E-2;-9.829309845E0;9.829541681E0
5.131146500E1;6.032455444E-2;-4.101470947E-2;-9.856403503E0;9.856673439E0
5.132150600E1;3.248245239E-2;-4.984634399E-2;-9.837093658E0;9.837273576E0
5.133154700E1;3.098556519E-2;-5.044509888E-2;-9.837991791E0;9.838169916E0
5.134158900E1;1.422042847E-2;-4.340972900E-2;-9.848769379E0;9.848875311E0
5.135163000E1;1.496887207E-3;-5.059478760E-2;-9.865384827E0;9.865514677E0
5.136167100E1;9.131011963E-3;-4.580474854E-2;-9.865684204E0;9.865794761E0
5.137171200E1;2.275268555E-2;-4.355941772E-2;-9.803114319E0;9.803237499E0
5.138175400E1;5.089416504E-2;-5.149291992E-2;-9.833800507E0;9.834067019E0
5.139179500E1;7.020401001E-2;-5.014572144E-2;-9.861941986E0;9.862319349E0
5.140183600E1;7.499404907E-2;-3.832031250E-2;-9.844727783E0;9.845087998E0
5.141187800E1;8.158035278E-2;-4.849914551E-2;-9.836644592E0;9.837102437E0
5.142191900E1;9.445358276E-2;-5.209167480E-2;-9.836195526E0;9.836786947E0
5.143196000E1;8.801696777E-2;-4.146377563E-2;-9.842332764E0;9.842813646E0
5.144200100E1;9.295669556E-2;-2.245330811E-2;-9.836345215E0;9.836810066E0
5.145204300E1;4.879852295E-2;2.095642090E-3;-9.782457275E0;9.782579212E0
5.146208400E1;4.176315308E-2;2.649490356E-2;-9.799222412E0;9.799347224E0
5.147212500E1;2.574645996E-2;2.155517578E-2;-9.806706848E0;9.806764334E0
5.148216700E1;2.350112915E-2;2.125579834E-2;-9.786498871E0;9.786550172E0
5.149220800E1;3.936813354E-2;1.362167358E-2;-9.772577820E0;9.772666609E0
5.150224900E1;1.556762695E-2;9.280700684E-3;-9.780960388E0;9.780977180E0
5.151229000E1;3.173400879E-2;1.062789917E-2;-9.806257782E0;9.806314888E0
5.152233200E1;3.412902832E-2;1.032852173E-2;-9.839338989E0;9.839403601E0
5.153237300E1;3.996688843E-2;-8.981323242E-4;-9.832752686E0;9.832833952E0
5.154241400E1;4.251159668E-2;-1.811233521E-2;-9.824370117E0;9.824478790E0
5.155245600E1;2.305206299E-2;-8.681945801E-3;-9.857601013E0;9.857631790E0
5.156249700E1;2.679428101E-2;-1.437011719E-2;-9.845625916E0;9.845672862E0
5.157253800E1;1.107696533E-2;-1.556762695E-2;-9.820029144E0;9.820047731E0
5.158257900E1;2.200424194E-2;-9.131011963E-3;-9.803264008E0;9.803292955E0
5.159262100E1;2.320175171E-2;4.191284180E-3;-9.823771362E0;9.823799655E0
5.160266200E1;4.281097412E-2;-2.200424194E-2;-9.819879456E0;9.819997428E0
5.161270300E1;4.565505981E-2;-2.544708252E-3;-9.825417938E0;9.825524338E0
5.162274500E1;4.221221924E-2;-2.993774414E-3;-9.814939728E0;9.815030957E0
5.163278600E1;2.634521484E-2;8.083190918E-3;-9.829309845E0;9.829348475E0
5.164282700E1;2.095642090E-3;3.981719971E-2;-9.829010468E0;9.829091340E0
5.165286800E1;1.272354126E-2;1.511856079E-2;-9.830806732E0;9.830826591E0
5.166291000E1;2.664459229E-2;-0.000000000E0;-9.789642334E0;9.789678593E0
5.167295100E1;3.592529297E-2;-2.035766602E-2;-9.782008209E0;9.782095362E0
5.168299200E1;3.008743286E-2;-2.020797729E-2;-9.820178833E0;9.820245716E0
5.169303300E1;2.694396973E-2;-2.694396973E-2;-9.816436615E0;9.816510570E0
5.170307500E1;1.407073975E-2;-3.053649902E-2;-9.809251556E0;9.809309179E0
5.171311600E1;2.365081787E-2;-2.320175171E-2;-9.796078949E0;9.796134975E0
5.172315700E1;3.173400879E-2;-1.556762695E-2;-9.802515564E0;9.802579292E0
5.173319900E1;3.293151855E-2;-2.844085693E-2;-9.807305603E0;9.807402131E0
5.174324000E1;-8.232879639E-3;-2.439926147E-2;-9.797875214E0;9.797909053E0
5.175328100E1;2.544708252E-3;-6.586303711E-3;-9.808353424E0;9.808355966E0
5.176332200E1;-7.334747314E-3;7.484436035E-3;-9.822274475E0;9.822280065E0
5.177336400E1;2.080673218E-2;-1.047821045E-2;-9.821975098E0;9.822002725E0
5.178340500E1;2.874023438E-2;8.681945801E-3;-9.777367859E0;9.777413954E0
5.179344600E1;2.245330811E-3;2.799179077E-2;-9.695787506E0;9.695828172E0
5.180348800E1;-2.634521484E-2;2.874023438E-2;-9.691147156E0;9.691225581E0
5.181352900E1;-1.856140137E-2;-8.382568359E-3;-9.710906067E0;9.710927424E0
5.182357000E1;-1.137634277E-2;-1.040336609E-1;-9.769584045E0;9.770144566E0
5.183361100E1;2.125579834E-2;-2.148033142E-1;-9.822274475E0;9.824645955E0
5.184365300E1;7.244934082E-2;-2.182461548E-1;-9.855205994E0;9.857888489E0
5.185369400E1;6.795867920E-2;-1.392105103E-1;-9.866282959E0;9.867499044E0
5.186373500E1;1.103205872E-1;-7.244934082E-2;-9.848919067E0;9.849803365E0
5.187377700E1;9.774673462E-2;-5.463638306E-2;-9.843679962E0;9.844316876E0
5.188381787E1;3.727249146E-2;-5.658233643E-2;-9.803114319E0;9.803348466E0
5.189385888E1;4.490661621E-4;-5.343887329E-2;-9.795779572E0;9.795925343E0
5.190389988E1;-6.586303711E-3;-3.098556519E-2;-9.818382568E0;9.818433671E0
5.191394188E1;-1.960922241E-2;3.143463135E-3;-9.855056305E0;9.855076315E0
5.192398287E1;-4.041595459E-3;1.377136230E-2;-9.858499146E0;9.858509593E0
5.193402387E1;9.131011963E-3;2.185455322E-2;-9.843979340E0;9.844007834E0
5.194406587E1;2.140548706E-2;4.191284180E-2;-9.821376343E0;9.821489100E0
5.195410688E1;4.685256958E-2;3.083587646E-2;-9.826765137E0;9.826925209E0
5.196414788E1;4.969665527E-2;4.056564331E-2;-9.828411713E0;9.828621069E0
5.197418887E1;5.433700562E-2;3.053649902E-2;-9.823621674E0;9.823819409E0
5.198423088E1;7.349716187E-2;-2.245330811E-3;-9.801767120E0;9.802042928E0
5.199427187E1;7.274871826E-2;1.496887207E-4;-9.818532257E0;9.818801764E0
5.200431288E1;5.777984619E-2;-7.185058594E-3;-9.844727783E0;9.844899962E0
5.201435487E1;4.475692749E-2;3.891906738E-3;-9.844278717E0;9.844381229E0
5.202439588E1;1.766326904E-2;-8.681945801E-3;-9.808503113E0;9.808522859E0
5.203443688E1;2.125579834E-2;-2.305206299E-2;-9.795929260E0;9.795979445E0
5.204447787E1;2.514770508E-2;-1.466949463E-2;-9.820029144E0;9.820072301E0
5.205451987E1;1.496887207E-2;-1.871109009E-2;-9.812095642E0;9.812124900E0
5.206456087E1;-1.077758789E-2;-3.592529297E-3;-9.808353424E0;9.808360003E0
5.207460188E1;1.930984497E-2;9.131011963E-3;-9.791139221E0;9.791162520E0
5.208464288E1;9.430389404E-3;1.242416382E-2;-9.811646576E0;9.811658974E0
5.209468488E1;3.457809448E-2;1.511856079E-2;-9.840237122E0;9.840309488E0
5.210472587E1;5.104385376E-2;5.239105225E-3;-9.800569611E0;9.800703935E0
5.211476687E1;3.996688843E-2;2.664459229E-2;-9.786498871E0;9.786616751E0
5.212480887E1;3.906875610E-2;2.140548706E-2;-9.803713074E0;9.803814288E0
5.213484988E1;2.933898926E-2;-2.993774414E-4;-9.842632141E0;9.842675873E0
5.214489088E1;1.047821045E-2;1.407073975E-2;-9.841734009E0;9.841749645E0
5.215493187E1;1.451980591E-2;1.496887207E-4;-9.844129028E0;9.844139738E0
5.216497388E1;2.574645996E-2;1.107696533E-2;-9.856852570E0;9.856892419E0
5.217501487E1;1.631607056E-2;1.990859985E-2;-9.867181091E0;9.867214666E0
5.218505588E1;3.263214111E-2;1.691482544E-2;-9.864187317E0;9.864255795E0
5.219509787E1;2.903961182E-2;2.035766602E-2;-9.801467743E0;9.801531903E0
5.220513888E1;3.308120728E-2;1.781295776E-2;-9.812245331E0;9.812317265E0
5.221517988E1;2.844085693E-2;1.526824951E-2;-9.832004242E0;9.832057232E0
5.222522087E1;4.191284180E-2;-1.796264648E-3;-9.811646576E0;9.811736260E0
5.223526287E1;2.724334717E-2;-4.939727783E-3;-9.788145447E0;9.788184606E0
5.224530387E1;3.173400879E-2;-2.170486450E-2;-9.820627899E0;9.820703156E0
5.225534488E1;4.355941772E-2;-1.032852173E-2;-9.827214203E0;9.827316169E0
5.226538688E1;2.859054565E-2;-3.113525391E-2;-9.821376343E0;9.821467308E0
5.227542788E1;4.834945679E-2;-2.424957275E-2;-9.791588287E0;9.791737685E0
5.228546887E1;5.703140259E-2;-2.125579834E-2;-9.752220154E0;9.752410077E0
5.229550987E1;5.583389282E-2;-1.347198486E-3;-9.781708832E0;9.781868273E0
5.230555187E1;9.026229858E-2;-1.556762695E-2;-9.772877197E0;9.773306418E0
5.231559288E1;8.143066406E-2;-1.796264648E-3;-9.745035095E0;9.745375477E0
5.232563388E1;8.472381592E-2;1.332229614E-2;-9.730365601E0;9.730743565E0
5.233567487E1;9.475296021E-2;-3.442840576E-3;-9.764045563E0;9.764505913E0
5.234571688E1;8.756790161E-2;-9.131011963E-3;-9.775721283E0;9.776117742E0
5.235575787E1;7.020401001E-2;-1.736389160E-2;-9.756112061E0;9.756380099E0
5.236579888E1;3.502716064E-2;-4.311035156E-2;-9.759704590E0;9.759862657E0
5.237584087E1;-3.002755737E-1;-7.694000244E-2;-9.899813232E0;9.904664922E0
5.238588188E1;-4.840933228E-1;-1.091230774E-1;-9.960137787E0;9.972492112E0
5.239592288E1;-1.243913269E-1;-1.781295776E-1;-9.790989532E0;9.793399786E0
5.240596387E1;2.661465454E-1;-1.908531189E-1;-9.691147156E0;9.696679436E0
5.241600587E1;3.841012573E-1;-1.016386414E-1;-9.677375793E0;9.685528712E0
5.242604687E1;2.095642090E-1;-3.472778320E-2;-9.775721283E0;9.778028931E0
5.243608788E1;2.230361938E-2;-2.170486450E-2;-9.838141479E0;9.838190704E0
5.244612988E1;-1.095721436E-1;1.347198486E-3;-9.849368134E0;9.849977690E0
5.245617088E1;-8.786727905E-2;1.197509766E-3;-9.859397278E0;9.859788881E0
5.246621187E1;2.559677124E-2;1.242416382E-2;-9.787247314E0;9.787288672E0
5.247625287E1;1.502874756E-1;-1.751358032E-2;-9.738448792E0;9.739624116E0
5.248629487E1;2.079176331E-1;-2.170486450E-2;-9.693242798E0;9.695496727E0
5.249633588E1;1.035845947E-1;-1.930984497E-2;-9.748777313E0;9.749346734E0
5.250637688E1;-4.790039062E-3;1.227447510E-2;-9.862241364E0;9.862250165E0
5.251641888E1;-7.484436035E-2;-1.796264648E-3;-9.884095917E0;9.884379444E0
5.252645988E1;-8.681945801E-2;1.422042847E-2;-9.883497162E0;9.883888708E0
5.253650087E1;-4.625381470E-2;2.365081787E-2;-9.827214203E0;9.827351513E0
5.254654188E1;3.248245239E-2;-4.790039062E-3;-9.782457275E0;9.782512377E0
5.255658387E1;1.291813660E-1;-3.053649902E-2;-9.744136963E0;9.745041070E0
5.256662488E1;1.275347900E-1;-3.921844482E-2;-9.771829376E0;9.772740279E0
5.257666588E1;9.280700684E-2;-1.811233521E-2;-9.805659027E0;9.806114937E0
5.258670687E1;1.766326904E-2;-3.143463135E-3;-9.836943970E0;9.836960330E0
5.259674887E1;-7.783813477E-2;2.305206299E-2;-9.861792297E0;9.862126418E0
5.260678987E1;-8.891510010E-2;1.496887207E-2;-9.839788055E0;9.840201163E0
5.261683088E1;-2.993774414E-2;-2.095642090E-3;-9.823322296E0;9.823368139E0
5.262687288E1;3.068618774E-2;1.796264648E-3;-9.796228638E0;9.796276864E0
5.263691388E1;8.726852417E-2;-1.736389160E-2;-9.742041321E0;9.742447659E0
5.264695487E1;8.592132568E-2;-1.871109009E-2;-9.747879181E0;9.748275802E0
5.265699587E1;5.373825073E-2;-7.783813477E-3;-9.793683929E0;9.793834453E0
5.266703787E1;1.631607056E-2;2.903961182E-2;-9.826166382E0;9.826222839E0
5.267707888E1;-3.143463135E-3;3.412902832E-2;-9.826016693E0;9.826076466E0
5.268711988E1;-1.332229614E-2;3.577560425E-2;-9.800569611E0;9.800643962E0
5.269716188E1;-2.664459229E-2;3.218307495E-2;-9.790989532E0;9.791078680E0
5.270720288E1;-1.092727661E-2;1.541793823E-2;-9.805359650E0;9.805377860E0
5.271724387E1;3.113525391E-2;1.901046753E-2;-9.817933502E0;9.818001276E0
5.272728488E1;7.649093628E-2;1.511856079E-2;-9.817334747E0;9.817644370E0
5.273732687E1;9.595046997E-2;2.993774414E-4;-9.834099884E0;9.834567968E0
5.274736788E1;5.313949585E-2;-1.945953369E-2;-9.842632141E0;9.842794824E0
5.275740888E1;1.047821045E-2;-1.422042847E-2;-9.844877472E0;9.844893318E0
5.276745088E1;-8.083190918E-3;1.017883301E-2;-9.825867004E0;9.825875601E0
5.277749187E1;-9.131011963E-3;-4.340972900E-3;-9.843230896E0;9.843236088E0
5.278753287E1;-6.885681152E-3;1.856140137E-2;-9.845176849E0;9.845196754E0
5.279757388E1;3.742218018E-2;3.442840576E-3;-9.832153931E0;9.832225749E0
5.280761588E1;1.061293030E-1;-9.580078125E-3;-9.812245331E0;9.812823938E0
5.281765688E1;1.047821045E-1;-2.948867798E-2;-9.836494904E0;9.837097176E0
5.282769787E1;7.469467163E-2;-2.784210205E-2;-9.860594788E0;9.860916998E0
5.283773988E1;2.469863892E-2;-4.116439819E-2;-9.855804749E0;9.855921660E0
5.284778087E1;-2.844085693E-3;-2.844085693E-2;-9.863588562E0;9.863629975E0
5.285782188E1;-1.347198486E-2;-5.134323120E-2;-9.826016693E0;9.826160068E0
5.286786288E1;2.080673218E-2;-6.331832886E-2;-9.812993774E0;9.813220111E0
5.287790537E1;5.688171387E-2;-8.906478882E-2;-9.841135254E0;9.841702655E0
5.288794638E1;6.152206421E-2;-9.370513916E-2;-9.833800507E0;9.834439385E0
5.289798738E1;3.697311401E-2;-8.816665649E-2;-9.827214203E0;9.827679246E0
5.290802837E1;2.634521484E-2;-7.155120850E-2;-9.847571869E0;9.847867046E0
5.291807037E1;4.131408691E-2;-7.843688965E-2;-9.840237122E0;9.840636453E0
5.292811137E1;5.269042969E-2;-7.948471069E-2;-9.805958405E0;9.806422096E0
5.293815238E1;7.723937988E-2;-6.885681152E-2;-9.763147430E0;9.763695762E0
5.294819438E1;6.331832886E-2;-4.655319214E-2;-9.772577820E0;9.772893822E0
5.295823538E1;2.709365845E-2;-2.769241333E-2;-9.812694397E0;9.812770876E0
5.296827637E1;1.347198486E-2;-8.232879639E-3;-9.793983307E0;9.793996033E0
5.297831737E1;2.888992310E-2;-3.472778320E-2;-9.785001984E0;9.785106257E0
5.298835937E1;5.149291992E-2;-1.481918335E-2;-9.816286926E0;9.816433168E0
5.299840038E1;4.490661621E-2;-1.212478638E-2;-9.839189301E0;9.839299249E0
5.300844138E1;4.894821167E-2;-4.041595459E-3;-9.805808716E0;9.805931717E0
5.301848338E1;2.365081787E-2;2.260299683E-2;-9.807006226E0;9.807060791E0
5.302852438E1;1.347198486E-3;2.395019531E-2;-9.823921051E0;9.823950338E0
5.303856537E1;5.837860107E-3;1.990859985E-2;-9.838590546E0;9.838612420E0
5.304860638E1;3.023712158E-2;7.110214233E-2;-9.828711090E0;9.829014777E0
5.305864837E1;5.688171387E-2;6.900650024E-2;-9.817484436E0;9.817891733E0
5.306868938E1;4.311035156E-2;6.795867920E-2;-9.838889923E0;9.839219065E0
5.307873038E1;2.664459229E-2;3.577560425E-2;-9.883946228E0;9.884046887E0
5.308877137E1;2.185455322E-2;2.245330811E-2;-9.910590820E0;9.910640352E0
5.309881337E1;2.559677124E-2;4.490661621E-3;-9.870773621E0;9.870807831E0
5.310885437E1;4.266128540E-2;-1.451980591E-2;-9.862540741E0;9.862643696E0
5.311889538E1;7.798782349E-2;-1.661544800E-2;-9.858199768E0;9.858522244E0
5.312893738E1;7.050338745E-2;-2.050735474E-2;-9.827064514E0;9.827338818E0
5.313897838E1;5.478607178E-2;-2.589614868E-2;-9.796378326E0;9.796565747E0
5.314901937E1;2.005828857E-2;-2.170486450E-2;-9.774823151E0;9.774867828E0
5.315906037E1;1.496887207E-4;-2.739303589E-2;-9.827363892E0;9.827402071E0
5.316910237E1;-4.340972900E-3;-3.817062378E-2;-9.850266266E0;9.850341179E0
5.317914338E1;-1.227447510E-2;-4.460723877E-2;-9.812095642E0;9.812204714E0
5.318918438E1;-6.286926270E-3;-3.367996216E-2;-9.825717316E0;9.825777050E0
5.319922638E1;1.227447510E-2;-3.008743286E-2;-9.845326538E0;9.845380163E0
5.320926738E1;3.083587646E-2;-8.083190918E-3;-9.824519806E0;9.824571523E0
5.321930837E1;5.298980713E-2;2.993774414E-3;-9.779463501E0;9.779607520E0
5.322934938E1;5.463638306E-2;1.646575928E-3;-9.749974823E0;9.750128045E0
5.323939137E1;4.984634399E-2;-4.340972900E-3;-9.767488403E0;9.767616557E0
5.324943238E1;3.936813354E-2;-1.422042847E-2;-9.789642334E0;9.789731820E0
5.325947338E1;3.981719971E-2;-5.104385376E-2;-9.785001984E0;9.785216130E0
5.326951437E1;2.424957275E-2;-4.266128540E-2;-9.786648560E0;9.786771585E0
5.327955637E1;1.916015625E-2;-5.209167480E-2;-9.826016693E0;9.826173452E0
5.328959737E1;3.562591553E-2;-6.122268677E-2;-9.823322296E0;9.823577676E0
5.329963838E1;3.382965088E-2;-4.834945679E-2;-9.762997742E0;9.763176072E0
5.330968037E1;2.619552612E-2;-1.601669312E-2;-9.734107819E0;9.734156243E0
5.331972138E1;2.275268555E-2;-4.041595459E-2;-9.753118286E0;9.753228565E0
5.332976237E1;4.326004028E-2;-3.637435913E-2;-9.792935486E0;9.793098588E0
5.333980337E1;4.625381470E-2;-3.248245239E-2;-9.797575836E0;9.797738861E0
5.334984537E1;2.963836670E-2;-8.532257080E-3;-9.796827393E0;9.796875940E0
5.335988638E1;-7.783813477E-3;1.197509766E-2;-9.800719299E0;9.800729706E0
5.336992738E1;-2.844085693E-3;2.829116821E-2;-9.834099884E0;9.834140990E0
5.337996938E1;2.215393066E-2;2.230361938E-2;-9.825268250E0;9.825318541E0
5.339001038E1;5.493576050E-2;2.185455322E-2;-9.804012451E0;9.804190721E0
5.340005137E1;5.658233643E-2;3.487747192E-2;-9.801318054E0;9.801543429E0
5.341009238E1;7.499404907E-2;1.047821045E-2;-9.824519806E0;9.824811617E0
5.342013437E1;1.062789917E-1;-5.538482666E-3;-9.801018677E0;9.801596452E0
5.343017538E1;9.131011963E-2;-2.140548706E-2;-9.810898132E0;9.811346385E0
5.344021638E1;7.319778442E-2;-1.002914429E-2;-9.834548950E0;9.834826463E0
5.345025737E1;7.379653931E-2;8.981323242E-4;-9.833800507E0;9.834077442E0
5.346029938E1;5.478607178E-2;-1.646575928E-2;-9.819580078E0;9.819746715E0
5.347034037E1;5.538482666E-2;-1.766326904E-2;-9.807904358E0;9.808076639E0
5.348038138E1;1.871109009E-2;-1.781295776E-2;-9.808652802E0;9.808686823E0
5.349042337E1;1.616638184E-2;-1.047821045E-2;-9.804162140E0;9.804181068E0
5.350046438E1;-2.844085693E-3;-2.469863892E-2;-9.789792023E0;9.789823592E0
5.351050537E1;-5.837860107E-3;-1.437011719E-2;-9.764195251E0;9.764207571E0
5.352054637E1;-1.556762695E-2;-1.511856079E-2;-9.812395020E0;9.812419016E0
5.353058837E1;-2.155517578E-2;-2.290237427E-2;-9.815089417E0;9.815139805E0
5.354062938E1;-5.613327026E-2;1.362167358E-2;-9.811047821E0;9.811217857E0
5.355067038E1;-8.801696777E-2;3.891906738E-3;-9.790839844E0;9.791236233E0
5.356071238E1;-2.020797729E-2;-7.783813477E-3;-9.773475952E0;9.773499943E0
5.357075338E1;3.308120728E-2;-1.242416382E-2;-9.780810699E0;9.780874535E0
5.358079437E1;7.888595581E-2;-2.409988403E-2;-9.788295135E0;9.788642677E0
5.359083538E1;9.041198730E-2;-1.347198486E-2;-9.770033112E0;9.770460727E0
5.360087737E1;8.756790161E-2;-1.362167358E-2;-9.774224396E0;9.774626143E0
5.361091838E1;5.463638306E-2;-1.197509766E-3;-9.802964630E0;9.803116959E0
5.362095938E1;1.122665405E-2;-3.143463135E-2;-9.828860779E0;9.828917457E0
5.363100037E1;-1.437011719E-2;-5.029541016E-2;-9.827214203E0;9.827353414E0
5.364104238E1;-1.227447510E-2;-6.601272583E-2;-9.834249573E0;9.834478786E0
5.365108337E1;-4.191284180E-3;-6.975494385E-2;-9.843081207E0;9.843329263E0
5.366112438E1;1.152603149E-2;-4.610412598E-2;-9.823172607E0;9.823287561E0
5.367116637E1;4.041595459E-2;-1.766326904E-2;-9.794731750E0;9.794831061E0
5.368120738E1;5.942642212E-2;3.338058472E-2;-9.785301361E0;9.785538743E0
5.369124837E1;7.813751221E-2;4.610412598E-2;-9.801168365E0;9.801588259E0
5.370128937E1;7.394622803E-2;4.131408691E-2;-9.792037354E0;9.792403711E0
5.371133137E1;6.631210327E-2;-7.035369873E-3;-9.781708832E0;9.781936131E0
5.372137238E1;8.232879639E-2;-5.209167480E-2;-9.810000000E0;9.810483758E0
5.373141338E1;4.655319214E-2;-5.328918457E-2;-9.836045837E0;9.836300354E0
5.374145538E1;2.110610962E-2;-4.999603271E-2;-9.823471985E0;9.823621883E0
5.375149638E1;3.173400879E-2;-5.553451538E-2;-9.805958405E0;9.806167007E0
5.376153737E1;4.176315308E-2;-3.457809448E-2;-9.773625641E0;9.773776035E0
5.377157838E1;-6.885681152E-3;9.729766846E-3;-9.827064514E0;9.827071743E0
5.378162037E1;-9.280700684E-3;4.969665527E-2;-9.830207977E0;9.830337978E0
5.379166138E1;-3.742218018E-3;3.607498169E-2;-9.821376343E0;9.821443309E0
5.380170238E1;1.721420288E-2;9.729766846E-3;-9.800419922E0;9.800439870E0
5.381174337E1;2.948867798E-2;-2.933898926E-2;-9.839638367E0;9.839726294E0
5.382178538E1;4.610412598E-2;-5.134323120E-2;-9.856702881E0;9.856944425E0
5.383182637E1;7.664062500E-2;-3.712280273E-2;-9.833950195E0;9.834318905E0
5.384186738E1;6.092330933E-2;-4.131408691E-2;-9.832602997E0;9.832878531E0
5.385190937E1;4.266128540E-2;-7.933502197E-3;-9.849517822E0;9.849613406E0
5.386195038E1;2.350112915E-2;7.484436035E-4;-9.826166382E0;9.826194514E0
5.387199137E1;1.526824951E-2;-1.496887207E-4;-9.793234863E0;9.793246766E0
5.388203213E1;3.143463135E-2;-1.302291870E-2;-9.772877197E0;9.772936429E0
5.389207412E1;1.212478638E-2;-2.305206299E-2;-9.774823151E0;9.774857852E0
5.390211513E1;5.987548828E-3;-3.457809448E-2;-9.783954163E0;9.784017097E0
5.391215613E1;1.601669312E-2;-3.472778320E-2;-9.797426147E0;9.797500787E0
5.392219813E1;4.146377563E-2;-4.056564331E-2;-9.777218170E0;9.777390243E0
5.393223913E1;4.790039063E-2;-4.999603271E-2;-9.807604980E0;9.807849382E0
5.394228012E1;4.730163574E-2;-2.634521484E-2;-9.820328522E0;9.820477778E0
5.395232113E1;2.439926147E-2;-5.987548828E-3;-9.838590546E0;9.838622622E0
5.396236312E1;3.278182983E-2;-4.490661621E-4;-9.821376343E0;9.821431063E0
5.397240413E1;3.008743286E-2;6.137237549E-3;-9.802216187E0;9.802264284E0
5.398244513E1;4.101470947E-2;1.227447510E-2;-9.812844086E0;9.812937477E0
5.399248612E1;5.972579956E-2;-9.879455566E-3;-9.826465759E0;9.826652232E0
5.400252812E1;4.805007935E-2;-1.646575928E-2;-9.816586304E0;9.816717710E0
5.401256912E1;1.227447510E-2;1.257385254E-2;-9.826615448E0;9.826631159E0
5.402261013E1;-1.092727661E-2;3.517684937E-2;-9.841584320E0;9.841653253E0
5.403265213E1;7.783813477E-3;9.879455566E-3;-9.854906616E0;9.854914642E0
5.404269313E1;4.670288086E-2;8.981323242E-3;-9.803862762E0;9.803978115E0
5.405273412E1;8.532257080E-2;-1.062789917E-2;-9.802066498E0;9.802443599E0
5.406277513E1;6.541397095E-2;-7.484436035E-4;-9.829309845E0;9.829527536E0
5.407281712E1;4.086502075E-2;6.586303711E-3;-9.846224670E0;9.846311674E0
5.408285813E1;2.290237427E-2;-2.095642090E-3;-9.839338989E0;9.839365867E0
5.409289913E1;6.137237549E-3;-4.790039062E-3;-9.830207977E0;9.830211060E0
5.410294012E1;6.436614990E-3;-5.987548828E-3;-9.812395020E0;9.812398957E0
5.411298213E1;4.939727783E-3;-2.155517578E-2;-9.829908600E0;9.829933474E0
5.412302312E1;2.514770508E-2;-2.544708252E-2;-9.782157898E0;9.782223321E0
5.413306413E1;1.736389160E-2;-2.829116821E-2;-9.804611206E0;9.804667399E0
5.414310612E1;3.891906738E-3;-2.844085693E-2;-9.809251556E0;9.809293559E0
5.415314713E1;7.783813477E-3;-1.990859985E-2;-9.800569611E0;9.800592922E0
5.416318813E1;2.424957275E-2;-1.496887207E-4;-9.801467743E0;9.801497742E0
5.417322912E1;3.951782227E-2;-1.571731567E-2;-9.783505096E0;9.783597532E0
5.418327112E1;2.454895020E-2;-7.933502197E-3;-9.788594513E0;9.788628511E0
5.419331212E1;1.062789917E-2;-1.032852173E-2;-9.805659027E0;9.805670226E0
5.420335313E1;2.709365845E-2;-9.131011963E-3;-9.803114319E0;9.803156012E0
5.421339513E1;5.179229736E-2;-8.532257080E-3;-9.793683929E0;9.793824593E0
5.422343613E1;2.724334717E-2;-4.490661621E-4;-9.806557159E0;9.806595012E0
5.423347712E1;5.298980713E-2;-1.197509766E-2;-9.801318054E0;9.801468610E0
5.424351813E1;2.619552612E-2;-1.916015625E-2;-9.795629883E0;9.795683647E0
5.425356012E1;1.841171265E-2;-1.017883301E-2;-9.786648560E0;9.786671172E0
5.426360113E1;1.182540894E-2;-3.891906738E-3;-9.810000000E0;9.810007899E0
5.427364213E1;2.514770508E-2;-3.173400879E-2;-9.818981323E0;9.819064807E0
5.428368312E1;4.370910645E-2;-3.502716064E-2;-9.830806732E0;9.830966300E0
5.429372513E1;6.990463257E-2;-4.595443726E-2;-9.836644592E0;9.837000320E0
5.430376612E1;6.825805664E-2;-5.239105225E-2;-9.830956421E0;9.831332979E0
5.431380713E1;8.247848511E-2;-5.343887329E-2;-9.826016693E0;9.826508152E0
5.432384912E1;5.029541016E-2;-5.568420410E-2;-9.833052063E0;9.833338356E0
5.433389013E1;1.945953369E-2;-4.296066284E-2;-9.805509338E0;9.805622758E0
5.434393113E1;2.260299683E-2;-3.697311401E-2;-9.820627899E0;9.820723509E0
5.435397212E1;2.799179077E-2;-4.161346436E-2;-9.822124786E0;9.822252824E0
5.436401412E1;1.990859985E-2;-4.445755005E-2;-9.812245331E0;9.812366242E0
5.437405512E1;3.891906738E-2;-4.655319214E-2;-9.803114319E0;9.803302109E0
5.438409613E1;1.945953369E-2;-4.535568237E-2;-9.826765137E0;9.826889074E0
5.439413712E1;5.284011841E-2;-2.260299683E-2;-9.832602997E0;9.832770956E0
5.440417913E1;5.807922363E-2;-2.469863892E-2;-9.821076965E0;9.821279753E0
5.441422012E1;3.861968994E-2;-3.248245239E-2;-9.804611206E0;9.804741072E0
5.442426112E1;2.694396973E-2;-1.481918335E-2;-9.810598755E0;9.810646947E0
5.443430312E1;2.245330811E-3;-8.981323242E-3;-9.837842102E0;9.837846458E0
5.444434413E1;-7.783813477E-3;-3.592529297E-3;-9.811047821E0;9.811051567E0
5.445438513E1;-8.532257080E-3;-2.095642090E-3;-9.773326263E0;9.773330212E0
5.446442612E1;2.080673218E-2;-7.783813477E-3;-9.797276459E0;9.797301645E0
5.447446813E1;6.271957397E-2;-5.987548828E-4;-9.787397003E0;9.787597979E0
5.448450912E1;6.092330933E-2;-5.239105225E-3;-9.776170349E0;9.776361583E0
5.449455013E1;6.915618896E-2;-1.152603149E-2;-9.772727509E0;9.772978992E0
5.450459113E1;5.792953491E-2;-1.975891113E-2;-9.811197510E0;9.811388425E0
5.451463313E1;4.969665527E-2;-1.945953369E-3;-9.821975098E0;9.822101016E0
5.452467413E1;1.646575928E-2;-8.981323242E-4;-9.827962646E0;9.827976481E0
5.453471512E1;1.002914429E-2;4.790039062E-3;-9.766290894E0;9.766297218E0
5.454475712E1;8.532257080E-3;-2.844085693E-3;-9.792187042E0;9.792191172E0
5.455479812E1;3.592529297E-3;8.981323242E-4;-9.809401245E0;9.809401944E0
5.456483913E1;-6.137237549E-3;-4.041595459E-3;-9.813442841E0;9.813445592E0
5.457488013E1;1.586700439E-2;5.987548828E-3;-9.794731750E0;9.794746432E0
5.458492213E1;4.131408691E-2;-1.212478638E-2;-9.805808716E0;9.805903244E0
5.459496312E1;4.595443726E-2;-1.496887207E-4;-9.832004242E0;9.832111637E0
5.460500412E1;7.155120850E-2;8.981323242E-4;-9.858648834E0;9.858908521E0
5.461504612E1;6.047424316E-2;-1.002914429E-2;-9.832303619E0;9.832494708E0
5.462508713E1;5.478607178E-2;-7.484436035E-4;-9.814640350E0;9.814793288E0
5.463512813E1;3.203338623E-2;4.041595459E-3;-9.835746460E0;9.835799454E0
5.464516912E1;2.230361938E-2;3.293151855E-3;-9.841883698E0;9.841909521E0
5.465521113E1;5.239105225E-3;-4.191284180E-3;-9.814640350E0;9.814642644E0
5.466525212E1;-6.137237549E-3;8.981323242E-4;-9.846673737E0;9.846675690E0
5.467529313E1;-6.885681152E-3;-0.000000000E0;-9.852212219E0;9.852214625E0
5.468533413E1;9.131011963E-3;1.496887207E-3;-9.856553192E0;9.856557535E0
5.469537613E1;4.026626587E-2;-2.095642090E-2;-9.866582336E0;9.866686756E0
5.470541713E1;5.598358154E-2;-2.499801636E-2;-9.832752686E0;9.832943834E0
5.471545812E1;3.772155762E-2;-2.125579834E-2;-9.825867004E0;9.825962401E0
5.472550012E1;5.508544922E-2;-8.232879639E-3;-9.818083191E0;9.818241173E0
5.473554112E1;3.293151855E-2;-1.841171265E-2;-9.827064514E0;9.827136940E0
5.474558213E1;3.173400879E-2;-2.170486450E-2;-9.787247314E0;9.787322828E0
5.475562313E1;-7.484436035E-3;-1.197509766E-2;-9.795180817E0;9.795190996E0
5.476566513E1;1.302291870E-2;-6.436614990E-3;-9.808503113E0;9.808513870E0
5.477570612E1;1.242416382E-2;-1.721420288E-2;-9.776619415E0;9.776642465E0
5.478574712E1;3.412902832E-2;-2.559677124E-2;-9.786199493E0;9.786292480E0
5.479578813E1;3.143463135E-2;-3.008743286E-2;-9.814041595E0;9.814138058E0
5.480583013E1;4.161346436E-2;-4.894821167E-2;-9.776769104E0;9.776980194E0
5.481587113E1;3.787124634E-2;-3.787124634E-2;-9.804760895E0;9.804907173E0
5.482591212E1;4.864883423E-2;-3.353027344E-2;-9.789492645E0;9.789670946E0
5.483595413E1;5.418731689E-2;-1.107696533E-2;-9.754315796E0;9.754472595E0
5.484599512E1;2.020797729E-2;2.544708252E-3;-9.799521790E0;9.799542956E0
5.485603613E1;4.535568237E-2;-3.053649902E-2;-9.817185059E0;9.817337322E0
5.486607713E1;8.532257080E-3;-2.439926147E-2;-9.796378326E0;9.796412427E0
5.487611913E1;-5.777984619E-2;-7.783813477E-3;-9.842482452E0;9.842655126E0
5.488615987E1;-8.532257080E-2;-2.694396973E-3;-9.874665527E0;9.875034505E0
5.489620087E1;-7.843688965E-2;-3.263214111E-2;-9.875713348E0;9.876078743E0
5.490624188E1;-5.269042969E-2;-2.769241333E-2;-9.829309845E0;9.829490077E0
5.491628388E1;-3.397933960E-2;-1.736389160E-2;-9.835896149E0;9.835970168E0
5.492632488E1;1.002914429E-2;-2.155517578E-2;-9.826166382E0;9.826195142E0
5.493636587E1;3.861968994E-2;-6.436614990E-3;-9.827962646E0;9.828040633E0
5.494640788E1;6.735992432E-2;-2.649490356E-2;-9.794881439E0;9.795148888E0
5.495644887E1;1.026864624E-1;-2.918930054E-2;-9.771829376E0;9.772412490E0
5.496648988E1;1.139131165E-1;-4.266128540E-2;-9.779762878E0;9.780519319E0
5.497653088E1;1.173559570E-1;-3.323089600E-2;-9.765692139E0;9.766453791E0
5.498657288E1;8.637039185E-2;-3.891906738E-2;-9.746531982E0;9.746992368E0
5.499661388E1;2.933898926E-2;-3.008743286E-2;-9.781559143E0;9.781649416E0
5.500665487E1;4.101470947E-2;-1.796264648E-2;-9.786349182E0;9.786451613E0
5.501669588E1;5.807922363E-2;-3.068618774E-2;-9.799222412E0;9.799442572E0
5.502673787E1;1.065783691E-1;-3.098556519E-2;-9.778116302E0;9.778746212E0
5.503677888E1;1.255888367E-1;-4.101470947E-2;-9.771080933E0;9.771974077E0
5.504681988E1;1.023870850E-1;-3.442840576E-2;-9.754615173E0;9.755213253E0
5.505686188E1;3.532653809E-2;-3.038681030E-2;-9.790989532E0;9.791100416E0
5.506690287E1;1.796264648E-3;-2.664459229E-2;-9.786798248E0;9.786834683E0
5.507694387E1;2.874023438E-2;-2.065704346E-2;-9.782008209E0;9.782072241E0
5.508698488E1;2.679428101E-2;-3.293151855E-3;-9.781110077E0;9.781147331E0
5.509702688E1;9.145980835E-2;-5.538482666E-3;-9.808203735E0;9.808631713E0
5.510706788E1;1.098715210E-1;3.293151855E-3;-9.788594513E0;9.789211671E0
5.511710887E1;1.202000427E-1;-9.430389404E-3;-9.801467743E0;9.802209287E0
5.512714987E1;2.649490356E-2;-5.089416504E-3;-9.852062531E0;9.852099471E0
5.513719187E1;-8.113128662E-2;-5.239105225E-3;-9.917925568E0;9.918258784E0
5.514723288E1;-1.199006653E-1;-6.735992432E-3;-9.869127045E0;9.869857657E0
5.515727388E1;-7.813751221E-2;-2.185455322E-2;-9.812095642E0;9.812431094E0
5.516731588E1;2.395019531E-2;-7.783813477E-3;-9.784103851E0;9.784136261E0
5.517735688E1;1.164578247E-1;-1.197509766E-3;-9.786498871E0;9.787191835E0
5.518739787E1;1.440005493E-1;-1.122665405E-2;-9.757309570E0;9.758378566E0
5.519743888E1;1.469943237E-1;-8.083190918E-3;-9.792187042E0;9.793293610E0
5.520748087E1;1.227447510E-1;-2.320175171E-2;-9.854008484E0;9.854800241E0
5.521752188E1;7.514373779E-2;-1.691482544E-2;-9.852212219E0;9.852513299E0
5.522756288E1;3.906875610E-2;-1.347198486E-2;-9.850415955E0;9.850502644E0
5.523760387E1;1.990859985E-2;-3.233276367E-2;-9.836195526E0;9.836268814E0
5.524764587E1;1.077758789E-2;-2.559677124E-2;-9.811945953E0;9.811985260E0
5.525768687E1;1.661544800E-2;-2.724334717E-2;-9.816586304E0;9.816638169E0
5.526772788E1;6.586303711E-3;-4.355941772E-2;-9.819430389E0;9.819529213E0
5.527776988E1;-1.152603149E-2;-3.128494263E-2;-9.824819183E0;9.824875754E0
5.528781088E1;-9.280700684E-3;1.092727661E-2;-9.827214203E0;9.827224660E0
5.529785187E1;1.960922241E-2;2.469863892E-2;-9.837991791E0;9.838042337E0
5.530789287E1;6.361770630E-2;2.874023438E-2;-9.802066498E0;9.802315076E0
5.531793487E1;5.493576050E-2;2.380050659E-2;-9.784253540E0;9.784436710E0
5.532797588E1;-3.367996216E-2;-9.056167603E-2;-9.897118835E0;9.897590464E0
5.533801688E1;1.945953369E-2;-5.463638306E-2;-9.871072998E0;9.871243384E0
5.534805787E1;7.035369873E-3;-9.280700684E-3;-9.785151672E0;9.785158603E0
5.535809988E1;1.302291870E-2;4.939727783E-3;-9.732610931E0;9.732620898E0
5.536814087E1;4.595443726E-2;8.981323242E-4;-9.753866730E0;9.753975026E0
5.537818188E1;4.775070190E-2;-2.245330811E-3;-9.749376068E0;9.749493263E0
5.538822387E1;6.825805664E-2;-3.203338623E-2;-9.820478210E0;9.820767668E0
5.539826488E1;8.786727905E-2;-4.924758911E-2;-9.837243347E0;9.837759026E0
5.540830588E1;6.780899048E-2;-5.807922363E-2;-9.818083191E0;9.818489130E0
5.541834687E1;2.589614868E-2;-5.328918457E-2;-9.842183075E0;9.842361405E0
5.542838887E1;1.107696533E-2;-4.879852295E-2;-9.842931519E0;9.843058715E0
5.543842987E1;8.532257080E-3;-5.089416504E-2;-9.790540466E0;9.790676465E0
5.544847088E1;2.484832764E-2;-3.891906738E-2;-9.805808716E0;9.805917433E0
5.545851288E1;3.308120728E-2;-3.158432007E-2;-9.814191284E0;9.814297861E0
5.546855388E1;2.140548706E-2;-1.646575928E-2;-9.839937744E0;9.839974803E0
5.547859487E1;6.676116943E-2;-2.200424194E-2;-9.847871246E0;9.848122122E0
5.548863587E1;5.733078003E-2;-1.856140137E-2;-9.850116577E0;9.850300905E0
5.549867787E1;5.298980713E-2;-1.302291870E-2;-9.855505371E0;9.855656428E0
5.550871888E1;5.179229736E-2;-2.395019531E-3;-9.861193542E0;9.861329842E0
5.551875988E1;3.847000122E-2;-9.729766846E-3;-9.825118561E0;9.825198692E0
5.552880087E1;1.347198486E-2;1.437011719E-2;-9.814041595E0;9.814061363E0
5.553884288E1;-7.933502197E-3;1.017883301E-2;-9.804611206E0;9.804619699E0
5.554888387E1;-9.580078125E-3;2.005828857E-2;-9.823921051E0;9.823946199E0
5.555892488E1;-6.137237549E-3;-8.981323242E-4;-9.807754669E0;9.807756631E0
5.556896588E1;2.844085693E-2;-5.837860107E-3;-9.813592529E0;9.813635478E0
5.557900788E1;4.460723877E-2;-1.945953369E-3;-9.833351440E0;9.833452809E0
5.558904888E1;1.796264648E-2;3.173400879E-2;-9.821376343E0;9.821444037E0
5.559908987E1;2.424957275E-2;4.805007935E-2;-9.798623657E0;9.798771475E0
5.560913187E1;1.796264648E-2;6.750961304E-2;-9.770482178E0;9.770731917E0
5.561917287E1;-1.077758789E-2;7.110214233E-2;-9.769584045E0;9.769848724E0
5.562921388E1;2.544708252E-3;3.667373657E-2;-9.781259766E0;9.781328848E0
5.563925488E1;-3.442840576E-3;1.841171265E-2;-9.782756653E0;9.782774585E0
5.564929688E1;-2.395019531E-3;-8.532257080E-3;-9.794881439E0;9.794885448E0
5.565933787E1;-1.047821045E-2;-6.735992432E-3;-9.776469727E0;9.776477662E0
5.566937887E1;-8.382568359E-3;-1.886077881E-2;-9.803862762E0;9.803884488E0
5.567941988E1;3.832031250E-2;-3.622467041E-2;-9.808203735E0;9.808345487E0
5.568946188E1;5.343887329E-2;-2.155517578E-2;-9.780661011E0;9.780830749E0
5.569950288E1;5.897735596E-2;-1.466949463E-2;-9.782606964E0;9.782795742E0
5.570954387E1;2.903961182E-2;1.317260742E-2;-9.811646576E0;9.811698393E0
5.571958588E1;3.562591553E-2;2.185455322E-2;-9.799671478E0;9.799760605E0
5.572962687E1;1.766326904E-2;3.891906738E-3;-9.779463501E0;9.779480227E0
5.573966788E1;2.365081787E-2;9.131011963E-3;-9.819729767E0;9.819762494E0
5.574970888E1;2.230361938E-2;6.137237549E-3;-9.834099884E0;9.834127091E0
5.575975088E1;1.646575928E-3;7.484436035E-3;-9.835447083E0;9.835450068E0
5.576979188E1;1.736389160E-2;-5.538482666E-3;-9.812395020E0;9.812411946E0
5.577983287E1;2.589614868E-2;4.790039062E-3;-9.836794281E0;9.836829534E0
5.578987388E1;2.095642090E-2;-2.365081787E-2;-9.807754669E0;9.807805574E0
5.579991587E1;6.825805664E-2;-6.017486572E-2;-9.835297394E0;9.835718327E0
5.580995688E1;9.430389404E-2;-7.229965210E-2;-9.812245331E0;9.812964837E0
5.581999788E1;7.185058594E-2;-6.511459351E-2;-9.838590546E0;9.839068368E0
5.583003988E1;5.748046875E-2;-7.634124756E-2;-9.865833893E0;9.866296691E0
5.584008087E1;5.209167480E-2;-8.068222046E-2;-9.885293427E0;9.885759925E0
5.585012187E1;2.784210205E-2;-9.011260986E-2;-9.838440857E0;9.838892924E0
5.586016288E1;2.350112915E-2;-8.427474976E-2;-9.847422180E0;9.847810829E0
5.587020488E1;-8.083190918E-3;-6.706054688E-2;-9.836195526E0;9.836427445E0
5.588024650E1;3.891906738E-3;-8.053253174E-2;-9.828711090E0;9.829041781E0
5.589028750E1;8.831634521E-3;-5.987548828E-2;-9.805659027E0;9.805845809E0
5.590032850E1;1.841171265E-2;-4.535568237E-2;-9.790690155E0;9.790812522E0
5.591037050E1;3.397933960E-2;-1.826202393E-2;-9.809550934E0;9.809626783E0
5.592041150E1;5.583389282E-2;3.592529297E-3;-9.828112335E0;9.828271588E0
5.593045250E1;4.116439819E-2;8.202941895E-2;-9.766440582E0;9.766871811E0
5.594049450E1;4.610412598E-2;1.582209778E-1;-9.758058014E0;9.759449558E0
5.595053550E1;2.933898926E-2;1.683998108E-1;-9.768386536E0;9.769882025E0
5.596057650E1;6.885681152E-3;1.249900818E-1;-9.744286652E0;9.745090676E0
5.597061750E1;7.185058594E-3;5.448669434E-2;-9.745933228E0;9.746088185E0
5.598065950E1;-7.634124756E-3;-2.080673218E-2;-9.780511322E0;9.780536433E0
5.599070050E1;-5.688171387E-3;-5.508544922E-2;-9.792935486E0;9.793092065E0
5.600074150E1;1.736389160E-2;-1.013392639E-1;-9.799821167E0;9.800360506E0
5.601078250E1;7.125183105E-2;-1.067280579E-1;-9.777218170E0;9.778060280E0
5.602082450E1;8.906478882E-2;-8.158035278E-2;-9.788744202E0;9.789489309E0
5.603086550E1;6.481521606E-2;-5.493576050E-2;-9.802964630E0;9.803332826E0
5.604090650E1;1.032852173E-2;-3.802093506E-2;-9.814041595E0;9.814120679E0
5.605094850E1;8.831634521E-3;4.490661621E-3;-9.815388794E0;9.815393794E0
5.606098950E1;3.053649902E-2;-2.993774414E-4;-9.788893890E0;9.788941524E0
5.607103050E1;5.164260864E-2;1.062789917E-2;-9.798773346E0;9.798915195E0
5.608107150E1;7.334747314E-3;3.652404785E-2;-9.823471985E0;9.823542622E0
5.609111350E1;-6.735992432E-3;2.454895020E-2;-9.806856537E0;9.806889576E0
5.610115450E1;6.137237549E-3;2.395019531E-2;-9.806407471E0;9.806438638E0
5.611119550E1;2.185455322E-2;-7.035369873E-3;-9.814041595E0;9.814068451E0
5.612123650E1;5.478607178E-2;-2.544708252E-3;-9.846374359E0;9.846527104E0
5.613127850E1;5.044509888E-2;-3.802093506E-2;-9.793085175E0;9.793288903E0
5.614131950E1;3.083587646E-2;-4.445755005E-2;-9.772577820E0;9.772727591E0
5.615136050E1;2.993774414E-2;-4.565505981E-2;-9.796827393E0;9.796979515E0
5.616140250E1;4.251159668E-2;-6.885681152E-2;-9.816286926E0;9.816620473E0
5.617144350E1;3.382965088E-2;-5.448669434E-2;-9.800569611E0;9.800779456E0
5.618148450E1;3.652404785E-2;-4.790039063E-2;-9.795929260E0;9.796114461E0
5.619152550E1;2.020797729E-2;-1.751358032E-2;-9.802964630E0;9.803001103E0
5.620156750E1;3.712280273E-2;-1.392105103E-2;-9.828711090E0;9.828791054E0
5.621160850E1;4.191284180E-2;1.721420288E-2;-9.806407471E0;9.806512147E0
5.622164950E1;4.340972900E-2;2.245330811E-3;-9.777068481E0;9.777165107E0
5.623169050E1;2.993774414E-3;2.514770508E-2;-9.825268250E0;9.825300888E0
5.624173250E1;1.916015625E-2;3.442840576E-3;-9.818681946E0;9.818701244E0
5.625177350E1;2.709365845E-2;-1.122665405E-2;-9.796228638E0;9.796272537E0
5.626181450E1;5.284011841E-2;-3.562591553E-2;-9.771529999E0;9.771737809E0
5.627185550E1;4.984634399E-2;-2.874023438E-2;-9.804611206E0;9.804780036E0
5.628189750E1;3.817062378E-2;-3.532653809E-2;-9.799970856E0;9.800108863E0
5.629193850E1;1.451980591E-2;-2.350112915E-2;-9.824070740E0;9.824109579E0
5.630197950E1;1.032852173E-2;-2.874023438E-2;-9.834548950E0;9.834596369E0
5.631202150E1;8.232879639E-3;6.436614990E-3;-9.838141479E0;9.838147030E0
5.632206250E1;2.065704346E-2;8.981323242E-3;-9.820627899E0;9.820653731E0
5.633210350E1;4.805007935E-2;2.694396973E-3;-9.833052063E0;9.833169832E0
5.634214450E1;7.185058594E-2;-2.245330811E-3;-9.802665253E0;9.802928828E0
5.635218650E1;5.912704468E-2;-3.442840576E-3;-9.823172607E0;9.823351156E0
5.636222750E1;2.005828857E-2;3.891906738E-3;-9.852960663E0;9.852981848E0
5.637226850E1;1.422042847E-2;-5.388793945E-3;-9.880353699E0;9.880365402E0
5.638230950E1;8.532257080E-3;-2.993774414E-3;-9.842183075E0;9.842187229E0
5.639235150E1;1.766326904E-2;-5.538482666E-3;-9.851164398E0;9.851181790E0
5.640239250E1;3.248245239E-2;-9.131011963E-3;-9.856553192E0;9.856610945E0
5.641243350E1;4.790039063E-2;-3.053649902E-2;-9.855355682E0;9.855519395E0
5.642247550E1;2.948867798E-2;-2.784210205E-2;-9.844877472E0;9.844961006E0
5.643251650E1;2.918930054E-2;-2.529739380E-2;-9.833800507E0;9.833876366E0
5.644255750E1;7.634124756E-3;-1.826202393E-2;-9.852960663E0;9.852980544E0
5.645259850E1;5.194198608E-2;-1.362167358E-2;-9.854158173E0;9.854304481E0
5.646264050E1;7.334747314E-2;-2.454895020E-2;-9.814041595E0;9.814346384E0
5.647268150E1;4.745132446E-2;-1.122665405E-2;-9.803413696E0;9.803534963E0
5.648272250E1;3.023712158E-2;-4.939727783E-3;-9.816735992E0;9.816783803E0
5.649276350E1;7.933502197E-3;1.377136230E-2;-9.836045837E0;9.836058677E0
5.650280550E1;2.993774414E-3;2.395019531E-3;-9.816436615E0;9.816437364E0
5.651284650E1;1.721420288E-2;-2.395019531E-3;-9.807604980E0;9.807620380E0
5.652288750E1;2.260299683E-2;3.143463135E-3;-9.805659027E0;9.805685582E0
5.653292950E1;1.930984497E-2;-1.182540894E-2;-9.814191284E0;9.814217405E0
5.654297050E1;2.679428101E-2;-1.032852173E-2;-9.808054047E0;9.808096084E0
5.655301150E1;-8.981323242E-4;-1.586700439E-2;-9.815388794E0;9.815401660E0
5.656305250E1;1.496887207E-2;-2.963836670E-2;-9.818831635E0;9.818887776E0
5.657309450E1;4.116439819E-2;-4.879852295E-2;-9.816137238E0;9.816344843E0
5.658313550E1;4.864883423E-2;-4.894821167E-2;-9.797126770E0;9.797369830E0
5.659317650E1;5.119354248E-2;-4.954696655E-2;-9.792935486E0;9.793194633E0
5.660321750E1;5.792953491E-2;-5.448669434E-2;-9.787397003E0;9.787720099E0
5.661325950E1;3.158432007E-2;-4.071533203E-2;-9.814191284E0;9.814326562E0
5.662330050E1;3.562591553E-2;-4.640350342E-2;-9.811496887E0;9.811671298E0
5.663334150E1;5.852828979E-2;-5.703140259E-2;-9.797426147E0;9.797766953E0
5.664338250E1;5.388793945E-2;-5.104385376E-2;-9.814640350E0;9.814921018E0
5.665342450E1;3.742218018E-2;-4.655319214E-2;-9.834698639E0;9.834880016E0
5.666346550E1;3.218307495E-2;-4.640350342E-2;-9.819879456E0;9.820041831E0
5.667350650E1;4.026626587E-2;-3.652404785E-2;-9.813891907E0;9.814042477E0
5.668354850E1;2.814147949E-2;-3.442840576E-2;-9.836195526E0;9.836296035E0
5.669358950E1;5.418731689E-2;-4.490661621E-2;-9.844578094E0;9.844829644E0
5.670363050E1;2.065704346E-2;-2.933898926E-2;-9.831704865E0;9.831770341E0
5.671367150E1;3.143463135E-2;-1.646575928E-2;-9.820178833E0;9.820242949E0
5.672371350E1;2.499801636E-2;-7.334747314E-3;-9.834249573E0;9.834284080E0
5.673375450E1;1.631607056E-2;2.095642090E-3;-9.847122803E0;9.847136543E0
5.674379550E1;1.916015625E-2;-1.182540894E-2;-9.819580078E0;9.819605891E0
5.675383650E1;1.302291870E-2;7.035369873E-3;-9.765692139E0;9.765703356E0
5.676387850E1;9.131011963E-3;-3.442840576E-3;-9.801318054E0;9.801322912E0
5.677391950E1;4.281097412E-2;1.347198486E-2;-9.789941711E0;9.790044586E0
5.678396050E1;4.984634399E-2;1.317260742E-2;-9.781259766E0;9.781395646E0
5.679400250E1;4.939727783E-2;-3.442840576E-3;-9.781409454E0;9.781534791E0
5.680404350E1;4.176315308E-2;-5.987548828E-4;-9.819729767E0;9.819818594E0
5.681408450E1;3.338058472E-2;9.879455566E-3;-9.791438599E0;9.791500482E0
5.682412550E1;4.266128540E-2;-1.002914429E-2;-9.783954163E0;9.784052311E0
5.683416750E1;4.236190796E-2;-4.191284180E-3;-9.767039337E0;9.767132103E0
5.684420850E1;2.918930054E-2;1.002914429E-2;-9.765841827E0;9.765890599E0
5.685424950E1;-9.580078125E-3;2.484832764E-2;-9.787696381E0;9.787732611E0
5.686429050E1;1.362167358E-2;5.987548828E-4;-9.808952179E0;9.808961655E0
5.687433250E1;1.706451416E-2;-1.781295776E-2;-9.797126770E0;9.797157825E0
5.688437317E1;1.152603149E-2;-2.439926147E-2;-9.796378326E0;9.796415492E0
5.689441417E1;-1.481918335E-2;-6.286926270E-3;-9.837692413E0;9.837705584E0
5.690445617E1;-1.766326904E-2;-2.514770508E-2;-9.829908600E0;9.829956637E0
5.691449717E1;4.041595459E-3;-3.742218018E-2;-9.795031128E0;9.795103448E0
5.692453817E1;3.996688843E-2;-2.769241333E-2;-9.793534241E0;9.793654943E0
5.693457917E1;8.038284302E-2;-3.128494263E-2;-9.795929260E0;9.796309010E0
5.694462117E1;6.227050781E-2;-4.131408691E-2;-9.792336731E0;9.792621872E0
5.695466217E1;7.469467163E-2;-3.173400879E-2;-9.796528015E0;9.796864166E0
5.696470317E1;6.032455444E-2;-1.736389160E-2;-9.818532257E0;9.818732924E0
5.697474417E1;3.817062378E-2;-1.960922241E-2;-9.824968872E0;9.825062588E0
5.698478617E1;1.826202393E-2;-1.856140137E-2;-9.850415955E0;9.850450371E0
5.699482717E1;7.933502197E-3;-2.365081787E-2;-9.801767120E0;9.801798865E0
5.700486817E1;-6.586303711E-3;-9.430389404E-3;-9.814340973E0;9.814347714E0
5.701490917E1;1.302291870E-2;-1.182540894E-2;-9.834399261E0;9.834414994E0
5.702495117E1;1.721420288E-2;2.095642090E-3;-9.826914825E0;9.826930126E0
5.703499217E1;3.083587646E-2;7.484436035E-4;-9.811945953E0;9.811994436E0
5.704503317E1;6.451583862E-2;-9.729766846E-3;-9.837692413E0;9.837908771E0
5.705507517E1;4.670288086E-2;-1.751358032E-2;-9.843530273E0;9.843656644E0
5.706511617E1;2.829116821E-2;-1.212478638E-2;-9.839338989E0;9.839387133E0
5.707515717E1;3.083587646E-2;-9.131011963E-3;-9.829908600E0;9.829961206E0
5.708519817E1;1.736389160E-2;-1.766326904E-2;-9.807754669E0;9.807785945E0
5.709524017E1;9.729766846E-3;-1.796264648E-2;-9.801318054E0;9.801339343E0
5.710528117E1;4.206253052E-2;-9.430389404E-3;-9.808353424E0;9.808448148E0
5.711532217E1;3.173400879E-2;-3.233276367E-2;-9.804611206E0;9.804715873E0
5.712536317E1;5.029541016E-2;-4.101470947E-2;-9.798923035E0;9.799137945E0
5.713540517E1;3.832031250E-2;-2.754272461E-2;-9.810598755E0;9.810712256E0
5.714544617E1;4.340972900E-2;-1.152603149E-2;-9.820777588E0;9.820880291E0
5.715548717E1;1.871109009E-2;-5.987548828E-3;-9.812245331E0;9.812264998E0
5.716552917E1;5.403762817E-2;-2.185455322E-2;-9.773326263E0;9.773500086E0
5.717557017E1;3.951782227E-2;-8.382568359E-3;-9.769584045E0;9.769667566E0
5.718561117E1;4.415817261E-2;-1.975891113E-2;-9.771679688E0;9.771799439E0
5.719565217E1;4.281097412E-2;-4.790039062E-3;-9.799072723E0;9.799167412E0
5.720569417E1;5.313949585E-2;-3.218307495E-2;-9.782457275E0;9.782654543E0
5.721573517E1;3.772155762E-2;-2.260299683E-2;-9.778715057E0;9.778813935E0
5.722577617E1;3.143463135E-2;-2.095642090E-2;-9.787846069E0;9.787918981E0
5.723581717E1;4.266128540E-2;-1.841171265E-2;-9.815089417E0;9.815199398E0
5.724585917E1;2.784210205E-2;-3.083587646E-2;-9.817035370E0;9.817123280E0
5.725590017E1;2.454895020E-2;-8.981323242E-3;-9.818681946E0;9.818716742E0
5.726594117E1;1.092727661E-2;-1.437011719E-2;-9.809700623E0;9.809717234E0
5.727598217E1;3.517684937E-2;-1.062789917E-2;-9.812544708E0;9.812613516E0
5.728602417E1;2.514770508E-2;-1.796264648E-3;-9.816286926E0;9.816319303E0
5.729606517E1;3.233276367E-2;-1.377136230E-2;-9.827513580E0;9.827576417E0
5.730610617E1;2.933898926E-2;8.831634521E-3;-9.826316071E0;9.826363839E0
5.731614817E1;5.987548828E-4;2.993774414E-3;-9.833501129E0;9.833501603E0
5.732618917E1;2.499801636E-2;-5.508544922E-2;-9.856403503E0;9.856589133E0
5.733623017E1;4.685256958E-2;-3.008743286E-2;-9.860445099E0;9.860602312E0
5.734627117E1;2.260299683E-2;4.490661621E-3;-9.803713074E0;9.803740158E0
5.735631317E1;4.131408691E-2;-2.694396973E-2;-9.805209961E0;9.805334018E0
5.736635417E1;7.274871826E-2;-2.395019531E-3;-9.782307587E0;9.782578384E0
5.737639517E1;3.772155762E-2;2.350112915E-2;-9.775421906E0;9.775522935E0
5.738643617E1;2.799179077E-2;3.442840576E-3;-9.796378326E0;9.796418923E0
5.739647817E1;4.266128540E-2;1.047821045E-2;-9.811646576E0;9.811744917E0
5.740651917E1;3.951782227E-2;-1.197509766E-3;-9.806407471E0;9.806487168E0
5.741656017E1;3.053649902E-2;-7.783813477E-3;-9.807754669E0;9.807805296E0
5.742660117E1;-7.634124756E-3;-8.981323242E-3;-9.808952179E0;9.808959261E0
5.743664317E1;-1.405577087E-1;1.227447510E-2;-9.855205994E0;9.856215922E0
5.744668417E1;-2.618055725E-1;2.335144043E-2;-9.858648834E0;9.862152112E0
5.745672517E1;-2.242337036E-1;3.173400879E-2;-9.830058289E0;9.832666666E0
5.746676717E1;-3.847000122E-2;-4.939727783E-3;-9.808353424E0;9.808430111E0
5.747680817E1;5.807922363E-2;-1.691482544E-2;-9.789193268E0;9.789380172E0
5.748684917E1;1.438508606E-1;-3.891906738E-2;-9.760752411E0;9.761889950E0
5.749689017E1;2.426454163E-1;-5.074447632E-2;-9.714348907E0;9.717511332E0
5.750693217E1;3.351530457E-1;-6.526428223E-2;-9.730515289E0;9.736504238E0
5.751697317E1;3.782633972E-1;-1.037342834E-1;-9.714648285E0;9.722563206E0
5.752701417E1;3.680845642E-1;-7.214996338E-2;-9.713301086E0;9.720540616E0
5.753705517E1;-1.411564636E-1;7.484436035E-4;-9.858948212E0;9.859958699E0
5.754709717E1;-7.283853149E-1;3.502716064E-2;-1.001417542E1;1.004069128E1
5.755713817E1;-3.212319946E-1;-4.819976807E-2;-9.859696655E0;9.865045937E0
5.756717917E1;3.637435913E-1;-1.323248291E-1;-9.664951630E0;9.672699172E0
5.757722117E1;5.258564758E-1;-1.218466187E-1;-9.638606415E0;9.653709404E0
5.758726217E1;1.742376709E-1;-8.607101440E-2;-9.801318054E0;9.803244493E0
5.759730317E1;-2.454895020E-1;2.275268555E-2;-9.903405762E0;9.906474068E0
5.760734417E1;-2.315684509E-1;3.966751099E-2;-9.940229187E0;9.943005267E0
5.761738617E1;1.335223389E-1;-1.242416382E-2;-9.841284943E0;9.842198530E0
5.762742717E1;3.129991150E-1;1.332229614E-2;-9.802365875E0;9.807370834E0
5.763746817E1;8.128097534E-2;5.837860107E-3;-9.822873230E0;9.823211245E0
5.764750917E1;-1.327738953E-1;3.248245239E-2;-9.873767395E0;9.874713494E0
5.765755117E1;-9.535171509E-2;-6.735992432E-3;-9.804611206E0;9.805077166E0
5.766759217E1;3.233276367E-2;-7.933502197E-2;-9.760602722E0;9.760978688E0
5.767763317E1;1.061293030E-1;-4.520599365E-2;-9.762848053E0;9.763529542E0
5.768767417E1;4.805007935E-2;-1.017883301E-2;-9.798473969E0;9.798597069E0
5.769771617E1;-4.520599365E-2;2.544708252E-2;-9.825717316E0;9.825854258E0
5.770775717E1;4.191284180E-3;-1.811233521E-2;-9.839189301E0;9.839206864E0
5.771779817E1;7.619155884E-2;-1.167572021E-2;-9.830058289E0;9.830360494E0
5.772784017E1;1.076261902E-1;-2.230361938E-2;-9.807904358E0;9.808520212E0
5.773788117E1;7.304809570E-2;-1.811233521E-2;-9.797725525E0;9.798014571E0
5.774792217E1;-7.484436035E-4;-1.481918335E-2;-9.793234863E0;9.793246104E0
5.775796317E1;-5.792953491E-2;-6.436614990E-3;-9.817484436E0;9.817657455E0
5.776800517E1;1.496887207E-3;-2.320175171E-2;-9.772727509E0;9.772755165E0
5.777804617E1;1.011895752E-1;-2.290237427E-2;-9.732311554E0;9.732864534E0
5.778808717E1;1.481918335E-1;-1.062789917E-2;-9.761650543E0;9.762781115E0
5.779812817E1;1.007405090E-1;3.293151855E-3;-9.822274475E0;9.822791628E0
5.780817017E1;-8.831634521E-3;7.933502197E-3;-9.870025177E0;9.870032317E0
5.781821117E1;-2.110610962E-2;1.556762695E-2;-9.843679962E0;9.843714899E0
5.782825217E1;2.993774414E-3;2.679428101E-2;-9.786349182E0;9.786386320E0
5.783829317E1;7.589218140E-2;1.841171265E-2;-9.745484161E0;9.745797051E0
5.784833517E1;1.044827271E-1;-1.347198486E-3;-9.769883423E0;9.770442188E0
5.785837617E1;5.358856201E-2;-1.002914429E-2;-9.804311829E0;9.804463410E0
5.786841717E1;-1.496887207E-4;9.879455566E-3;-9.874216461E0;9.874221405E0
5.787845917E1;-3.532653809E-2;1.930984497E-2;-9.895472260E0;9.895554157E0
5.788850042E1;-2.978805542E-2;2.649490356E-2;-9.884395294E0;9.884475689E0
5.789854142E1;3.233276367E-2;-3.742218018E-3;-9.858948212E0;9.859001940E0
5.790858242E1;1.083746338E-1;-3.637435913E-2;-9.842332764E0;9.842996616E0
5.791862442E1;9.490264893E-2;-4.355941772E-2;-9.826914825E0;9.827469609E0
5.792866542E1;5.837860107E-2;-2.993774414E-2;-9.841135254E0;9.841353942E0
5.793870642E1;2.948867798E-2;-2.649490356E-2;-9.846374359E0;9.846454163E0
5.794874742E1;3.293151855E-3;-2.439926147E-2;-9.873468018E0;9.873498714E0
5.795878942E1;-8.981323242E-3;-1.496887207E-2;-9.849966888E0;9.849982357E0
5.796883042E1;3.068618774E-2;-3.263214111E-2;-9.859846344E0;9.859948094E0
5.797887142E1;3.338058472E-2;-6.735992432E-3;-9.824968872E0;9.825027887E0
5.798891342E1;4.640350342E-2;-1.332229614E-2;-9.826166382E0;9.826284981E0
5.799895442E1;3.233276367E-2;2.993774414E-3;-9.817484436E0;9.817538134E0
5.800899542E1;2.005828857E-2;-1.122665405E-2;-9.791887665E0;9.791914645E0
5.801903642E1;2.574645996E-2;-1.242416382E-2;-9.781858521E0;9.781900294E0
5.802907842E1;1.496887207E-3;1.646575928E-3;-9.797575836E0;9.797576089E0
5.803911942E1;-4.041595459E-3;-5.089416504E-3;-9.818831635E0;9.818833785E0
5.804916042E1;-1.422042847E-2;-2.095642090E-3;-9.818532257E0;9.818542779E0
5.805920142E1;-6.885681152E-3;-2.275268555E-2;-9.809550934E0;9.809579737E0
5.806924342E1;1.960922241E-2;-3.966751099E-2;-9.807754669E0;9.807854489E0
5.807928442E1;5.733078003E-2;-5.224136353E-2;-9.810449066E0;9.810755672E0
5.808932542E1;6.691085815E-2;-5.373825073E-2;-9.788145447E0;9.788521653E0
5.809936642E1;8.861572266E-2;-8.861572266E-2;-9.776020660E0;9.776823894E0
5.810940842E1;7.694000244E-2;-1.055305481E-1;-9.800569611E0;9.801439749E0
5.811944942E1;4.909790039E-2;-8.996292114E-2;-9.838590546E0;9.839124344E0
5.812949042E1;2.110610962E-2;-6.885681152E-2;-9.834848328E0;9.835112015E0
5.813953242E1;2.888992310E-2;-4.340972900E-2;-9.862690430E0;9.862828273E0
5.814957342E1;3.577560425E-2;-6.376739502E-2;-9.839039612E0;9.839311290E0
5.815961442E1;2.380050659E-2;-5.119354248E-2;-9.823921051E0;9.824083268E0
5.816965542E1;-6.137237549E-3;-4.535568237E-2;-9.818681946E0;9.818788620E0
5.817969742E1;2.035766602E-2;-4.026626587E-2;-9.826016693E0;9.826120285E0
5.818973842E1;1.197509766E-2;-3.682342529E-2;-9.802216187E0;9.802292667E0
5.819977942E1;6.137237549E-2;-2.200424194E-2;-9.806856537E0;9.807073258E0
5.820982042E1;8.771759033E-2;-1.332229614E-2;-9.833351440E0;9.833751696E0
5.821986242E1;8.816665649E-2;4.340972900E-3;-9.837842102E0;9.838238126E0
5.822990342E1;7.589218140E-2;1.586700439E-2;-9.854607239E0;9.854912238E0
5.823994442E1;6.152206421E-2;2.290237427E-2;-9.822124786E0;9.822344160E0
5.824998542E1;3.382965088E-2;2.140548706E-2;-9.812395020E0;9.812476683E0
5.826002742E1;3.128494263E-2;3.323089600E-2;-9.833351440E0;9.833457357E0
5.827006842E1;1.736389160E-2;1.511856079E-2;-9.764045563E0;9.764072707E0
5.828010942E1;-1.107696533E-2;4.640350342E-3;-9.798473969E0;9.798481328E0
5.829015142E1;-5.688171387E-3;1.302291870E-2;-9.808203735E0;9.808214030E0
5.830019242E1;-3.891906738E-2;5.164260864E-2;-9.802066498E0;9.802279800E0
5.831023342E1;-3.936813354E-2;7.319778442E-2;-9.799072723E0;9.799425187E0
5.832027442E1;7.185058594E-3;5.463638306E-2;-9.802066498E0;9.802221401E0
5.833031642E1;1.032852173E-2;3.697311401E-2;-9.802066498E0;9.802141670E0
5.834035742E1;1.466949463E-2;1.616638184E-2;-9.791288910E0;9.791313245E0
5.835039842E1;2.424957275E-2;-1.122665405E-2;-9.814939728E0;9.814976105E0
5.836043942E1;1.107696533E-2;-4.191284180E-2;-9.786648560E0;9.786744577E0
5.837048142E1;8.831634521E-3;-2.080673218E-2;-9.785001984E0;9.785028091E0
5.838052242E1;-4.490661621E-3;-2.110610962E-2;-9.782606964E0;9.782630763E0
5.839056342E1;-1.451980591E-2;5.089416504E-3;-9.781559143E0;9.781571244E0
5.840060442E1;-1.092727661E-2;1.317260742E-2;-9.782307587E0;9.782322559E0
5.841064642E1;1.332229614E-2;1.751358032E-2;-9.754465485E0;9.754490304E0
5.842068742E1;5.029541016E-2;1.332229614E-2;-9.734107819E0;9.734246871E0
5.843072842E1;8.068222046E-2;-1.032852173E-2;-9.734107819E0;9.734447664E0
5.844076942E1;8.053253174E-2;-2.933898926E-2;-9.752968597E0;9.753345207E0
5.845081142E1;4.101470947E-2;-4.490661621E-2;-9.793983307E0;9.794172136E0
5.846085242E1;4.550537109E-2;-4.924758911E-2;-9.824370117E0;9.824598937E0
5.847089342E1;4.625381470E-2;-5.298980713E-2;-9.819729767E0;9.819981672E0
5.848093542E1;5.613327026E-2;-7.933502197E-2;-9.810149689E0;9.810631066E0
5.849097642E1;3.083587646E-2;-7.813751221E-2;-9.833650818E0;9.834009596E0
5.850101742E1;-2.095642090E-3;-4.610412598E-2;-9.824370117E0;9.824478520E0
5.851105842E1;-1.152603149E-2;-5.733078003E-2;-9.831255798E0;9.831429715E0
5.852110042E1;2.245330811E-2;-5.269042969E-2;-9.800569611E0;9.800736968E0
5.853114142E1;6.256988525E-2;-8.382568359E-3;-9.815239105E0;9.815442117E0
5.854118242E1;6.706054688E-2;2.993774414E-2;-9.802365875E0;9.802640978E0
5.855122342E1;9.370513916E-2;5.298980713E-2;-9.806706848E0;9.807297680E0
5.856126542E1;9.370513916E-2;5.298980713E-2;-9.794731750E0;9.795323304E0
5.857130642E1;3.697311401E-2;3.712280273E-2;-9.829908600E0;9.830048230E0
5.858134742E1;1.541793823E-2;1.721420288E-2;-9.836345215E0;9.836372361E0
5.859138842E1;-1.541793823E-2;-2.110610962E-2;-9.828112335E0;9.828147092E0
5.860143042E1;-9.430389404E-3;-5.149291992E-2;-9.796528015E0;9.796667883E0
5.861147142E1;4.251159668E-2;-5.269042969E-2;-9.784702606E0;9.784936822E0
5.862151242E1;5.433700562E-2;-4.745132446E-2;-9.774074707E0;9.774340925E0
5.863155442E1;9.116043091E-2;-6.182144165E-2;-9.795330505E0;9.795949766E0
5.864159542E1;8.008346558E-2;-3.861968994E-2;-9.785001984E0;9.785405902E0
5.865163642E1;2.859054565E-2;-1.706451416E-2;-9.831255798E0;9.831312180E0
5.866167742E1;-5.239105225E-3;1.017883301E-2;-9.828411713E0;9.828418380E0
5.867171942E1;-8.681945801E-3;-4.490661621E-4;-9.811347198E0;9.811351050E0
5.868176042E1;3.008743286E-2;-8.831634521E-3;-9.778116302E0;9.778166581E0
5.869180142E1;5.568420410E-2;5.987548828E-4;-9.786798248E0;9.786956679E0
5.870184242E1;7.499404907E-2;5.688171387E-3;-9.765243073E0;9.765532690E0
5.871188442E1;5.957611084E-2;1.826202393E-2;-9.776469727E0;9.776668304E0
5.872192542E1;2.829116821E-2;2.529739380E-2;-9.787247314E0;9.787320897E0
5.873196642E1;1.751358032E-2;1.916015625E-2;-9.810748444E0;9.810782785E0
5.874200742E1;1.930984497E-2;-1.137634277E-2;-9.836943970E0;9.836969501E0
5.875204942E1;3.323089600E-2;-3.817062378E-2;-9.805060272E0;9.805190882E0
5.876209042E1;4.146377563E-2;-4.894821167E-2;-9.785301361E0;9.785511632E0
5.877213142E1;2.709365845E-2;-5.104385376E-2;-9.816137238E0;9.816307341E0
5.878217342E1;7.933502197E-3;-3.951782227E-2;-9.815837860E0;9.815920614E0
5.879221442E1;3.547622681E-2;-3.248245239E-2;-9.839937744E0;9.840055309E0
5.880225542E1;3.936813354E-2;-2.589614868E-2;-9.829758911E0;9.829871856E0
5.881229642E1;2.005828857E-2;-2.529739380E-2;-9.801018677E0;9.801071849E0
5.882233842E1;3.562591553E-2;-2.140548706E-2;-9.820627899E0;9.820715846E0
5.883237942E1;2.395019531E-2;1.945953369E-3;-9.812245331E0;9.812274753E0
5.884242042E1;3.278182983E-2;3.293151855E-3;-9.798024902E0;9.798080296E0
5.885246142E1;2.769241333E-2;-2.544708252E-3;-9.813891907E0;9.813931307E0
5.886250342E1;1.975891113E-2;-8.831634521E-3;-9.839039612E0;9.839063416E0
5.887254442E1;2.859054565E-2;-2.200424194E-2;-9.843380585E0;9.843446700E0
5.888258500E1;3.382965088E-2;-2.290237427E-2;-9.861193542E0;9.861278165E0
5.889262600E1;3.951782227E-2;-2.125579834E-2;-9.840536499E0;9.840638803E0
5.890266800E1;3.562591553E-2;-2.724334717E-2;-9.847122803E0;9.847224934E0
5.891270900E1;2.784210205E-2;-3.412902832E-2;-9.822573853E0;9.822672603E0
5.892275000E1;3.832031250E-2;-3.697311401E-2;-9.809550934E0;9.809695458E0
5.893279200E1;5.328918457E-2;-2.469863892E-2;-9.798473969E0;9.798650002E0
5.894283300E1;2.874023438E-2;-5.239105225E-3;-9.823921051E0;9.823964488E0
5.895287400E1;3.338058472E-2;3.891906738E-3;-9.810299377E0;9.810356940E0
5.896291500E1;2.544708252E-3;-1.047821045E-2;-9.815987549E0;9.815993471E0
5.897295700E1;2.140548706E-2;-2.290237427E-2;-9.793085175E0;9.793135348E0
5.898299800E1;3.023712158E-2;-1.811233521E-2;-9.791737976E0;9.791801414E0
5.899303900E1;4.490661621E-4;-2.035766602E-2;-9.805509338E0;9.805530481E0
5.900308000E1;-2.095642090E-3;-1.332229614E-2;-9.804311829E0;9.804321104E0
5.901312200E1;4.355941772E-2;-1.556762695E-2;-9.772428131E0;9.772537611E0
5.902316300E1;3.996688843E-2;-3.427871704E-2;-9.786349182E0;9.786490826E0
5.903320400E1;1.392105103E-2;-3.472778320E-2;-9.803563385E0;9.803634778E0
5.904324500E1;-1.422042847E-2;-3.068618774E-2;-9.813293152E0;9.813351433E0
5.905328700E1;-4.939727783E-3;-2.978805542E-2;-9.792636108E0;9.792682660E0
5.906332800E1;1.526824951E-2;-2.035766602E-2;-9.791288910E0;9.791321978E0
5.907336900E1;2.035766602E-2;-4.340972900E-3;-9.783505096E0;9.783527240E0
5.908341000E1;-4.490661621E-4;1.002914429E-2;-9.781559143E0;9.781564295E0
5.909345200E1;4.490661621E-4;-2.993774414E-3;-9.798324280E0;9.798324747E0
5.910349300E1;-1.826202393E-2;2.095642090E-3;-9.815388794E0;9.815406006E0
5.911353400E1;-4.041595459E-3;2.874023438E-2;-9.839638367E0;9.839681170E0
5.912357600E1;3.008743286E-2;6.735992432E-3;-9.849218445E0;9.849266704E0
5.913361700E1;2.978805542E-2;3.742218018E-3;-9.840237122E0;9.840282920E0
5.914365800E1;2.215393066E-2;-5.089416504E-3;-9.851314087E0;9.851340312E0
5.915369900E1;1.167572021E-2;-1.362167358E-2;-9.849817200E0;9.849833539E0
5.916374100E1;4.939727783E-2;-5.179229736E-2;-9.828860779E0;9.829121362E0
5.917378200E1;8.023315430E-2;-5.912704468E-2;-9.826166382E0;9.826671824E0
5.918382300E1;8.637039185E-2;-4.924758911E-2;-9.803264008E0;9.803768172E0
5.919386400E1;4.700225830E-2;-3.727249146E-2;-9.833650818E0;9.833833782E0
5.920390600E1;2.439926147E-2;-4.475692749E-2;-9.845925293E0;9.846057251E0
5.921394700E1;2.275268555E-2;-4.505630493E-2;-9.842781830E0;9.842911252E0
5.922398800E1;3.173400879E-2;-2.874023438E-2;-9.837842102E0;9.837935265E0
5.923402900E1;6.047424316E-2;-1.661544800E-2;-9.830058289E0;9.830258347E0
5.924407100E1;3.128494263E-2;-9.430389404E-3;-9.835746460E0;9.835800735E0
5.925411200E1;3.248245239E-2;-1.032852173E-2;-9.814340973E0;9.814400161E0
5.926415300E1;4.176315308E-2;5.089416504E-3;-9.824819183E0;9.824909264E0
5.927419400E1;5.777984619E-2;2.993774414E-4;-9.836494904E0;9.836664607E0
5.928423600E1;6.571334839E-2;1.242416382E-2;-9.826914825E0;9.827142392E0
5.929427700E1;4.790039063E-2;-2.694396973E-3;-9.786648560E0;9.786766153E0
5.930431800E1;3.876937866E-2;-1.107696533E-2;-9.787247314E0;9.787330369E0
5.931436000E1;3.188369751E-2;-6.586303711E-3;-9.768236847E0;9.768291102E0
5.932440100E1;3.622467041E-2;-1.122665405E-2;-9.797426147E0;9.797499547E0
5.933444200E1;3.382965088E-2;-1.451980591E-2;-9.804461517E0;9.804530632E0
5.934448300E1;4.550537109E-2;-2.260299683E-2;-9.793384552E0;9.793516356E0
5.935452500E1;2.888992310E-2;-6.586303711E-3;-9.790540466E0;9.790585306E0
5.936456600E1;2.155517578E-2;4.640350342E-3;-9.802216187E0;9.802240985E0
5.937460700E1;4.236190796E-2;-2.993774414E-4;-9.771380310E0;9.771472140E0
5.938464800E1;5.373825073E-2;4.340972900E-3;-9.796228638E0;9.796376992E0
5.939469000E1;4.490661621E-2;-1.886077881E-2;-9.807155914E0;9.807276863E0
5.940473100E1;5.313949585E-2;-7.334747314E-3;-9.810898132E0;9.811044785E0
5.941477200E1;2.260299683E-2;-2.978805542E-2;-9.835596771E0;9.835667851E0
5.942481300E1;3.203338623E-2;-1.975891113E-2;-9.830207977E0;9.830280028E0
5.943485500E1;3.442840576E-2;-4.116439819E-2;-9.854158173E0;9.854304294E0
5.944489600E1;3.607498169E-2;-3.382965088E-2;-9.862391052E0;9.862515050E0
5.945493700E1;3.263214111E-2;-3.876937866E-2;-9.829459534E0;9.829590157E0
5.946497900E1;3.353027344E-2;-4.999603271E-2;-9.824220428E0;9.824404863E0
5.947502000E1;5.239105225E-3;-4.520599365E-2;-9.852212219E0;9.852317324E0
5.948506100E1;-7.035369873E-3;-5.194198608E-2;-9.834249573E0;9.834389260E0
5.949510200E1;1.886077881E-2;-4.535568237E-2;-9.831106110E0;9.831228825E0
5.950514400E1;4.415817261E-2;-3.353027344E-2;-9.820927277E0;9.821083789E0
5.951518500E1;4.879852295E-2;-5.074447632E-2;-9.817484436E0;9.817736855E0
5.952522600E1;5.613327026E-2;-4.311035156E-2;-9.813891907E0;9.814147126E0
5.953526700E1;6.331832886E-2;-3.652404785E-2;-9.802814941E0;9.803087472E0
5.954530900E1;3.996688843E-2;-4.206253052E-2;-9.771829376E0;9.772001636E0
5.955535000E1;4.281097412E-2;-2.918930054E-2;-9.798024902E0;9.798161908E0
5.956539100E1;1.152603149E-2;1.302291870E-2;-9.782307587E0;9.782323045E0
5.957543200E1;6.436614990E-3;4.176315308E-2;-9.759405212E0;9.759496692E0
5.958547400E1;1.092727661E-2;9.011260986E-2;-9.747579803E0;9.748002447E0
5.959551500E1;-1.047821045E-3;9.415420532E-2;-9.748028870E0;9.748483623E0
5.960555600E1;1.317260742E-2;8.128097534E-2;-9.770631866E0;9.770978824E0
5.961559700E1;2.200424194E-2;4.221221924E-2;-9.804162140E0;9.804277705E0
5.962563900E1;8.831634521E-3;-1.227447510E-2;-9.792935486E0;9.792947161E0
5.963568000E1;2.320175171E-2;-3.742218018E-2;-9.793833618E0;9.793932595E0
5.964572100E1;3.053649902E-2;-3.667373657E-2;-9.810898132E0;9.811014199E0
5.965576300E1;1.437011719E-2;-1.856140137E-2;-9.801916809E0;9.801944917E0
5.966580400E1;2.185455322E-2;-1.871109009E-2;-9.782906342E0;9.782948646E0
5.967584500E1;2.694396973E-2;-1.107696533E-2;-9.782157898E0;9.782201277E0
5.968588600E1;4.206253052E-2;-1.182540894E-2;-9.786947937E0;9.787045469E0
5.969592800E1;3.906875610E-2;-3.023712158E-2;-9.822274475E0;9.822398715E0
5.970596900E1;3.667373657E-2;-3.248245239E-2;-9.814041595E0;9.814163872E0
5.971601000E1;4.909790039E-2;-4.086502075E-2;-9.810149689E0;9.810357663E0
5.972605100E1;5.433700562E-2;-3.008743286E-2;-9.829459534E0;9.829655767E0
5.973609300E1;6.406677246E-2;-2.769241333E-2;-9.860594788E0;9.860841799E0
5.974613400E1;4.700225830E-2;-3.577560425E-2;-9.863289185E0;9.863466056E0
5.975617500E1;6.092330933E-2;-1.916015625E-2;-9.854307861E0;9.854514812E0
5.976621600E1;5.658233643E-2;-1.916015625E-2;-9.852810974E0;9.852992072E0
5.977625800E1;4.834945679E-2;-1.272354126E-2;-9.853858795E0;9.853985626E0
5.978629900E1;5.463638306E-2;-2.544708252E-3;-9.819729767E0;9.819882092E0
5.979634000E1;7.319778442E-2;7.484436035E-4;-9.843979340E0;9.844251506E0
5.980638200E1;6.721023560E-2;1.631607056E-2;-9.833950195E0;9.834193402E0
5.981642300E1;4.790039063E-2;1.496887207E-2;-9.854457550E0;9.854585335E0
5.982646400E1;2.065704346E-2;3.203338623E-2;-9.839488678E0;9.839562505E0
5.983650500E1;1.811233521E-2;8.681945801E-3;-9.827064514E0;9.827085041E0
5.984654700E1;-8.831634521E-3;1.781295776E-2;-9.814640350E0;9.814660489E0
5.985658800E1;-3.742218018E-3;-1.796264648E-3;-9.801467743E0;9.801468622E0
5.986662900E1;-7.634124756E-3;-1.796264648E-3;-9.781409454E0;9.781412598E0
5.987667000E1;-2.095642090E-3;-1.691482544E-2;-9.786498871E0;9.786513713E0
5.988671225E1;-3.293151855E-3;-1.945953369E-2;-9.796078949E0;9.796098830E0
5.989675325E1;-2.275268555E-2;-8.681945801E-3;-9.825717316E0;9.825747495E0
5.990679425E1;-9.430389404E-3;-1.856140137E-2;-9.809550934E0;9.809573027E0
5.991683525E1;4.490661621E-2;-4.400848389E-2;-9.786199493E0;9.786401477E0
5.992687725E1;5.313949585E-2;-3.008743286E-2;-9.781559143E0;9.781749758E0
5.993691825E1;2.694396973E-2;-3.173400879E-2;-9.806557159E0;9.806645520E0
5.994695925E1;1.287322998E-2;-3.802093506E-2;-9.796977081E0;9.797059316E0
5.995700025E1;5.089416504E-3;-2.230361938E-2;-9.765991516E0;9.766018311E0
5.996704225E1;3.742218018E-2;-1.811233521E-2;-9.774523773E0;9.774612190E0
5.997708325E1;7.020401001E-2;-2.559677124E-2;-9.773625641E0;9.773911293E0
5.998712425E1;5.673202515E-2;-4.131408691E-2;-9.770482178E0;9.770734228E0
5.999716525E1;5.089416504E-2;-4.415817261E-2;-9.798174591E0;9.798406272E0
6.000720725E1;5.822891235E-2;-5.718109131E-2;-9.814939728E0;9.815279015E0
6.001724825E1;9.460327148E-2;-7.185058594E-2;-9.814640350E0;9.815359265E0
6.002728925E1;1.550775146E-1;-7.858657837E-2;-9.829160156E0;9.830697547E0
6.003733125E1;1.402583313E-1;-6.795867920E-2;-9.845476227E0;9.846709751E0
6.004737225E1;-6.885681152E-3;-6.331832886E-2;-9.886790314E0;9.886995465E0
6.005741325E1;-8.412506104E-2;-5.313949585E-2;-9.892628174E0;9.893128576E0
6.006745425E1;-6.571334839E-2;-4.864883423E-2;-9.856553192E0;9.856892298E0
6.007749625E1;2.200424194E-2;-3.068618774E-2;-9.787546692E0;9.787619531E0
6.008753725E1;1.465452576E-1;-1.302291870E-2;-9.745484161E0;9.746594618E0
6.009757825E1;1.908531189E-1;3.442840576E-3;-9.742340698E0;9.744210540E0
6.010761925E1;1.508862305E-1;1.526824951E-2;-9.780960388E0;9.782136060E0
6.011766125E1;5.703140259E-2;3.817062378E-2;-9.819879456E0;9.820119251E0
6.012770225E1;-3.532653809E-2;4.745132446E-2;-9.840087433E0;9.840265254E0
6.013774325E1;-9.250762939E-2;4.640350342E-2;-9.841883698E0;9.842427834E0
6.014778425E1;-5.867797852E-2;2.859054565E-2;-9.815388794E0;9.815605824E0
6.015782625E1;3.023712158E-2;9.430389404E-3;-9.750423889E0;9.750475334E0
6.016786725E1;1.315763855E-1;3.592529297E-3;-9.744136963E0;9.745025931E0
6.017790825E1;1.240919495E-1;-1.107696533E-2;-9.774074707E0;9.774868689E0
6.018794925E1;6.735992432E-2;2.844085693E-3;-9.814790039E0;9.815021597E0
6.019799125E1;3.293151855E-3;-2.544708252E-3;-9.826016693E0;9.826017574E0
6.020803225E1;-3.547622681E-2;-1.002914429E-2;-9.830507355E0;9.830576483E0
6.021807325E1;-5.403762817E-2;-1.481918335E-2;-9.828112335E0;9.828272063E0
6.022811525E1;-1.901046753E-2;-2.739303589E-2;-9.794132996E0;9.794189753E0
6.023815625E1;4.460723877E-2;-3.203338623E-2;-9.782157898E0;9.782312052E0
6.024819725E1;8.187973022E-2;-2.529739380E-2;-9.785151672E0;9.785526940E0
6.025823825E1;8.996292114E-2;-2.484832764E-2;-9.787846069E0;9.788291038E0
6.026828025E1;5.418731689E-2;-5.388793945E-3;-9.804461517E0;9.804612738E0
6.027832125E1;-2.844085693E-3;3.742218018E-3;-9.794132996E0;9.794134123E0
6.028836225E1;-2.469863892E-2;-4.490661621E-4;-9.779613190E0;9.779644388E0
6.029840325E1;-2.080673218E-2;-7.185058594E-3;-9.783654785E0;9.783679548E0
6.030844525E1;1.167572021E-2;-1.407073975E-2;-9.783654785E0;9.783671870E0
6.031848625E1;4.864883423E-2;-2.320175171E-2;-9.804162140E0;9.804310292E0
6.032852725E1;5.897735596E-2;-1.017883301E-2;-9.812844086E0;9.813026597E0
6.033856825E1;3.427871704E-2;-1.332229614E-2;-9.864187317E0;9.864255873E0
6.034861025E1;-2.993774414E-3;1.646575928E-3;-9.870623932E0;9.870624523E0
6.035865125E1;1.496887207E-3;-1.152603149E-2;-9.860145721E0;9.860152572E0
6.036869225E1;2.649490356E-2;-3.143463135E-3;-9.830507355E0;9.830543561E0
6.037873325E1;3.532653809E-2;7.484436035E-3;-9.822274475E0;9.822340854E0
6.038877525E1;8.083190918E-3;1.781295776E-2;-9.811796265E0;9.811815764E0
6.039881625E1;2.155517578E-2;8.083190918E-3;-9.804910583E0;9.804937609E0
6.040885725E1;2.185455322E-2;-0.000000000E0;-9.832752686E0;9.832776973E0
6.041889925E1;1.317260742E-2;-1.811233521E-2;-9.857601013E0;9.857626454E0
6.042894025E1;3.487747192E-2;-4.251159668E-2;-9.852062531E0;9.852215983E0
6.043898125E1;5.014572144E-2;-2.709365845E-2;-9.846374359E0;9.846539325E0
6.044902225E1;4.730163574E-2;-2.679428101E-2;-9.835447083E0;9.835597323E0
6.045906425E1;1.811233521E-2;-3.637435913E-2;-9.821675720E0;9.821759776E0
6.046910525E1;1.481918335E-2;-5.089416504E-2;-9.826765137E0;9.826908104E0
6.047914625E1;3.547622681E-2;-4.610412598E-2;-9.824819183E0;9.824991407E0
6.048918725E1;6.870712280E-2;-4.311035156E-2;-9.791288910E0;9.791624875E0
6.049922925E1;1.113684082E-1;-3.772155762E-2;-9.790989532E0;9.791695556E0
6.050927025E1;1.469943237E-1;-5.119354248E-2;-9.825717316E0;9.826950131E0
6.051931125E1;1.143621826E-1;-4.415817261E-2;-9.837393036E0;9.838156860E0
6.052935225E1;5.179229736E-2;-5.718109131E-2;-9.825268250E0;9.825571143E0
6.053939425E1;4.909790039E-2;-6.092330933E-2;-9.836195526E0;9.836506732E0
6.054943525E1;6.616241455E-2;-5.194198608E-2;-9.846973114E0;9.847332377E0
6.055947625E1;7.544311523E-2;-4.640350342E-2;-9.837093658E0;9.837492394E0
6.056951725E1;6.346801758E-2;-3.233276367E-2;-9.785001984E0;9.785261234E0
6.057955925E1;2.559677124E-2;-5.388793945E-3;-9.790091400E0;9.790126345E0
6.058960025E1;2.844085693E-3;1.451980591E-2;-9.781110077E0;9.781121268E0
6.059964125E1;3.008743286E-2;3.023712158E-2;-9.780211945E0;9.780304965E0
6.060968225E1;4.131408691E-2;3.517684937E-2;-9.776170349E0;9.776320932E0
6.061972425E1;3.278182983E-2;5.269042969E-2;-9.804012451E0;9.804208845E0
6.062976525E1;-3.442840576E-3;5.777984619E-2;-9.836943970E0;9.837114263E0
6.063980625E1;1.496887207E-2;2.963836670E-2;-9.842332764E0;9.842388772E0
6.064984825E1;1.796264648E-2;-1.496887207E-4;-9.854307861E0;9.854324234E0
6.065988925E1;-5.089416504E-3;-1.616638184E-2;-9.840237122E0;9.840251717E0
6.066993025E1;-2.529739380E-2;-7.334747314E-3;-9.860744476E0;9.860779654E0
6.067997125E1;-2.335144043E-2;-2.918930054E-2;-9.860744476E0;9.860815328E0
6.069001325E1;-8.083190918E-3;-1.137634277E-2;-9.835896149E0;9.835906049E0
6.070005425E1;5.448669434E-2;-3.023712158E-2;-9.801467743E0;9.801665828E0
6.071009525E1;5.957611084E-2;-5.987548828E-3;-9.826166382E0;9.826348810E0
6.072013625E1;7.140151978E-2;7.484436035E-4;-9.842931519E0;9.843190520E0
6.073017825E1;4.071533203E-2;9.879455566E-3;-9.840835876E0;9.840925063E0
6.074021925E1;2.649490356E-2;-1.796264648E-3;-9.839638367E0;9.839674202E0
6.075026025E1;3.143463135E-3;1.347198486E-2;-9.835596771E0;9.835606500E0
6.076030125E1;-8.382568359E-3;9.430389404E-3;-9.811646576E0;9.811654689E0
6.077034325E1;-7.634124756E-3;1.017883301E-2;-9.800120544E0;9.800128804E0
6.078038425E1;1.287322998E-2;-9.131011963E-3;-9.808952179E0;9.808964876E0
6.079042525E1;3.128494263E-2;-2.484832764E-2;-9.789492645E0;9.789574170E0
6.080046625E1;3.562591553E-2;-2.080673218E-2;-9.790690155E0;9.790777080E0
6.081050825E1;6.391708374E-2;-7.035369873E-3;-9.802365875E0;9.802576786E0
6.082054925E1;7.619155884E-2;-1.661544800E-2;-9.785750427E0;9.786061141E0
6.083059025E1;7.768844604E-2;-1.526824951E-2;-9.794432373E0;9.794752377E0
6.084063125E1;6.316864014E-2;-1.826202393E-2;-9.791438599E0;9.791659390E0
6.085067325E1;3.008743286E-2;1.347198486E-2;-9.811945953E0;9.812001332E0
6.086071425E1;2.529739380E-2;3.143463135E-3;-9.805359650E0;9.805392787E0
6.087075525E1;5.718109131E-2;-1.541793823E-2;-9.799821167E0;9.800000117E0
6.088079725E1;7.753875732E-2;-2.395019531E-3;-9.816436615E0;9.816743137E0
6.089083837E1;7.379653931E-2;1.736389160E-2;-9.840087433E0;9.840379470E0
6.090087938E1;6.286926270E-2;9.580078125E-3;-9.821975098E0;9.822180977E0
6.091092038E1;4.909790039E-2;7.783813477E-3;-9.824220428E0;9.824346198E0
6.092096238E1;4.475692749E-2;4.939727783E-3;-9.798773346E0;9.798876806E0
6.093100337E1;3.367996216E-2;-1.182540894E-2;-9.802365875E0;9.802430869E0
6.094104437E1;1.945953369E-2;-3.607498169E-2;-9.801767120E0;9.801852823E0
6.095108538E1;6.586303711E-3;-8.951385498E-2;-9.825567627E0;9.825977575E0
6.096112738E1;-1.182540894E-2;-1.028361511E-1;-9.841883698E0;9.842428045E0
6.097116838E1;-1.137634277E-2;-1.080752563E-1;-9.848170624E0;9.848770193E0
6.098120937E1;9.430389404E-3;-9.265731812E-2;-9.824370117E0;9.824811576E0
6.099125037E1;-1.646575928E-3;-5.598358154E-2;-9.823322296E0;9.823481959E0
6.100129237E1;1.990859985E-2;-2.724334717E-2;-9.780810699E0;9.780868903E0
6.101133338E1;5.059478760E-2;1.676513672E-2;-9.800719299E0;9.800864232E0
6.102137438E1;4.251159668E-2;1.451980591E-2;-9.788594513E0;9.788697595E0
6.103141537E1;3.757186890E-2;2.380050659E-2;-9.798923035E0;9.799023969E0
6.104145738E1;4.131408691E-2;-8.532257080E-3;-9.798773346E0;9.798864156E0
6.105149837E1;3.861968994E-2;-3.113525391E-2;-9.789342957E0;9.789468648E0
6.106153938E1;2.050735474E-2;-4.056564331E-2;-9.793833618E0;9.793939098E0
6.107158137E1;-1.736389160E-2;-4.805007935E-2;-9.830357666E0;9.830490433E0
6.108162238E1;-6.900650024E-2;-4.505630493E-2;-9.839937744E0;9.840282861E0
6.109166338E1;-5.119354248E-2;-2.589614868E-2;-9.822723541E0;9.822891079E0
6.110170437E1;3.742218018E-3;-1.751358032E-2;-9.816586304E0;9.816602640E0
6.111174637E1;3.218307495E-2;-1.826202393E-2;-9.783505096E0;9.783575074E0
6.112178737E1;9.101074219E-2;-1.017883301E-2;-9.779463501E0;9.779892276E0
6.113182838E1;7.828720093E-2;-1.137634277E-2;-9.795330505E0;9.795649954E0
6.114186938E1;3.532653809E-2;-2.080673218E-2;-9.790091400E0;9.790177246E0
6.115191138E1;7.933502197E-3;1.017883301E-2;-9.808503113E0;9.808511603E0
6.116195237E1;-1.017883301E-2;3.442840576E-3;-9.813742218E0;9.813748101E0
6.117199337E1;-2.245330811E-3;2.395019531E-2;-9.773475952E0;9.773505555E0
6.118203438E1;3.667373657E-2;-3.293151855E-3;-9.767189026E0;9.767258432E0
6.119207638E1;8.562194824E-2;-2.559677124E-2;-9.754764862E0;9.755174208E0
6.120211738E1;6.855743408E-2;-1.586700439E-2;-9.768386536E0;9.768639997E0
6.121215837E1;2.709365845E-2;1.496887207E-4;-9.793983307E0;9.794020783E0
6.122219937E1;-6.885681152E-3;2.993774414E-3;-9.811047821E0;9.811050694E0
6.123224137E1;-9.879455566E-3;2.694396973E-3;-9.810299377E0;9.810304722E0
6.124228238E1;-2.395019531E-3;-5.388793945E-3;-9.818532257E0;9.818534028E0
6.125232338E1;7.933502197E-3;-1.257385254E-2;-9.801168365E0;9.801179642E0
6.126236437E1;3.188369751E-2;-2.065704346E-2;-9.791438599E0;9.791512300E0
6.127240638E1;1.826202393E-2;-1.676513672E-2;-9.782307587E0;9.782338999E0
6.128244737E1;3.457809448E-2;-1.601669312E-2;-9.795031128E0;9.795105256E0
6.129248838E1;7.484436035E-3;-3.607498169E-2;-9.793085175E0;9.793154479E0
6.130252938E1;-8.981323242E-4;-3.278182983E-2;-9.801168365E0;9.801223229E0
6.131257138E1;2.439926147E-2;-2.499801636E-2;-9.800569611E0;9.800631863E0
6.132261238E1;3.338058472E-2;-4.909790039E-2;-9.808353424E0;9.808533109E0
6.133265337E1;5.179229736E-2;-4.475692749E-2;-9.813293152E0;9.813531888E0
6.134269537E1;5.209167480E-2;-4.370910645E-2;-9.822124786E0;9.822360172E0
6.135273637E1;5.059478760E-2;-4.819976807E-2;-9.786798248E0;9.787047716E0
6.136277738E1;2.529739380E-2;2.080673218E-2;-9.763147430E0;9.763202376E0
6.137281838E1;3.397933960E-2;5.912704468E-2;-9.768236847E0;9.768474891E0
6.138286038E1;2.350112915E-2;8.232879639E-2;-9.777367859E0;9.777742714E0
6.139290137E1;2.739303589E-2;6.750961304E-2;-9.757010193E0;9.757282195E0
6.140294237E1;3.787124634E-2;2.619552612E-2;-9.804461517E0;9.804569653E0
6.141298338E1;2.679428101E-2;-2.649490356E-2;-9.810449066E0;9.810521433E0
6.142302538E1;4.281097412E-2;-7.484436035E-2;-9.842482452E0;9.842860117E0
6.143306638E1;3.712280273E-2;-7.963439941E-2;-9.823621674E0;9.824014583E0
6.144310737E1;3.757186890E-2;-6.271957397E-2;-9.818981323E0;9.819253516E0
6.145314838E1;2.140548706E-2;-3.607498169E-2;-9.805209961E0;9.805299688E0
6.146319037E1;1.766326904E-2;-6.735992432E-3;-9.806257782E0;9.806276003E0
6.147323138E1;2.739303589E-2;9.879455566E-3;-9.803413696E0;9.803456946E0
6.148327238E1;5.119354248E-2;1.901046753E-2;-9.805509338E0;9.805661404E0
6.149331337E1;5.029541016E-2;2.694396973E-2;-9.814041595E0;9.814207459E0
6.150335538E1;3.023712158E-2;9.131011963E-3;-9.864187317E0;9.864237887E0
6.151339637E1;2.709365845E-2;1.362167358E-2;-9.871222687E0;9.871269267E0
6.152343738E1;5.388793945E-2;-4.041595459E-3;-9.879156189E0;9.879303986E0
6.153347838E1;4.894821167E-2;-1.347198486E-2;-9.847871246E0;9.848002107E0
6.154352038E1;5.014572144E-2;-1.886077881E-2;-9.844129028E0;9.844274816E0
6.155356138E1;4.236190796E-2;-1.347198486E-3;-9.837692413E0;9.837783712E0
6.156360237E1;4.909790039E-2;-2.080673218E-2;-9.813891907E0;9.814036778E0
6.157364437E1;3.936813354E-2;-2.709365845E-2;-9.844877472E0;9.844993466E0
6.158368537E1;3.173400879E-2;-1.781295776E-2;-9.847122803E0;9.847190048E0
6.159372638E1;3.487747192E-2;-1.916015625E-2;-9.859097900E0;9.859178209E0
6.160376737E1;2.230361938E-2;-2.649490356E-2;-9.867779846E0;9.867840621E0
6.161380938E1;1.886077881E-2;-3.173400879E-2;-9.840686188E0;9.840755429E0
6.162385037E1;3.412902832E-2;-1.841171265E-2;-9.841883698E0;9.841960094E0
6.163389137E1;2.499801636E-2;-1.451980591E-2;-9.829459534E0;9.829502045E0
6.164393238E1;2.335144043E-2;1.496887207E-4;-9.807155914E0;9.807183716E0
6.165397438E1;2.903961182E-2;-8.382568359E-3;-9.822124786E0;9.822171292E0
6.166401538E1;4.086502075E-2;2.140548706E-2;-9.844578094E0;9.844686181E0
6.167405637E1;2.065704346E-2;5.837860107E-3;-9.802964630E0;9.802988133E0
6.168409738E1;6.047424316E-2;4.490661621E-3;-9.772428131E0;9.772616276E0
6.169413937E1;5.493576050E-2;-2.200424194E-2;-9.790690155E0;9.790869003E0
6.170418038E1;5.643264771E-2;-2.933898926E-2;-9.810449066E0;9.810655243E0
6.171422138E1;4.011657715E-2;-3.023712158E-2;-9.820777588E0;9.820906071E0
6.172426237E1;4.131408691E-2;-4.984634399E-2;-9.820178833E0;9.820392244E0
6.173430438E1;3.412902832E-2;-4.326004028E-2;-9.818981323E0;9.819135932E0
6.174434537E1;4.296066284E-2;-6.825805664E-2;-9.801767120E0;9.802098931E0
6.175438638E1;3.951782227E-2;-5.044509888E-2;-9.796827393E0;9.797036967E0
6.176442738E1;2.305206299E-2;-4.041595459E-2;-9.794582062E0;9.794692574E0
6.177446938E1;4.281097412E-2;-4.640350342E-3;-9.816436615E0;9.816531064E0
6.178451038E1;3.682342529E-2;1.332229614E-2;-9.781409454E0;9.781487840E0
6.179455137E1;3.083587646E-2;1.721420288E-2;-9.804910583E0;9.804974183E0
6.180459337E1;1.766326904E-2;2.260299683E-2;-9.790989532E0;9.791031555E0
6.181463437E1;2.350112915E-2;2.559677124E-2;-9.817334747E0;9.817396245E0
6.182467538E1;5.388793945E-3;1.332229614E-2;-9.821825409E0;9.821835922E0
6.183471637E1;4.939727783E-3;-2.859054565E-2;-9.804910583E0;9.804953512E0
6.184475838E1;2.784210205E-2;-3.757186890E-2;-9.792336731E0;9.792448390E0
6.185479937E1;5.194198608E-2;-5.194198608E-2;-9.826615448E0;9.826890002E0
6.186484038E1;4.730163574E-2;-4.415817261E-2;-9.800868988E0;9.801082609E0
6.187488138E1;4.236190796E-2;-5.209167480E-2;-9.822274475E0;9.822503955E0
6.188492317E1;5.568420410E-2;-5.119354248E-2;-9.818382568E0;9.818673931E0
6.189496417E1;3.547622681E-2;-3.936813354E-2;-9.827812958E0;9.827955838E0
6.190500517E1;2.649490356E-2;-3.607498169E-2;-9.797575836E0;9.797678074E0
6.191504617E1;3.367996216E-2;-2.469863892E-2;-9.781708832E0;9.781797996E0
6.192508817E1;2.290237427E-2;-2.993774414E-2;-9.788295135E0;9.788367711E0
6.193512917E1;1.556762695E-2;-1.481918335E-2;-9.805509338E0;9.805532894E0
6.194517017E1;3.547622681E-2;-9.280700684E-3;-9.836045837E0;9.836114193E0
6.195521117E1;1.257385254E-2;-8.232879639E-3;-9.811646576E0;9.811658087E0
6.196525317E1;6.286926270E-3;-3.592529297E-3;-9.794881439E0;9.794884116E0
6.197529417E1;2.320175171E-2;-3.143463135E-3;-9.810598755E0;9.810626694E0
6.198533517E1;1.721420288E-2;-5.987548828E-3;-9.801018677E0;9.801035623E0
6.199537617E1;6.885681152E-3;-5.089416504E-3;-9.793983307E0;9.793987050E0
6.200541817E1;1.466949463E-2;-9.580078125E-3;-9.771829376E0;9.771845083E0
6.201545917E1;1.721420288E-2;-1.032852173E-2;-9.751172333E0;9.751192997E0
6.202550017E1;1.796264648E-2;-1.945953369E-2;-9.786349182E0;9.786385014E0
6.203554117E1;1.975891113E-2;-1.212478638E-2;-9.795180817E0;9.795208250E0
6.204558317E1;4.355941772E-2;-2.185455322E-2;-9.784552917E0;9.784674284E0
6.205562417E1;5.613327026E-2;-1.481918335E-2;-9.785451050E0;9.785623271E0
6.206566517E1;7.289840698E-2;-1.002914429E-2;-9.792037354E0;9.792313838E0
6.207570617E1;5.598358154E-2;-4.340972900E-3;-9.818681946E0;9.818842506E0
6.208574817E1;5.688171387E-2;-3.173400879E-2;-9.801617432E0;9.801833852E0
6.209578917E1;4.640350342E-2;-3.832031250E-2;-9.803264008E0;9.803448727E0
6.210583017E1;2.260299683E-2;-2.709365845E-2;-9.802066498E0;9.802130003E0
6.211587217E1;6.735992432E-3;-1.047821045E-2;-9.812245331E0;9.812253238E0
6.212591317E1;1.586700439E-2;7.484436035E-4;-9.822723541E0;9.822736385E0
6.213595417E1;1.496887207E-4;1.197509766E-3;-9.809850311E0;9.809850386E0
6.214599517E1;1.197509766E-2;-1.227447510E-2;-9.825867004E0;9.825881968E0
6.215603717E1;2.380050659E-2;-1.796264648E-3;-9.850565643E0;9.850594560E0
6.216607817E1;6.376739502E-2;-1.212478638E-2;-9.863139496E0;9.863353081E0
6.217611917E1;6.900650024E-2;-7.185058594E-3;-9.840835876E0;9.841080442E0
6.218616017E1;7.409591675E-2;8.083190918E-3;-9.802814941E0;9.803098302E0
6.219620217E1;4.984634399E-2;-1.377136230E-2;-9.794132996E0;9.794269521E0
6.220624317E1;3.547622681E-2;-2.933898926E-2;-9.787995758E0;9.788104020E0
6.221628417E1;3.547622681E-2;-4.161346436E-2;-9.785750427E0;9.785903212E0
6.222632517E1;-9.879455566E-3;-1.826202393E-2;-9.817334747E0;9.817356704E0
6.223636717E1;-1.631607056E-2;-1.062789917E-2;-9.847272491E0;9.847291744E0
6.224640817E1;-1.242416382E-2;-1.676513672E-2;-9.880353699E0;9.880375734E0
6.225644917E1;4.640350342E-3;1.347198486E-3;-9.848769379E0;9.848770564E0
6.226649017E1;3.083587646E-2;-5.837860107E-3;-9.845176849E0;9.845226870E0
6.227653217E1;6.481521606E-2;-4.490661621E-4;-9.800569611E0;9.800783943E0
6.228657317E1;8.277786255E-2;-6.137237549E-3;-9.802216187E0;9.802567623E0
6.229661417E1;8.217910767E-2;-5.388793945E-3;-9.780211945E0;9.780558682E0
6.230665517E1;5.553451538E-2;-1.526824951E-2;-9.775721283E0;9.775890947E0
6.231669717E1;6.077362061E-2;-3.382965088E-2;-9.774224396E0;9.774471874E0
6.232673817E1;5.912704468E-2;-3.712280273E-2;-9.793983307E0;9.794232136E0
6.233677917E1;3.787124634E-2;-3.682342529E-2;-9.820029144E0;9.820171210E0
6.234682017E1;1.541793823E-2;-1.676513672E-2;-9.836794281E0;9.836820650E0
6.235686217E1;-1.422042847E-2;3.742218018E-3;-9.821975098E0;9.821986105E0
6.236690317E1;-5.792953491E-2;7.484436035E-3;-9.852511597E0;9.852684741E0
6.237694417E1;-1.106199646E-1;7.035369873E-3;-9.844129028E0;9.844753049E0
6.238698617E1;-1.243913269E-1;2.245330811E-3;-9.820777588E0;9.821565592E0
6.239702717E1;-8.053253174E-2;-1.077758789E-2;-9.833201752E0;9.833537427E0
6.240706817E1;-2.050735474E-2;-6.436614990E-3;-9.831255798E0;9.831279294E0
6.241710917E1;4.131408691E-2;-7.933502197E-3;-9.822274475E0;9.822364566E0
6.242715117E1;7.694000244E-2;-1.257385254E-2;-9.814490662E0;9.814800294E0
6.243719217E1;9.864486694E-2;-1.691482544E-2;-9.804162140E0;9.804672977E0
6.244723317E1;7.454498291E-2;-1.766326904E-2;-9.794731750E0;9.795031343E0
6.245727417E1;6.676116943E-2;-3.697311401E-2;-9.808054047E0;9.808350944E0
6.246731617E1;5.209167480E-2;-4.086502075E-2;-9.826765137E0;9.826988173E0
6.247735717E1;3.098556519E-2;-3.203338623E-2;-9.836195526E0;9.836296492E0
6.248739817E1;4.505630493E-2;-2.918930054E-2;-9.821076965E0;9.821223694E0
6.249743917E1;5.837860107E-2;-3.008743286E-2;-9.840087433E0;9.840306601E0
6.250748117E1;5.164260864E-2;-1.451980591E-2;-9.844727783E0;9.844873941E0
6.251752217E1;5.568420410E-2;-9.280700684E-3;-9.825867004E0;9.826029170E0
6.252756317E1;9.999206543E-2;-0.000000000E0;-9.783056030E0;9.783567024E0
6.253760417E1;1.655557251E-1;7.185058594E-3;-9.733059998E0;9.734470568E0
6.254764617E1;1.453477478E-1;-1.916015625E-2;-9.734407196E0;9.735511108E0
6.255768717E1;1.043330383E-1;-2.305206299E-2;-9.769434357E0;9.770018650E0
6.256772817E1;-1.197509766E-2;-2.544708252E-2;-9.808802490E0;9.808842809E0
6.257776917E1;-8.801696777E-2;-4.610412598E-2;-9.840237122E0;9.840738752E0
6.258781117E1;-5.613327026E-2;-4.445755005E-2;-9.828262024E0;9.828522871E0
6.259785217E1;2.978805542E-2;-6.376739502E-2;-9.812544708E0;9.812797117E0
6.260789317E1;8.786727905E-2;-7.110214233E-2;-9.769284668E0;9.769938541E0
6.261793417E1;1.194515991E-1;-4.849914551E-2;-9.739047546E0;9.739900819E0
6.262797617E1;1.519340515E-1;2.963836670E-2;-9.726324005E0;9.727555759E0
6.263801717E1;9.280700684E-2;5.927673340E-2;-9.755064240E0;9.755685788E0
6.264805817E1;2.230361938E-2;7.065307617E-2;-9.804012451E0;9.804292399E0
6.265809917E1;-3.203338623E-2;5.164260864E-2;-9.846524048E0;9.846711579E0
6.266814117E1;-1.127156067E-1;9.280700684E-3;-9.859247589E0;9.859896245E0
6.267818217E1;-1.049317932E-1;-1.616638184E-2;-9.869276733E0;9.869847784E0
6.268822317E1;-1.841171265E-2;-4.655319214E-2;-9.819580078E0;9.819707689E0
6.269826417E1;3.891906738E-2;-5.089416504E-2;-9.758058014E0;9.758268346E0
6.270830617E1;8.981323242E-2;-2.409988403E-2;-9.727072449E0;9.727516931E0
6.271834717E1;1.131646729E-1;-1.392105103E-2;-9.727371826E0;9.728040023E0
6.272838817E1;1.094224548E-1;-1.437011719E-2;-9.743987274E0;9.744612243E0
6.273842917E1;6.810836792E-2;-1.017883301E-2;-9.774673462E0;9.774916043E0
6.274847117E1;3.727249146E-2;-2.918930054E-2;-9.793085175E0;9.793199604E0
6.275851217E1;1.886077881E-2;-3.038681030E-2;-9.841584320E0;9.841649304E0
6.276855317E1;2.784210205E-2;-5.942642212E-2;-9.855355682E0;9.855574174E0
6.277859517E1;7.364685059E-2;-7.918533325E-2;-9.843380585E0;9.843974579E0
6.278863617E1;7.274871826E-2;-7.304809570E-2;-9.818681946E0;9.819223164E0
6.279867717E1;8.143066406E-2;-3.936813354E-2;-9.795180817E0;9.795598401E0
6.280871817E1;7.334747314E-2;-2.544708252E-3;-9.800120544E0;9.800395350E0
6.281876017E1;2.814147949E-2;4.924758911E-2;-9.819879456E0;9.820043268E0
6.282880117E1;-4.415817261E-2;8.741821289E-2;-9.833201752E0;9.833689469E0
6.283884217E1;-1.240919495E-1;6.750961304E-2;-9.843979340E0;9.844992920E0
6.284888317E1;-9.265731812E-2;5.209167480E-2;-9.870773621E0;9.871345946E0
6.285892517E1;4.790039063E-2;-2.020797729E-2;-9.828262024E0;9.828399525E0
6.286896617E1;1.187031555E-1;-3.891906738E-2;-9.778864746E0;9.779662615E0
6.287900717E1;7.679031372E-2;-4.984634399E-2;-9.812395020E0;9.812822093E0
6.288904838E1;-1.496887207E-3;-3.143463135E-2;-9.819430389E0;9.819480819E0
6.289909037E1;2.035766602E-2;-1.541793823E-2;-9.813442841E0;9.813476068E0
6.290913138E1;8.996292114E-2;-2.679428101E-2;-9.762848053E0;9.763299307E0
6.291917237E1;1.133143616E-1;-4.460723877E-2;-9.791887665E0;9.792644892E0
6.292921337E1;7.858657837E-2;-5.209167480E-2;-9.794282684E0;9.794736479E0
6.293925537E1;1.047821045E-2;-4.565505981E-2;-9.823471985E0;9.823583665E0
6.294929637E1;2.589614868E-2;-4.595443726E-2;-9.822274475E0;9.822416112E0
6.295933738E1;2.185455322E-2;-2.200424194E-2;-9.852661285E0;9.852710095E0
6.296937837E1;2.739303589E-2;2.888992310E-2;-9.836644592E0;9.836725158E0
6.297942038E1;4.790039062E-3;3.861968994E-2;-9.827812958E0;9.827890005E0
6.298946137E1;-5.688171387E-3;1.661544800E-2;-9.808353424E0;9.808369147E0
6.299950238E1;3.278182983E-2;-4.939727783E-3;-9.775122528E0;9.775178745E0
6.300954338E1;4.595443726E-2;-3.727249146E-2;-9.764794006E0;9.764973274E0
6.301958538E1;4.071533203E-2;7.484436035E-4;-9.811796265E0;9.811880770E0
6.302962638E1;4.281097412E-2;8.831634521E-3;-9.821376343E0;9.821473619E0
6.303966737E1;7.244934082E-2;-4.026626587E-2;-9.851014709E0;9.851363413E0
6.304970838E1;7.708969116E-2;-5.029541016E-2;-9.834848328E0;9.835279054E0
6.305975037E1;1.029858398E-1;-8.487350464E-2;-9.804162140E0;9.805070365E0
6.306979138E1;1.170565796E-1;-9.894424438E-2;-9.831255798E0;9.832450497E0
6.307983238E1;7.050338745E-2;-7.454498291E-2;-9.834249573E0;9.834784814E0
6.308987337E1;3.038681030E-2;-4.805007935E-2;-9.841284943E0;9.841449156E0
6.309991538E1;-2.993774414E-3;1.646575928E-3;-9.859397278E0;9.859397870E0
6.310995637E1;-1.511856079E-2;5.254074097E-2;-9.860145721E0;9.860297295E0
6.311999738E1;-1.841171265E-2;6.541397095E-2;-9.841135254E0;9.841369877E0
6.313003838E1;3.487747192E-2;5.568420410E-2;-9.824519806E0;9.824739517E0
6.314008038E1;4.131408691E-2;3.397933960E-2;-9.824819183E0;9.824964806E0
6.315012137E1;2.395019531E-3;5.224136353E-2;-9.776619415E0;9.776759283E0
6.316016237E1;2.125579834E-2;-1.302291870E-2;-9.784852295E0;9.784884048E0
6.317020437E1;7.783813477E-3;-4.311035156E-2;-9.812245331E0;9.812343121E0
6.318024538E1;6.735992432E-3;-7.843688965E-2;-9.833201752E0;9.833516889E0
6.319028638E1;2.020797729E-2;-1.014889526E-1;-9.850865021E0;9.851408530E0
6.320032737E1;5.014572144E-2;-9.939331055E-2;-9.834698639E0;9.835328715E0
6.321036938E1;7.349716187E-2;-9.026229858E-2;-9.821376343E0;9.822066095E0
6.322041037E1;4.340972900E-2;-3.502716064E-2;-9.798923035E0;9.799081791E0
6.323045138E1;1.092727661E-2;-6.137237549E-3;-9.793983307E0;9.793991326E0
6.324049238E1;2.185455322E-2;2.754272461E-2;-9.801767120E0;9.801830181E0
6.325053438E1;-4.340972900E-3;6.586303711E-2;-9.808203735E0;9.808425832E0
6.326057538E1;-2.020797729E-2;7.978408813E-2;-9.812544708E0;9.812889866E0
6.327061637E1;-5.313949585E-2;5.852828979E-2;-9.816436615E0;9.816754921E0
6.328065738E1;-2.544708252E-3;4.041595459E-3;-9.813293152E0;9.813294314E0
6.329069937E1;4.640350342E-3;-3.367996216E-2;-9.828262024E0;9.828320827E0
6.330074038E1;5.328918457E-2;-4.834945679E-2;-9.817185059E0;9.817448746E0
6.331078138E1;7.289840698E-2;-4.116439819E-2;-9.795779572E0;9.796137305E0
6.332082237E1;1.026864624E-1;-1.990859985E-2;-9.782157898E0;9.782717107E0
6.333086437E1;1.085243225E-1;-2.140548706E-2;-9.833052063E0;9.833674217E0
6.334090537E1;7.170089722E-2;-1.691482544E-2;-9.820777588E0;9.821053893E0
6.335094638E1;6.122268677E-2;-1.496887207E-3;-9.812245331E0;9.812436440E0
6.336098738E1;3.817062378E-2;1.017883301E-2;-9.824669495E0;9.824748917E0
6.337102938E1;3.308120728E-2;9.131011963E-3;-9.841584320E0;9.841644155E0
6.338107037E1;-2.993774414E-4;-1.721420288E-2;-9.810598755E0;9.810613862E0
6.339111137E1;-1.032852173E-2;-1.526824951E-2;-9.799671478E0;9.799688815E0
6.340115238E1;2.589614868E-2;-1.392105103E-2;-9.824370117E0;9.824414110E0
6.341119438E1;3.203338623E-2;-7.933502197E-3;-9.809101868E0;9.809157381E0
6.342123538E1;3.382965088E-2;-1.571731567E-2;-9.807754669E0;9.807825607E0
6.343127637E1;4.385879517E-2;-3.787124634E-2;-9.813143463E0;9.813314550E0
6.344131737E1;6.301895142E-2;-3.248245239E-2;-9.808503113E0;9.808759341E0
6.345135937E1;4.610412598E-2;-4.505630493E-2;-9.780511322E0;9.780723766E0
6.346140038E1;2.784210205E-2;-6.541397095E-2;-9.792636108E0;9.792894165E0
6.347144138E1;1.676513672E-2;-2.829116821E-2;-9.792336731E0;9.792391951E0
6.348148237E1;-5.239105225E-3;1.451980591E-2;-9.792486420E0;9.792498586E0
6.349152438E1;-3.293151855E-2;2.589614868E-2;-9.802665253E0;9.802754774E0
6.350156537E1;-6.885681152E-3;5.119354248E-2;-9.779014435E0;9.779150858E0
6.351160638E1;3.562591553E-2;4.819976807E-2;-9.783056030E0;9.783239633E0
6.352164837E1;5.164260864E-2;2.529739380E-2;-9.816137238E0;9.816305679E0
6.353168938E1;2.095642090E-3;1.212478638E-2;-9.807155914E0;9.807163633E0
6.354173038E1;-6.137237549E-3;-1.930984497E-2;-9.827363892E0;9.827384779E0
6.355177137E1;3.742218018E-3;-4.715194702E-2;-9.814490662E0;9.814604641E0
6.356181337E1;1.032852173E-2;-5.792953491E-2;-9.772877197E0;9.773054345E0
6.357185437E1;4.116439819E-2;-6.526428223E-2;-9.753417664E0;9.753722882E0
6.358189538E1;2.694396973E-2;-5.179229736E-2;-9.784103851E0;9.784278031E0
6.359193638E1;1.781295776E-2;-2.140548706E-2;-9.781409454E0;9.781449096E0
6.360197838E1;1.017883301E-2;4.490661621E-3;-9.802216187E0;9.802222500E0
6.361201937E1;2.095642090E-2;2.155517578E-2;-9.832153931E0;9.832199892E0
6.362206037E1;2.948867798E-2;6.885681152E-3;-9.828860779E0;9.828907427E0
6.363210138E1;4.326004028E-2;2.694396973E-3;-9.834548950E0;9.834644465E0
6.364214338E1;4.610412598E-2;-1.496887207E-2;-9.801617432E0;9.801737292E0
6.365218438E1;2.829116821E-2;-3.592529297E-2;-9.795629883E0;9.795736614E0
6.366222537E1;3.921844482E-2;-2.365081787E-2;-9.798024902E0;9.798131936E0
6.367226637E1;7.664062500E-2;-1.481918335E-2;-9.808503113E0;9.808813726E0
6.368230837E1;9.071136475E-2;-3.128494263E-2;-9.778116302E0;9.778587103E0
6.369234938E1;5.598358154E-2;-1.781295776E-2;-9.793085175E0;9.793261392E0
6.370239038E1;4.879852295E-2;-2.110610962E-2;-9.810449066E0;9.810593134E0
6.371243137E1;5.298980713E-2;-4.056564331E-2;-9.816735992E0;9.816962821E0
6.372247338E1;5.209167480E-2;-3.832031250E-2;-9.812694397E0;9.812907485E0
6.373251437E1;4.116439819E-2;-2.290237427E-2;-9.820777588E0;9.820890563E0
6.374255538E1;2.529739380E-2;-2.634521484E-2;-9.808353424E0;9.808421429E0
6.375259638E1;1.392105103E-2;-5.987548828E-4;-9.781708832E0;9.781718756E0
6.376263838E1;1.901046753E-2;1.407073975E-2;-9.807006226E0;9.807034745E0
6.377267938E1;4.026626587E-2;-3.143463135E-3;-9.804910583E0;9.804993769E0
6.378272037E1;2.784210205E-2;1.496887207E-4;-9.826316071E0;9.826355516E0
6.379276138E1;2.754272461E-2;-2.230361938E-2;-9.833351440E0;9.833415307E0
6.380280337E1;3.742218018E-2;-3.083587646E-2;-9.843979340E0;9.844098766E0
6.381284438E1;4.281097412E-2;-3.248245239E-2;-9.837692413E0;9.837839189E0
6.382288538E1;5.508544922E-2;-3.457809448E-2;-9.802515564E0;9.802731325E0
6.383292637E1;4.730163574E-2;-3.143463135E-2;-9.804311829E0;9.804476325E0
6.384296837E1;5.463638306E-2;-1.586700439E-2;-9.807155914E0;9.807320940E0
6.385300937E1;2.080673218E-2;3.592529297E-3;-9.796378326E0;9.796401081E0
6.386305038E1;1.541793823E-2;8.681945801E-3;-9.809850311E0;9.809866269E0
6.387309137E1;-6.137237549E-3;5.239105225E-3;-9.838141479E0;9.838144789E0
6.388313338E1;-9.580078125E-3;-2.395019531E-3;-9.827064514E0;9.827069476E0
6.389317500E1;1.212478638E-2;1.796264648E-3;-9.810598755E0;9.810606412E0
6.390321600E1;3.098556519E-2;-2.110610962E-2;-9.782008209E0;9.782080054E0
6.391325700E1;4.490661621E-2;-2.125579834E-2;-9.798773346E0;9.798899300E0
6.392329900E1;3.622467041E-2;-5.194198608E-2;-9.786199493E0;9.786404382E0
6.393334000E1;3.397933960E-2;-4.924758911E-2;-9.799970856E0;9.800153504E0
6.394338100E1;3.188369751E-2;-4.385879517E-2;-9.815987549E0;9.816137312E0
6.395342200E1;3.637435913E-2;-4.026626587E-2;-9.838440857E0;9.838590497E0
6.396346400E1;5.224136353E-2;-3.038681030E-2;-9.831106110E0;9.831291871E0
6.397350500E1;4.011657715E-2;-2.409988403E-2;-9.842781830E0;9.842893086E0
6.398354600E1;4.221221924E-2;3.143463135E-3;-9.854756927E0;9.854847835E0
6.399358700E1;3.757186890E-2;2.095642090E-3;-9.833351440E0;9.833423442E0
6.400362900E1;5.733078003E-2;-4.640350342E-3;-9.828711090E0;9.828879389E0
6.401367000E1;4.056564331E-2;2.993774414E-3;-9.858050079E0;9.858133997E0
6.402371100E1;2.679428101E-2;-3.293151855E-3;-9.832752686E0;9.832789744E0
6.403375200E1;3.472778320E-2;6.885681152E-3;-9.850266266E0;9.850329890E0
6.404379400E1;1.871109009E-2;2.245330811E-3;-9.864337006E0;9.864355007E0
6.405383500E1;2.020797729E-2;-2.215393066E-2;-9.823621674E0;9.823667439E0
6.406387600E1;5.298980713E-2;-6.885681152E-3;-9.819430389E0;9.819575780E0
6.407391800E1;5.029541016E-2;-2.559677124E-2;-9.843679962E0;9.843841731E0
6.408395900E1;5.912704468E-2;-2.125579834E-2;-9.809550934E0;9.809752155E0
6.409400000E1;5.643264771E-2;-5.388793945E-3;-9.797875214E0;9.798039211E0
6.410404100E1;5.343887329E-2;-3.203338623E-2;-9.826016693E0;9.826214220E0
6.411408300E1;4.101470947E-2;-1.856140137E-2;-9.821975098E0;9.822078270E0
6.412412400E1;5.089416504E-3;-9.729766846E-3;-9.822723541E0;9.822729679E0
6.413416500E1;2.380050659E-2;-2.170486450E-2;-9.844428406E0;9.844481104E0
6.414420600E1;6.212081909E-2;-4.161346436E-2;-9.812095642E0;9.812380525E0
6.415424800E1;6.930587769E-2;-2.948867798E-2;-9.834399261E0;9.834687678E0
6.416428900E1;5.373825073E-2;-1.736389160E-2;-9.801767120E0;9.801929809E0
6.417433000E1;4.655319214E-2;-1.556762695E-2;-9.817185059E0;9.817307779E0
6.418437100E1;4.026626587E-2;-1.137634277E-2;-9.788295135E0;9.788384568E0
6.419441300E1;1.242416382E-2;2.095642090E-3;-9.810449066E0;9.810457157E0
6.420445400E1;3.742218018E-3;7.634124756E-3;-9.836794281E0;9.836797955E0
6.421449500E1;3.143463135E-3;1.047821045E-2;-9.814939728E0;9.814945824E0
6.422453600E1;2.694396973E-3;1.212478638E-2;-9.827513580E0;9.827521429E0
6.423457800E1;1.945953369E-3;-5.239105225E-3;-9.801617432E0;9.801619025E0
6.424461900E1;2.170486450E-2;-1.047821045E-3;-9.831854553E0;9.831878567E0
6.425466000E1;-7.334747314E-3;-1.047821045E-2;-9.836794281E0;9.836802596E0
6.426470100E1;-1.377136230E-2;-2.080673218E-2;-9.819879456E0;9.819911155E0
6.427474300E1;-4.026626587E-2;-2.275268555E-2;-9.830806732E0;9.830915525E0
6.428478400E1;-2.185455322E-2;-1.422042847E-2;-9.833351440E0;9.833386009E0
6.429482500E1;7.484436035E-4;-3.727249146E-2;-9.770931244E0;9.771002363E0
6.430486600E1;6.271957397E-2;-2.978805542E-2;-9.807604980E0;9.807850760E0
6.431490800E1;9.879455566E-2;-3.397933960E-2;-9.802665253E0;9.803221971E0
6.432494900E1;1.261875916E-1;-4.879852295E-2;-9.808652802E0;9.809585842E0
6.433499000E1;9.924362183E-2;-2.903961182E-2;-9.822873230E0;9.823417485E0
6.434503100E1;6.286926270E-2;-2.275268555E-2;-9.853709106E0;9.853935934E0
6.435507300E1;3.457809448E-2;3.891906738E-3;-9.840237122E0;9.840298644E0
6.436511400E1;-6.885681152E-3;2.245330811E-2;-9.834548950E0;9.834576992E0
6.437515500E1;-6.885681152E-3;3.053649902E-2;-9.835596771E0;9.835646585E0
6.438519600E1;4.640350342E-3;7.783813477E-3;-9.818831635E0;9.818835816E0
6.439523800E1;3.038681030E-2;1.197509766E-2;-9.795929260E0;9.795983709E0
6.440527900E1;3.218307495E-2;1.317260742E-2;-9.783505096E0;9.783566898E0
6.441532000E1;5.658233643E-2;1.002914429E-2;-9.790839844E0;9.791008477E0
6.442536100E1;5.822891235E-2;1.646575928E-3;-9.796827393E0;9.797000576E0
6.443540300E1;5.343887329E-2;-1.422042847E-2;-9.783804474E0;9.783960748E0
6.444544400E1;4.954696655E-2;-4.415817261E-2;-9.785151672E0;9.785376748E0
6.445548500E1;4.520599365E-2;-3.502716064E-2;-9.797575836E0;9.797742737E0
6.446552600E1;1.990859985E-2;-3.427871704E-2;-9.763895874E0;9.763976343E0
6.447556800E1;9.580078125E-3;-3.517684937E-2;-9.769883423E0;9.769951447E0
6.448560900E1;2.409988403E-2;-3.712280273E-2;-9.775571594E0;9.775671788E0
6.449565000E1;1.481918335E-2;-4.819976807E-2;-9.773026886E0;9.773156979E0
6.450569100E1;1.811233521E-2;-3.502716064E-2;-9.798174591E0;9.798253940E0
6.451573300E1;4.251159668E-2;-4.116439819E-2;-9.782606964E0;9.782785941E0
6.452577400E1;4.415817261E-2;-1.826202393E-2;-9.813293152E0;9.813409496E0
6.453581500E1;4.026626587E-2;-1.631607056E-2;-9.832004242E0;9.832100233E0
6.454585700E1;4.879852295E-2;-1.392105103E-2;-9.834099884E0;9.834230810E0
6.455589800E1;6.062393188E-2;3.293151855E-3;-9.837542725E0;9.837730072E0
6.456593900E1;5.059478760E-2;-6.286926270E-3;-9.799072723E0;9.799205355E0
6.457598000E1;4.311035156E-2;3.143463135E-3;-9.762249298E0;9.762344992E0
6.458602200E1;1.945953369E-2;4.640350342E-3;-9.799372101E0;9.799392521E0
6.459606300E1;2.424957275E-2;-4.490661621E-3;-9.790690155E0;9.790721215E0
6.460610400E1;7.484436035E-4;4.191284180E-3;-9.804162140E0;9.804163064E0
6.461614500E1;-7.035369873E-3;-1.347198486E-3;-9.802216187E0;9.802218804E0
6.462618700E1;2.574645996E-2;1.646575928E-3;-9.820478210E0;9.820512098E0
6.463622800E1;1.990859985E-2;-2.275268555E-2;-9.802964630E0;9.803011250E0
6.464626900E1;2.514770508E-2;-1.302291870E-2;-9.774972839E0;9.775013863E0
6.465631000E1;2.035766602E-2;5.987548828E-4;-9.812844086E0;9.812865221E0
6.466635200E1;3.472778320E-2;-8.382568359E-3;-9.787995758E0;9.788060954E0
6.467639300E1;2.544708252E-2;-7.933502197E-3;-9.772278442E0;9.772314795E0
6.468643400E1;2.469863892E-2;1.392105103E-2;-9.811347198E0;9.811388162E0
6.469647500E1;3.008743286E-2;-7.484436035E-4;-9.827064514E0;9.827110602E0
6.470651700E1;2.993774414E-2;-1.646575928E-3;-9.836195526E0;9.836241224E0
6.471655800E1;3.876937866E-2;-9.430389404E-3;-9.836494904E0;9.836575826E0
6.472659900E1;6.137237549E-2;-4.640350342E-3;-9.810748444E0;9.810941500E0
6.473664000E1;6.092330933E-2;-4.790039062E-3;-9.787097626E0;9.787288416E0
6.474668200E1;7.379653931E-2;-6.436614990E-3;-9.792037354E0;9.792317544E0
6.475672300E1;8.247848511E-2;-3.023712158E-2;-9.779762878E0;9.780157409E0
6.476676400E1;5.718109131E-2;-2.484832764E-2;-9.792187042E0;9.792385521E0
6.477680500E1;6.137237549E-2;-4.879852295E-2;-9.818532257E0;9.818845327E0
6.478684700E1;6.137237549E-2;-4.805007935E-2;-9.812245331E0;9.812554907E0
6.479688800E1;6.990463257E-2;-4.819976807E-2;-9.816885681E0;9.817252892E0
6.480692900E1;6.436614990E-2;-5.613327026E-2;-9.841883698E0;9.842254247E0
6.481697000E1;3.338058472E-2;-3.757186890E-2;-9.804162140E0;9.804290957E0
6.482701200E1;1.856140137E-2;-3.802093506E-2;-9.809700623E0;9.809791864E0
6.483705300E1;1.466949463E-2;-7.634124756E-3;-9.811945953E0;9.811959889E0
6.484709400E1;-1.137634277E-2;-1.182540894E-2;-9.808054047E0;9.808067773E0
6.485713500E1;1.526824951E-2;-1.526824951E-2;-9.823172607E0;9.823196339E0
6.486717700E1;1.556762695E-2;-2.095642090E-2;-9.819430389E0;9.819465092E0
6.487721800E1;1.152603149E-2;-5.104385376E-2;-9.832752686E0;9.832891930E0
6.488725900E1;2.290237427E-2;-3.936813354E-2;-9.817783813E0;9.817889456E0
6.489729875E1;5.089416504E-2;-3.607498169E-2;-9.811347198E0;9.811545519E0
6.490734075E1;4.969665527E-2;-2.170486450E-2;-9.796378326E0;9.796528425E0
6.491738175E1;5.448669434E-2;-2.380050659E-2;-9.809101868E0;9.809282069E0
6.492742275E1;7.738906860E-2;-1.242416382E-2;-9.800868988E0;9.801182395E0
6.493746375E1;3.936813354E-2;-3.427871704E-2;-9.827513580E0;9.827652215E0
6.494750575E1;4.206253052E-2;-1.061293030E-1;-9.846074982E0;9.846736781E0
6.495754675E1;6.616241455E-2;-1.371148682E-1;-9.858948212E0;9.860123620E0
6.496758775E1;5.583389282E-2;-1.109193420E-1;-9.830657043E0;9.831441320E0
6.497762875E1;3.218307495E-2;-8.038284302E-2;-9.839338989E0;9.839719960E0
6.498767075E1;1.916015625E-2;-4.640350342E-3;-9.802964630E0;9.802984453E0
6.499771175E1;3.353027344E-2;4.131408691E-2;-9.837692413E0;9.837836304E0
6.500775275E1;2.439926147E-2;4.924758911E-2;-9.832303619E0;9.832457227E0
6.501779375E1;-2.694396973E-3;6.616241455E-2;-9.795629883E0;9.795853691E0
6.502783575E1;-9.535171509E-2;5.373825073E-2;-9.764344940E0;9.764958364E0
6.503787675E1;-1.320254517E-1;3.218307495E-2;-9.812095642E0;9.813036602E0
6.504791775E1;-9.580078125E-2;3.697311401E-2;-9.802216187E0;9.802754050E0
6.505795875E1;-8.936416626E-2;6.286926270E-3;-9.833650818E0;9.834058871E0
6.506800075E1;3.412902832E-2;-4.041595459E-3;-9.830806732E0;9.830866805E0
6.507804175E1;2.076182556E-1;-1.856140137E-2;-9.777218170E0;9.779439913E0
6.508808275E1;2.475851440E-1;2.978805542E-2;-9.756710815E0;9.759897114E0
6.509812375E1;1.573228455E-1;6.466552734E-2;-9.760902100E0;9.762384028E0
6.510816575E1;-1.556762695E-2;8.981323242E-2;-9.783654785E0;9.784079401E0
6.511820675E1;-1.306782532E-1;5.388793945E-2;-9.837842102E0;9.838857553E0
6.512824775E1;-5.448669434E-2;2.918930054E-2;-9.800868988E0;9.801063908E0
6.513828875E1;1.067280579E-1;3.293151855E-3;-9.759854279E0;9.760438374E0
6.514833075E1;1.543290710E-1;1.766326904E-2;-9.736053772E0;9.737292873E0
6.515837175E1;6.256988525E-2;3.173400879E-2;-9.777816925E0;9.778068616E0
6.516841275E1;8.831634521E-3;-2.020797729E-2;-9.839638367E0;9.839663081E0
6.517845375E1;-1.796264648E-2;-1.661544800E-2;-9.897717590E0;9.897747836E0
6.518849575E1;-6.286926270E-3;-4.400848389E-2;-9.874665527E0;9.874765595E0
6.519853675E1;3.966751099E-2;-4.655319214E-2;-9.851912842E0;9.852102687E0
6.520857775E1;5.164260864E-2;-1.187031555E-1;-9.803713074E0;9.804567682E0
6.521861875E1;1.227447510E-2;-1.531315613E-1;-9.770182800E0;9.771390479E0
6.522866075E1;7.035369873E-3;-1.564247131E-1;-9.760453033E0;9.761708949E0
6.523870175E1;3.562591553E-2;-9.699829102E-2;-9.792486420E0;9.793031612E0
6.524874275E1;1.736389160E-2;-4.894821167E-2;-9.791887665E0;9.792025402E0
6.525878375E1;4.595443726E-2;-2.694396973E-3;-9.796677704E0;9.796785856E0
6.526882575E1;8.143066406E-2;2.170486450E-2;-9.803563385E0;9.803925596E0
6.527886675E1;1.107696533E-1;2.844085693E-2;-9.791588287E0;9.792256123E0
6.528890775E1;1.079255676E-1;3.592529297E-3;-9.831704865E0;9.832297869E0
6.529894875E1;4.879852295E-2;-3.592529297E-3;-9.869725800E0;9.869847089E0
6.530899075E1;-3.293151855E-3;-1.856140137E-2;-9.834399261E0;9.834417329E0
6.531903175E1;9.879455566E-3;-3.323089600E-2;-9.816586304E0;9.816647521E0
6.532907275E1;3.517684937E-2;-5.164260864E-2;-9.822573853E0;9.822772595E0
6.533911375E1;5.837860107E-2;-4.520599365E-2;-9.807155914E0;9.807433852E0
6.534915575E1;9.819580078E-2;-4.221221924E-2;-9.795330505E0;9.795913638E0
6.535919675E1;9.729766846E-2;-5.239105225E-3;-9.819430389E0;9.819913821E0
6.536923775E1;4.805007935E-2;2.888992310E-2;-9.863289185E0;9.863448534E0
6.537927875E1;3.562591553E-2;1.556762695E-2;-9.840985565E0;9.841062364E0
6.538932075E1;5.478607178E-2;5.089416504E-3;-9.836195526E0;9.836349417E0
6.539936175E1;7.694000244E-2;-4.340972900E-3;-9.805808716E0;9.806111522E0
6.540940275E1;9.205856323E-2;-1.002914429E-2;-9.804311829E0;9.804749145E0
6.541944375E1;3.068618774E-2;1.796264648E-3;-9.799222412E0;9.799270623E0
6.542948575E1;-1.616638184E-2;5.239105225E-3;-9.818532257E0;9.818546964E0
6.543952675E1;-3.622467041E-2;-1.347198486E-3;-9.836195526E0;9.836262322E0
6.544956775E1;-4.161346436E-2;2.035766602E-2;-9.851763153E0;9.851872073E0
6.545960975E1;-8.981323242E-3;9.580078125E-3;-9.836794281E0;9.836803046E0
6.546965075E1;2.784210205E-2;1.871109009E-2;-9.826166382E0;9.826223641E0
6.547969175E1;7.634124756E-2;-1.945953369E-3;-9.795330505E0;9.795628182E0
6.548973275E1;6.945556641E-2;-8.232879639E-3;-9.807006226E0;9.807255629E0
6.549977475E1;3.802093506E-2;-3.412902832E-2;-9.833950195E0;9.834082917E0
6.550981575E1;2.365081787E-2;-6.122268677E-2;-9.843679962E0;9.843898759E0
6.551985675E1;1.646575928E-3;-7.933502197E-2;-9.850565643E0;9.850885252E0
6.552989775E1;1.571731567E-2;-6.960525513E-2;-9.839039612E0;9.839298370E0
6.553993975E1;3.742218018E-2;-6.002517700E-2;-9.840835876E0;9.841090091E0
6.554998075E1;7.738906860E-2;-3.757186890E-2;-9.829160156E0;9.829536616E0
6.556002175E1;4.879852295E-2;1.676513672E-2;-9.816885681E0;9.817021282E0
6.557006275E1;1.706451416E-2;8.038284302E-2;-9.823771362E0;9.824115043E0
6.558010475E1;-1.571731567E-2;8.158035278E-2;-9.826465759E0;9.826816967E0
6.559014575E1;-3.712280273E-2;8.068222046E-2;-9.791737976E0;9.792140742E0
6.560018675E1;-1.302291870E-2;4.685256958E-2;-9.798623657E0;9.798744324E0
6.561022775E1;-3.293151855E-3;1.496887207E-4;-9.814640350E0;9.814640904E0
6.562026975E1;2.260299683E-2;-1.766326904E-2;-9.790390778E0;9.790432803E0
6.563031075E1;2.933898926E-2;-3.697311401E-2;-9.796228638E0;9.796342343E0
6.564035175E1;2.305206299E-2;-4.730163574E-2;-9.797426147E0;9.797567451E0
6.565039275E1;3.607498169E-2;-4.849914551E-2;-9.817484436E0;9.817670509E0
6.566043475E1;6.077362061E-2;-4.894821167E-2;-9.807455292E0;9.807765732E0
6.567047575E1;8.292755127E-2;-3.278182983E-2;-9.831405487E0;9.831809878E0
6.568051675E1;4.640350342E-2;-9.879455566E-3;-9.851463776E0;9.851578016E0
6.569055775E1;4.385879517E-2;4.640350342E-3;-9.825268250E0;9.825367235E0
6.570059975E1;6.765930176E-2;-2.993774414E-3;-9.838141479E0;9.838374587E0
6.571064075E1;6.765930176E-2;1.751358032E-2;-9.816436615E0;9.816685404E0
6.572068175E1;1.766326904E-2;3.517684937E-2;-9.764494629E0;9.764573967E0
6.573072275E1;2.290237427E-2;4.071533203E-2;-9.773326263E0;9.773437906E0
6.574076475E1;2.200424194E-2;1.811233521E-2;-9.815239105E0;9.815280482E0
6.575080575E1;-9.131011963E-3;2.859054565E-2;-9.804910583E0;9.804956519E0
6.576084675E1;1.062789917E-2;1.945953369E-2;-9.798473969E0;9.798499055E0
6.577088775E1;5.209167480E-2;4.894821167E-2;-9.790989532E0;9.791250456E0
6.578092975E1;8.861572266E-2;2.814147949E-2;-9.836644592E0;9.837083995E0
6.579097075E1;1.631607056E-2;-4.730163574E-2;-9.857451324E0;9.857578317E0
6.580101175E1;-3.293151855E-3;-8.083190918E-2;-9.865833893E0;9.866165569E0
6.581105275E1;-5.388793945E-3;-6.197113037E-2;-9.797126770E0;9.797324247E0
6.582109475E1;8.382568359E-3;-6.870712280E-2;-9.792486420E0;9.792731040E0
6.583113575E1;7.634124756E-2;-5.643264771E-2;-9.789492645E0;9.789952956E0
6.584117675E1;4.385879517E-2;-3.652404785E-2;-9.787546692E0;9.787713106E0
6.585121775E1;3.218307495E-2;6.436614990E-3;-9.808203735E0;9.808258647E0
6.586125975E1;4.520599365E-2;2.005828857E-2;-9.834249573E0;9.834373929E0
6.587130075E1;5.628295898E-2;4.221221924E-2;-9.825567627E0;9.825819499E0
6.588134175E1;6.795867920E-2;3.906875610E-2;-9.810598755E0;9.810911919E0
6.589138329E1;3.712280273E-2;2.694396973E-2;-9.804012451E0;9.804119758E0
6.590142529E1;1.826202393E-2;3.143463135E-3;-9.821076965E0;9.821094447E0
6.591146629E1;4.251159668E-2;-2.170486450E-2;-9.844129028E0;9.844244748E0
6.592150729E1;-7.484436035E-3;-1.362167358E-2;-9.803413696E0;9.803426017E0
6.593154829E1;-7.185058594E-3;1.047821045E-3;-9.762398987E0;9.762401687E0
6.594159029E1;2.005828857E-2;-1.017883301E-2;-9.804910583E0;9.804936384E0
6.595163129E1;4.236190796E-2;2.993774414E-3;-9.770182800E0;9.770275096E0
6.596167229E1;1.392105103E-2;-9.879455566E-3;-9.753717041E0;9.753731979E0
6.597171329E1;2.903961182E-2;-7.185058594E-3;-9.790540466E0;9.790586170E0
6.598175529E1;2.933898926E-2;-4.116439819E-2;-9.794282684E0;9.794413131E0
6.599179629E1;2.200424194E-2;-3.921844482E-2;-9.762997742E0;9.763101309E0
6.600183729E1;4.775070190E-2;-5.733078003E-2;-9.802964630E0;9.803248568E0
6.601187829E1;3.427871704E-2;-7.185058594E-2;-9.781409454E0;9.781733407E0
6.602192029E1;9.430389404E-3;-5.718109131E-2;-9.792935486E0;9.793106966E0
6.603196129E1;3.263214111E-2;-4.879852295E-2;-9.815089417E0;9.815264969E0
6.604200229E1;3.382965088E-2;-3.847000122E-2;-9.836794281E0;9.836927677E0
6.605204329E1;3.727249146E-2;6.436614990E-3;-9.811347198E0;9.811420107E0
6.606208529E1;4.535568237E-2;1.496887207E-4;-9.825417938E0;9.825522623E0
6.607212629E1;6.436614990E-2;8.981323242E-4;-9.804461517E0;9.804672838E0
6.608216729E1;7.304809570E-2;-1.616638184E-2;-9.793534241E0;9.793820006E0
6.609220829E1;5.792953491E-2;-3.847000122E-2;-9.809251556E0;9.809498044E0
6.610225029E1;5.478607178E-2;-2.439926147E-2;-9.811646576E0;9.811829869E0
6.611229129E1;2.185455322E-2;-5.014572144E-2;-9.823172607E0;9.823324910E0
6.612233229E1;3.427871704E-2;-5.134323120E-2;-9.843530273E0;9.843723858E0
6.613237329E1;3.173400879E-2;-2.724334717E-2;-9.839189301E0;9.839278192E0
6.614241529E1;3.323089600E-2;-1.272354126E-2;-9.835596771E0;9.835661138E0
6.615245629E1;3.083587646E-2;-1.960922241E-2;-9.835447083E0;9.835514968E0
6.616249729E1;6.586303711E-3;-4.340972900E-3;-9.832902374E0;9.832905538E0
6.617253829E1;-2.993774414E-4;6.885681152E-3;-9.842332764E0;9.842335177E0
6.618258029E1;1.556762695E-2;4.041595459E-3;-9.805958405E0;9.805971595E0
6.619262129E1;2.409988403E-2;-6.735992432E-3;-9.802665253E0;9.802697192E0
6.620266229E1;4.146377563E-2;-1.751358032E-2;-9.805958405E0;9.806061707E0
6.621270329E1;3.188369751E-2;-5.688171387E-3;-9.811197510E0;9.811250965E0
6.622274529E1;2.948867798E-2;-1.182540894E-2;-9.810149689E0;9.810201136E0
6.623278629E1;1.212478638E-2;-1.526824951E-2;-9.811945953E0;9.811965324E0
6.624282729E1;2.844085693E-3;2.993774414E-4;-9.798923035E0;9.798923452E0
6.625286829E1;2.350112915E-2;-1.736389160E-2;-9.802964630E0;9.803008178E0
6.626291029E1;2.200424194E-2;-2.095642090E-2;-9.797426147E0;9.797473270E0
6.627295129E1;2.918930054E-2;-1.631607056E-2;-9.812544708E0;9.812601688E0
6.628299229E1;4.490661621E-2;-1.122665405E-2;-9.817035370E0;9.817144498E0
6.629303329E1;3.353027344E-2;-1.317260742E-2;-9.854607239E0;9.854673086E0
6.630307529E1;2.739303589E-2;-1.272354126E-2;-9.827812958E0;9.827859370E0
6.631311629E1;3.263214111E-2;1.751358032E-2;-9.831255798E0;9.831325554E0
6.632315729E1;4.849914551E-2;1.751358032E-2;-9.820927277E0;9.821062644E0
6.633319829E1;3.742218018E-2;-1.945953369E-3;-9.837093658E0;9.837165031E0
6.634324029E1;3.517684937E-2;1.496887207E-4;-9.841284943E0;9.841347812E0
6.635328129E1;9.280700684E-3;3.248245239E-2;-9.839638367E0;9.839696359E0
6.636332229E1;4.640350342E-3;-3.742218018E-3;-9.826166382E0;9.826168190E0
6.637336329E1;8.831634521E-3;-1.317260742E-2;-9.844727783E0;9.844740557E0
6.638340529E1;1.451980591E-2;-1.062789917E-2;-9.834998016E0;9.835014477E0
6.639344629E1;3.682342529E-2;-1.676513672E-2;-9.841734009E0;9.841817176E0
6.640348729E1;5.433700562E-2;-3.068618774E-2;-9.854756927E0;9.854954503E0
6.641352829E1;4.520599365E-2;-2.140548706E-2;-9.860445099E0;9.860571957E0
6.642357029E1;4.909790039E-2;-2.125579834E-2;-9.813143463E0;9.813289308E0
6.643361129E1;3.397933960E-2;-8.981323242E-3;-9.835147705E0;9.835210503E0
6.644365229E1;2.739303589E-2;-9.280700684E-3;-9.811347198E0;9.811389828E0
6.645369329E1;1.302291870E-2;-7.783813477E-3;-9.800569611E0;9.800581354E0
6.646373529E1;5.688171387E-3;-6.137237549E-3;-9.794881439E0;9.794885014E0
6.647377629E1;2.290237427E-2;1.137634277E-2;-9.814340973E0;9.814374288E0
6.648381729E1;2.589614868E-2;9.131011963E-3;-9.802216187E0;9.802254646E0
6.649385829E1;8.382568359E-3;9.580078125E-3;-9.789193268E0;9.789201545E0
6.650390029E1;1.137634277E-2;7.484436035E-3;-9.785750427E0;9.785759902E0
6.651394129E1;1.182540894E-2;7.035369873E-3;-9.764195251E0;9.764204947E0
6.652398229E1;2.095642090E-3;-3.293151855E-3;-9.750124512E0;9.750125293E0
6.653402329E1;7.783813477E-3;-1.107696533E-2;-9.736951904E0;9.736961316E0
6.654406529E1;5.224136353E-2;-2.679428101E-2;-9.730515289E0;9.730692416E0
6.655410629E1;4.131408691E-2;-3.083587646E-2;-9.740694122E0;9.740830544E0
6.656414729E1;2.185455322E-2;-2.963836670E-2;-9.771979065E0;9.772048450E0
6.657418829E1;3.068618774E-2;-4.236190796E-2;-9.800120544E0;9.800260142E0
6.658423029E1;1.916015625E-2;-4.730163574E-2;-9.825118561E0;9.825251106E0
6.659427129E1;1.107696533E-2;-7.110214233E-2;-9.843829651E0;9.844092666E0
6.660431229E1;3.936813354E-2;-8.756790161E-2;-9.849068756E0;9.849536707E0
6.661435329E1;4.700225830E-2;-6.990463257E-2;-9.823471985E0;9.823833147E0
6.662439529E1;4.819976807E-2;-5.763015747E-2;-9.811347198E0;9.811634843E0
6.663443629E1;5.014572144E-2;-4.640350342E-2;-9.812844086E0;9.813081928E0
6.664447729E1;5.328918457E-2;-3.772155762E-2;-9.811945953E0;9.812163168E0
6.665451829E1;4.640350342E-2;-8.083190918E-3;-9.817334747E0;9.817447742E0
6.666456029E1;3.098556519E-2;3.128494263E-2;-9.827064514E0;9.827163162E0
6.667460129E1;3.308120728E-2;4.445755005E-2;-9.795629883E0;9.795786627E0
6.668464229E1;3.083587646E-2;4.819976807E-2;-9.792336731E0;9.792503905E0
6.669468329E1;-5.688171387E-3;3.921844482E-2;-9.779014435E0;9.779094731E0
6.670472529E1;-3.891906738E-3;-8.232879639E-3;-9.805958405E0;9.805962633E0
6.671476629E1;-6.286926270E-3;-2.469863892E-2;-9.806108093E0;9.806141213E0
6.672480729E1;-3.487747192E-2;-4.400848389E-2;-9.815239105E0;9.815399731E0
6.673484829E1;-9.430389404E-3;-6.032455444E-2;-9.788444824E0;9.788635250E0
6.674489029E1;2.110610962E-2;-5.628295898E-2;-9.811047821E0;9.811231961E0
6.675493129E1;4.864883423E-2;-4.400848389E-2;-9.820029144E0;9.820248258E0
6.676497229E1;7.244934082E-2;-2.320175171E-2;-9.823022919E0;9.823317489E0
6.677501329E1;6.466552734E-2;-2.844085693E-3;-9.802814941E0;9.803028639E0
6.678505529E1;5.613327026E-2;-5.538482666E-3;-9.813742218E0;9.813904317E0
6.679509629E1;4.924758911E-2;-2.694396973E-3;-9.829459534E0;9.829583272E0
6.680513729E1;3.173400879E-2;-2.844085693E-3;-9.844278717E0;9.844330277E0
6.681517829E1;4.595443726E-2;2.993774414E-4;-9.807904358E0;9.808012020E0
6.682522029E1;4.026626587E-2;-8.382568359E-3;-9.806407471E0;9.806493722E0
6.683526129E1;2.829116821E-2;9.879455566E-3;-9.803862762E0;9.803908560E0
6.684530229E1;3.921844482E-2;1.017883301E-2;-9.809550934E0;9.809634612E0
6.685534329E1;3.652404785E-2;2.290237427E-2;-9.794881439E0;9.794976311E0
6.686538529E1;8.681945801E-3;4.071533203E-2;-9.820927277E0;9.821015512E0
6.687542629E1;1.287322998E-2;9.280700684E-3;-9.796528015E0;9.796540869E0
6.688546729E1;1.377136230E-2;8.532257080E-3;-9.818981323E0;9.818994688E0
6.689550787E1;1.197509766E-3;8.981323242E-4;-9.820328522E0;9.820328636E0
6.690554987E1;1.571731567E-2;-2.963836670E-2;-9.814640350E0;9.814697686E0
6.691559087E1;1.451980591E-2;-4.116439819E-2;-9.801467743E0;9.801564939E0
6.692563188E1;3.128494263E-2;-2.529739380E-2;-9.830058289E0;9.830140623E0
6.693567288E1;1.706451416E-2;-2.544708252E-2;-9.802665253E0;9.802713135E0
6.694571488E1;1.541793823E-2;-3.068618774E-2;-9.784253540E0;9.784313808E0
6.695575587E1;2.260299683E-2;-3.936813354E-2;-9.793683929E0;9.793789137E0
6.696579687E1;2.275268555E-2;-5.837860107E-3;-9.823172607E0;9.823200692E0
6.697583788E1;2.514770508E-2;-1.841171265E-2;-9.806856537E0;9.806906063E0
6.698587988E1;3.517684937E-2;-3.233276367E-2;-9.801767120E0;9.801883569E0
6.699592088E1;5.014572144E-2;-2.679428101E-2;-9.791438599E0;9.791603666E0
6.700596187E1;5.343887329E-2;-4.535568237E-2;-9.810149689E0;9.810400082E0
6.701600287E1;6.137237549E-2;-1.118174744E-1;-9.882599030E0;9.883422145E0
6.702604487E1;9.235794067E-2;-1.393601990E-1;-9.893675995E0;9.895088476E0
6.703608588E1;9.969268799E-2;-1.002914429E-1;-9.842332764E0;9.843348578E0
6.704612688E1;1.077758789E-1;-7.259902954E-2;-9.812544708E0;9.813405113E0
6.705616787E1;8.816665649E-2;-6.556365967E-2;-9.774074707E0;9.774692237E0
6.706620988E1;6.346801758E-2;-3.397933960E-2;-9.764195251E0;9.764460645E0
6.707625087E1;1.676513672E-2;-4.041595459E-2;-9.760602722E0;9.760700795E0
6.708629188E1;1.362167358E-2;-3.278182983E-2;-9.788744202E0;9.788808571E0
6.709633288E1;6.137237549E-3;-9.580078125E-3;-9.793983307E0;9.793989915E0
6.710637488E1;-2.694396973E-3;-1.347198486E-3;-9.789043579E0;9.789044043E0
6.711641588E1;1.002914429E-2;-3.891906738E-3;-9.801168365E0;9.801174269E0
6.712645687E1;3.263214111E-2;6.286926270E-3;-9.811347198E0;9.811403479E0
6.713649788E1;3.083587646E-2;1.871109009E-2;-9.803114319E0;9.803180673E0
6.714653987E1;3.951782227E-2;1.646575928E-2;-9.808652802E0;9.808746228E0
6.715658088E1;3.832031250E-2;6.286926270E-3;-9.793234863E0;9.793311853E0
6.716662188E1;2.859054565E-2;1.975891113E-2;-9.788295135E0;9.788356833E0
6.717666287E1;4.400848389E-2;3.188369751E-2;-9.800719299E0;9.800869967E0
6.718670487E1;4.281097412E-2;4.805007935E-2;-9.793683929E0;9.793895369E0
6.719674587E1;4.086502075E-2;4.340972900E-2;-9.830806732E0;9.830987507E0
6.720678688E1;5.358856201E-2;3.906875610E-2;-9.829908600E0;9.830132308E0
6.721682788E1;6.286926270E-2;-5.987548828E-4;-9.877958679E0;9.878158764E0
6.722686988E1;5.074447632E-2;-2.230361938E-2;-9.874815216E0;9.874970785E0
6.723691087E1;4.505630493E-2;-2.350112915E-2;-9.859247589E0;9.859378550E0
6.724695187E1;5.044509888E-2;-3.023712158E-2;-9.853559418E0;9.853734936E0
6.725699288E1;3.173400879E-2;-1.092727661E-2;-9.855804749E0;9.855861895E0
6.726703488E1;1.182540894E-2;-1.661544800E-2;-9.814041595E0;9.814062785E0
6.727707588E1;7.933502197E-3;-1.002914429E-2;-9.801767120E0;9.801775462E0
6.728711687E1;8.532257080E-3;-7.334747314E-3;-9.807604980E0;9.807611435E0
6.729715788E1;-4.939727783E-3;-2.095642090E-3;-9.823921051E0;9.823922516E0
6.730719987E1;8.382568359E-3;-5.837860107E-3;-9.804162140E0;9.804167462E0
6.731724088E1;2.200424194E-2;1.377136230E-2;-9.800419922E0;9.800454300E0
6.732728188E1;7.484436035E-3;-7.783813477E-3;-9.797276459E0;9.797282410E0
6.733732287E1;-3.487747192E-2;-5.538482666E-3;-9.843081207E0;9.843144557E0
6.734736488E1;-7.738906860E-2;8.083190918E-3;-9.810000000E0;9.810308579E0
6.735740587E1;-5.643264771E-2;2.335144043E-2;-9.812245331E0;9.812435394E0
6.736744688E1;1.556762695E-2;-5.837860107E-3;-9.795779572E0;9.795793681E0
6.737748788E1;4.909790039E-2;-1.526824951E-2;-9.796378326E0;9.796513259E0
6.738752988E1;8.846603394E-2;-2.514770508E-2;-9.777816925E0;9.778249458E0
6.739757088E1;9.475296021E-2;-3.113525391E-2;-9.775272217E0;9.775781014E0
6.740761187E1;6.391708374E-2;-2.185455322E-2;-9.762848053E0;9.763081743E0
6.741765288E1;-1.945953369E-2;-1.841171265E-2;-9.829160156E0;9.829196663E0
6.742769487E1;-4.296066284E-2;-2.439926147E-2;-9.790540466E0;9.790665124E0
6.743773588E1;-1.077758789E-2;-4.011657715E-2;-9.786648560E0;9.786736715E0
6.744777687E1;1.975891113E-2;-5.014572144E-2;-9.778715057E0;9.778863594E0
6.745781787E1;4.535568237E-2;-5.553451538E-2;-9.786947937E0;9.787210590E0
6.746785987E1;4.251159668E-2;-6.451583862E-2;-9.801467743E0;9.801772260E0
6.747790088E1;3.008743286E-2;-6.391708374E-2;-9.821376343E0;9.821630410E0
6.748794188E1;6.376739502E-2;-7.903564453E-2;-9.857451324E0;9.857974413E0
6.749798287E1;9.864486694E-2;-5.568420410E-2;-9.870623932E0;9.871273897E0
6.750802488E1;9.430389404E-2;-4.805007935E-2;-9.853260040E0;9.853828467E0
6.751806587E1;9.789642334E-2;-4.490661621E-2;-9.844129028E0;9.844718210E0
6.752810688E1;9.580078125E-2;-3.517684937E-2;-9.842033386E0;9.842562490E0
6.753814788E1;6.526428223E-2;-1.601669312E-2;-9.815239105E0;9.815469151E0
6.754818988E1;2.170486450E-2;-1.496887207E-3;-9.815987549E0;9.816011660E0
6.755823088E1;2.155517578E-2;6.286926270E-3;-9.830657043E0;9.830682685E0
6.756827187E1;4.939727783E-3;-2.395019531E-3;-9.821076965E0;9.821078500E0
6.757831288E1;-3.188369751E-2;1.137634277E-2;-9.801168365E0;9.801226827E0
6.758835487E1;-2.065704346E-2;2.694396973E-3;-9.836494904E0;9.836516963E0
6.759839588E1;9.804611206E-2;-3.278182983E-2;-9.790241089E0;9.790786907E0
6.760843688E1;1.658551025E-1;-2.874023438E-2;-9.734856262E0;9.736311435E0
6.761847787E1;1.953437805E-1;-2.170486450E-2;-9.721234589E0;9.723221288E0
6.762851987E1;9.220825195E-2;-9.280700684E-3;-9.774673462E0;9.775112776E0
6.763856087E1;-2.110610962E-2;-4.640350342E-3;-9.790091400E0;9.790115251E0
6.764860188E1;-7.035369873E-2;-1.646575928E-3;-9.827812958E0;9.828064911E0
6.765864288E1;-3.353027344E-2;2.245330811E-3;-9.808054047E0;9.808111618E0
6.766868488E1;3.577560425E-2;4.475692749E-2;-9.797875214E0;9.798042752E0
6.767872587E1;7.873626709E-2;8.876541138E-2;-9.738149414E0;9.738872250E0
6.768876687E1;1.151106262E-1;9.370513916E-2;-9.748178558E0;9.749308504E0
6.769880788E1;1.399589539E-1;3.742218018E-3;-9.816137238E0;9.817135671E0
6.770884988E1;7.394622803E-2;1.556762695E-2;-9.834249573E0;9.834539901E0
6.771889088E1;-2.424957275E-2;-1.856140137E-2;-9.803413696E0;9.803461260E0
6.772893187E1;-1.342707825E-1;-3.592529297E-2;-9.855954437E0;9.856934470E0
6.773897287E1;-1.537303162E-1;-4.939727783E-2;-9.800270233E0;9.801600366E0
6.774901487E1;-7.918533325E-2;-4.415817261E-2;-9.818831635E0;9.819250222E0
6.775905588E1;3.323089600E-2;-6.646179199E-2;-9.773775330E0;9.774057789E0
6.776909688E1;1.267863464E-1;-5.927673340E-2;-9.784103851E0;9.785104838E0
6.777913787E1;2.055226135E-1;-4.775070190E-2;-9.740843811E0;9.743128749E0
6.778917988E1;2.264790344E-1;-5.837860107E-3;-9.779613190E0;9.782237013E0
6.779922087E1;1.637594604E-1;-4.490661621E-4;-9.775571594E0;9.776943150E0
6.780926188E1;5.403762817E-2;1.945953369E-2;-9.826316071E0;9.826483921E0
6.781930288E1;-1.257385254E-2;6.586303711E-3;-9.860295410E0;9.860305627E0
6.782934488E1;-4.670288086E-2;-1.616638184E-2;-9.877210236E0;9.877333879E0
6.783938588E1;-1.736389160E-2;-3.727249146E-2;-9.890682220E0;9.890767692E0
6.784942687E1;5.538482666E-3;-3.532653809E-2;-9.895921326E0;9.895985930E0
6.785946788E1;1.152603149E-2;-1.362167358E-2;-9.867630157E0;9.867646291E0
6.786950987E1;5.837860107E-2;-3.891906738E-3;-9.831255798E0;9.831429895E0
6.787955088E1;9.325607300E-2;-2.993774414E-3;-9.784103851E0;9.784548729E0
6.788959188E1;8.756790161E-2;-2.993774414E-4;-9.759255524E0;9.759648385E0
6.789963292E1;5.179229736E-2;3.832031250E-2;-9.754465485E0;9.754678251E0
6.790967492E1;-6.107299805E-2;3.338058472E-2;-9.804760895E0;9.805007923E0
6.791971592E1;-1.354682922E-1;-1.257385254E-2;-9.814041595E0;9.814984574E0
6.792975692E1;-7.948471069E-2;-4.775070190E-2;-9.801168365E0;9.801606974E0
6.793979792E1;7.484436035E-3;-6.436614990E-2;-9.764794006E0;9.765009012E0
6.794983992E1;1.263372803E-1;-7.484436035E-2;-9.772128754E0;9.773231971E0
6.795988092E1;1.457968140E-1;-4.745132446E-2;-9.770332489E0;9.771535462E0
6.796992192E1;9.550140381E-2;-2.439926147E-2;-9.782606964E0;9.783103539E0
6.797996292E1;5.089416504E-3;9.729766846E-3;-9.804012451E0;9.804018600E0
6.799000492E1;-2.110610962E-2;2.050735474E-2;-9.859696655E0;9.859740572E0
6.800004592E1;-2.874023438E-2;8.532257080E-3;-9.829908600E0;9.829954317E0
6.801008692E1;4.340972900E-2;-1.616638184E-2;-9.802814941E0;9.802924387E0
6.802012792E1;7.484436035E-2;-3.637435913E-2;-9.787846069E0;9.788199806E0
6.803016992E1;9.056167603E-2;-3.622467041E-2;-9.820328522E0;9.820812895E0
6.804021092E1;5.493576050E-2;-2.290237427E-2;-9.836494904E0;9.836674969E0
6.805025192E1;1.212478638E-2;9.430389404E-3;-9.854158173E0;9.854170144E0
6.806029292E1;4.834945679E-2;2.245330811E-3;-9.891730042E0;9.891848458E0
6.807033492E1;1.103205872E-1;2.544708252E-3;-9.843679962E0;9.844298467E0
6.808037592E1;1.173559570E-1;-9.430389404E-3;-9.814340973E0;9.815047126E0
6.809041692E1;7.140151978E-2;-2.559677124E-2;-9.801617432E0;9.801910918E0
6.810045792E1;-6.735992432E-3;-2.499801636E-2;-9.845625916E0;9.845659955E0
6.811049892E1;-1.347198486E-2;-3.667373657E-2;-9.816137238E0;9.816214990E0
6.812054092E1;-2.694396973E-3;-3.203338623E-2;-9.847422180E0;9.847474650E0
6.813058192E1;1.017883301E-2;-7.634124756E-3;-9.812245331E0;9.812253580E0
6.814062292E1;-3.293151855E-3;1.975891113E-2;-9.833650818E0;9.833671220E0
6.815066492E1;-3.682342529E-2;2.754272461E-2;-9.804760895E0;9.804868728E0
6.816070592E1;-2.005828857E-2;2.948867798E-2;-9.849368134E0;9.849432702E0
6.817074692E1;-7.334747314E-3;-1.451980591E-2;-9.781409454E0;9.781422981E0
6.818078792E1;2.095642090E-2;-5.029541016E-2;-9.779014435E0;9.779166228E0
6.819082892E1;1.916015625E-2;-6.541397095E-2;-9.765093384E0;9.765331274E0
6.820087092E1;1.871109009E-2;-9.295669556E-2;-9.784253540E0;9.784712995E0
6.821091192E1;2.514770508E-2;-5.748046875E-2;-9.752818909E0;9.753020716E0
6.822095292E1;2.290237427E-2;-2.439926147E-2;-9.781559143E0;9.781616385E0
6.823099392E1;3.981719971E-2;1.691482544E-2;-9.814340973E0;9.814436319E0
6.824103592E1;5.119354248E-2;5.224136353E-2;-9.850116577E0;9.850388141E0
6.825107692E1;4.281097412E-2;1.496887207E-2;-9.812095642E0;9.812200453E0
6.826111792E1;3.412902832E-2;8.981323242E-4;-9.816286926E0;9.816346297E0
6.827115892E1;7.244934082E-2;-2.439926147E-2;-9.796528015E0;9.796826291E0
6.828120092E1;8.906478882E-2;-3.637435913E-2;-9.835896149E0;9.836366640E0
6.829124192E1;8.053253174E-2;-4.520599365E-2;-9.816586304E0;9.817020716E0
6.830128292E1;9.205856323E-2;-5.014572144E-2;-9.834399261E0;9.834957967E0
6.831132392E1;6.885681152E-2;-4.340972900E-2;-9.817933502E0;9.818270923E0
6.832136592E1;3.847000122E-2;-1.856140137E-2;-9.858349457E0;9.858441990E0
6.833140692E1;3.697311401E-2;-8.382568359E-3;-9.859996033E0;9.860068917E0
6.834144792E1;6.391708374E-2;9.280700684E-3;-9.874815216E0;9.875026434E0
6.835148892E1;7.873626709E-2;2.020797729E-2;-9.839937744E0;9.840273501E0
6.836153092E1;6.197113037E-2;1.751358032E-2;-9.836345215E0;9.836556020E0
6.837157192E1;6.047424316E-2;1.736389160E-2;-9.798024902E0;9.798226912E0
6.838161292E1;4.640350342E-2;2.155517578E-2;-9.806706848E0;9.806840323E0
6.839165392E1;1.930984497E-2;-3.742218018E-3;-9.799072723E0;9.799092464E0
6.840169592E1;2.619552612E-2;-1.661544800E-2;-9.836644592E0;9.836693505E0
6.841173692E1;8.981323242E-3;-5.104385376E-2;-9.822424164E0;9.822560898E0
6.842177792E1;2.619552612E-2;-4.146377563E-2;-9.832902374E0;9.833024690E0
6.843181892E1;1.526824951E-2;-4.296066284E-2;-9.790839844E0;9.790946000E0
6.844186092E1;3.487747192E-2;-4.610412598E-2;-9.819729767E0;9.819899934E0
6.845190192E1;5.358856201E-2;-5.269042969E-2;-9.823172607E0;9.823460087E0
6.846194292E1;4.954696655E-2;-5.164260864E-2;-9.786648560E0;9.786910232E0
6.847198392E1;3.787124634E-2;-3.832031250E-2;-9.780661011E0;9.780809398E0
6.848202592E1;4.266128540E-2;-2.125579834E-2;-9.784253540E0;9.784369634E0
6.849206692E1;2.380050659E-2;1.990859985E-2;-9.800569611E0;9.800618731E0
6.850210792E1;2.395019531E-3;1.571731567E-2;-9.800719299E0;9.800732195E0
6.851214892E1;-5.538482666E-3;1.751358032E-2;-9.811796265E0;9.811813458E0
6.852219092E1;5.388793945E-3;1.526824951E-2;-9.813293152E0;9.813306509E0
6.853223192E1;2.634521484E-2;1.032852173E-2;-9.803713074E0;9.803753913E0
6.854227292E1;3.652404785E-2;9.879455566E-3;-9.759405212E0;9.759478557E0
6.855231392E1;3.547622681E-2;1.706451416E-2;-9.786947937E0;9.787027112E0
6.856235592E1;3.682342529E-2;2.993774414E-3;-9.787696381E0;9.787766107E0
6.857239692E1;1.975891113E-2;-2.499801636E-2;-9.801318054E0;9.801369849E0
6.858243792E1;1.451980591E-2;-4.460723877E-2;-9.805359650E0;9.805471865E0
6.859247892E1;-1.496887207E-3;-7.125183105E-2;-9.799671478E0;9.799930619E0
6.860252092E1;6.286926270E-3;-5.703140259E-2;-9.802515564E0;9.802683484E0
6.861256192E1;-6.586303711E-3;-4.296066284E-2;-9.826465759E0;9.826561877E0
6.862260292E1;-1.796264648E-3;-4.849914551E-2;-9.793234863E0;9.793355119E0
6.863264392E1;-1.646575928E-3;-3.817062378E-2;-9.785451050E0;9.785525635E0
6.864268592E1;2.844085693E-3;-1.242416382E-2;-9.789492645E0;9.789500942E0
6.865272692E1;1.092727661E-2;1.302291870E-2;-9.828262024E0;9.828276727E0
6.866276792E1;3.098556519E-2;1.347198486E-2;-9.810149689E0;9.810207873E0
6.867280892E1;2.095642090E-2;1.242416382E-2;-9.821076965E0;9.821107183E0
6.868285092E1;-6.885681152E-3;-1.047821045E-3;-9.810299377E0;9.810301850E0
6.869289192E1;-9.250762939E-2;-6.885681152E-3;-9.872120819E0;9.872556636E0
6.870293292E1;-1.166075134E-1;-2.020797729E-2;-9.863438873E0;9.864148827E0
6.871297392E1;-7.274871826E-2;-3.442840576E-2;-9.859247589E0;9.859576092E0
6.872301592E1;3.278182983E-2;-4.625381470E-2;-9.816137238E0;9.816300949E0
6.873305692E1;1.236428833E-1;-4.610412598E-2;-9.809401245E0;9.810288780E0
6.874309792E1;1.821711731E-1;-3.891906738E-2;-9.767039337E0;9.768815611E0
6.875313892E1;1.377136230E-1;-2.350112915E-2;-9.781559143E0;9.782556752E0
6.876318092E1;3.128494263E-2;2.200424194E-2;-9.784253540E0;9.784328299E0
6.877322192E1;-3.847000122E-2;3.008743286E-2;-9.854158173E0;9.854279197E0
6.878326292E1;-2.320175171E-2;2.829116821E-2;-9.830657043E0;9.830725132E0
6.879330392E1;3.547622681E-2;2.409988403E-2;-9.763596497E0;9.763690691E0
6.880334592E1;9.624984741E-2;4.041595459E-3;-9.732311554E0;9.732788324E0
6.881338692E1;1.083746338E-1;1.122665405E-2;-9.740394745E0;9.741004100E0
6.882342792E1;5.298980713E-2;-6.586303711E-3;-9.753717041E0;9.753863205E0
6.883346892E1;2.245330811E-3;-2.290237427E-2;-9.795330505E0;9.795357537E0
6.884351092E1;-0.000000000E0;-3.936813354E-2;-9.786648560E0;9.786727741E0
6.885355192E1;6.301895142E-2;-6.541397095E-2;-9.807604980E0;9.808025583E0
6.886359292E1;7.828720093E-2;-4.924758911E-2;-9.794881439E0;9.795318097E0
6.887363392E1;6.376739502E-2;-4.595443726E-2;-9.798623657E0;9.798938905E0
6.888367592E1;-5.089416504E-3;-1.960922241E-2;-9.811047821E0;9.811068737E0
6.889371750E1;7.185058594E-3;-1.197509766E-3;-9.842781830E0;9.842784525E0
6.890375850E1;7.828720093E-2;1.137634277E-2;-9.814490662E0;9.814809486E0
6.891379950E1;8.247848511E-2;3.652404785E-2;-9.817634125E0;9.818048508E0
6.892384150E1;4.056564331E-2;3.263214111E-2;-9.795031128E0;9.795169484E0
6.893388250E1;3.487747192E-2;3.293151855E-3;-9.810000000E0;9.810062552E0
6.894392350E1;1.901046753E-2;-1.586700439E-2;-9.819131012E0;9.819162235E0
6.895396450E1;4.775070190E-2;-5.748046875E-2;-9.826465759E0;9.826749893E0
6.896400650E1;4.685256958E-2;-4.640350342E-2;-9.818232880E0;9.818454325E0
6.897404750E1;3.712280273E-2;-2.469863892E-2;-9.810149689E0;9.810251018E0
6.898408850E1;2.769241333E-2;-1.272354126E-2;-9.844428406E0;9.844475577E0
6.899412950E1;3.367996216E-2;-2.395019531E-2;-9.804012451E0;9.804099556E0
6.900417150E1;3.966751099E-2;-2.664459229E-2;-9.810000000E0;9.810116383E0
6.901421250E1;3.412902832E-2;-2.320175171E-2;-9.827363892E0;9.827450543E0
6.902425350E1;2.724334717E-2;-2.903961182E-2;-9.855205994E0;9.855286433E0
6.903429450E1;-9.131011963E-3;3.143463135E-3;-9.820178833E0;9.820183581E0
6.904433650E1;1.886077881E-2;-2.963836670E-2;-9.832004242E0;9.832067004E0
6.905437750E1;4.071533203E-2;-1.990859985E-2;-9.822573853E0;9.822678412E0
6.906441850E1;6.676116943E-2;-2.799179077E-2;-9.820328522E0;9.820595342E0
6.907445950E1;6.735992432E-2;-1.017883301E-2;-9.809101868E0;9.809338429E0
6.908450050E1;5.822891235E-2;-6.885681152E-3;-9.825268250E0;9.825443206E0
6.909454250E1;2.844085693E-2;-1.002914429E-2;-9.821076965E0;9.821123267E0
6.910458350E1;1.586700439E-2;-6.137237549E-3;-9.824819183E0;9.824833913E0
6.911462450E1;1.766326904E-2;-2.918930054E-2;-9.811496887E0;9.811556206E0
6.912466550E1;4.760101318E-2;-1.526824951E-2;-9.798473969E0;9.798601486E0
6.913470750E1;4.385879517E-2;-2.679428101E-2;-9.797426147E0;9.797560954E0
6.914474850E1;1.930984497E-2;-1.646575928E-2;-9.817035370E0;9.817068170E0
6.915478950E1;-5.538482666E-3;-6.735992432E-3;-9.807155914E0;9.807159791E0
6.916483050E1;-1.212478638E-2;2.020797729E-2;-9.801767120E0;9.801795451E0
6.917487250E1;1.332229614E-2;1.272354126E-2;-9.759255524E0;9.759272911E0
6.918491350E1;4.385879517E-2;2.095642090E-3;-9.772727509E0;9.772826149E0
6.919495450E1;4.116439819E-2;-1.496887207E-4;-9.791887665E0;9.791974192E0
6.920499550E1;3.442840576E-2;-1.332229614E-2;-9.825567627E0;9.825636976E0
6.921503750E1;1.242416382E-2;-1.062789917E-2;-9.799072723E0;9.799086363E0
6.922507850E1;-1.047821045E-3;-8.831634521E-3;-9.831405487E0;9.831409510E0
6.923511950E1;1.871109009E-2;-2.829116821E-2;-9.817783813E0;9.817842406E0
6.924516050E1;6.286926270E-2;-5.014572144E-2;-9.808952179E0;9.809281828E0
6.925520250E1;8.951385498E-2;-5.029541016E-2;-9.791288910E0;9.791827249E0
6.926524350E1;6.286926270E-2;-2.469863892E-2;-9.841434631E0;9.841666433E0
6.927528450E1;5.149291992E-2;-2.709365845E-2;-9.847571869E0;9.847743767E0
6.928532550E1;2.933898926E-2;-1.646575928E-2;-9.848020935E0;9.848078403E0
6.929536750E1;1.766326904E-2;-2.095642090E-3;-9.826615448E0;9.826631546E0
6.930540850E1;5.074447632E-2;-6.137237549E-3;-9.834099884E0;9.834232720E0
6.931544950E1;6.017486572E-2;-2.933898926E-2;-9.818382568E0;9.818610800E0
6.932549050E1;4.026626587E-2;-5.164260864E-2;-9.829160156E0;9.829378297E0
6.933553250E1;3.098556519E-2;-3.667373657E-2;-9.853559418E0;9.853676383E0
6.934557350E1;7.933502197E-3;-3.218307495E-2;-9.812844086E0;9.812900068E0
6.935561450E1;3.532653809E-2;-3.113525391E-2;-9.826166382E0;9.826279211E0
6.936565550E1;2.305206299E-2;-2.874023438E-2;-9.802814941E0;9.802884176E0
6.937569750E1;5.777984619E-2;-2.784210205E-2;-9.805060272E0;9.805270044E0
6.938573850E1;3.876937866E-2;-4.116439819E-2;-9.801467743E0;9.801630859E0
6.939577950E1;5.298980713E-2;-1.960922241E-2;-9.806407471E0;9.806570243E0
6.940582050E1;6.047424316E-2;-1.197509766E-3;-9.777667236E0;9.777854323E0
6.941586250E1;5.014572144E-2;-5.987548828E-4;-9.787995758E0;9.788124228E0
6.942590350E1;2.694396973E-2;5.089416504E-3;-9.763147430E0;9.763185936E0
6.943594450E1;1.197509766E-2;-2.380050659E-2;-9.805060272E0;9.805096471E0
6.944598550E1;1.930984497E-2;-3.652404785E-2;-9.804012451E0;9.804099501E0
6.945602750E1;8.981323242E-4;-2.140548706E-2;-9.787846069E0;9.787869517E0
6.946606850E1;1.706451416E-2;-2.215393066E-2;-9.785451050E0;9.785491007E0
6.947610950E1;7.035369873E-2;-3.382965088E-2;-9.803264008E0;9.803574822E0
6.948615050E1;7.664062500E-2;-2.859054565E-2;-9.799970856E0;9.800312239E0
6.949619250E1;4.700225830E-2;-2.095642090E-3;-9.793983307E0;9.794096315E0
6.950623350E1;1.152603149E-2;2.844085693E-3;-9.822274475E0;9.822281650E0
6.951627450E1;-1.002914429E-2;3.592529297E-3;-9.832153931E0;9.832159702E0
6.952631550E1;-1.122665405E-2;-1.451980591E-2;-9.812844086E0;9.812861250E0
6.953635750E1;8.083190918E-3;-2.649490356E-2;-9.817035370E0;9.817074451E0
6.954639850E1;2.963836670E-2;-1.721420288E-2;-9.816885681E0;9.816945515E0
6.955643950E1;3.906875610E-2;-1.886077881E-2;-9.846074982E0;9.846170557E0
6.956648050E1;1.451980591E-2;-2.050735474E-2;-9.830058289E0;9.830090403E0
6.957652250E1;1.032852173E-2;-1.886077881E-2;-9.829160156E0;9.829183678E0
6.958656350E1;1.212478638E-2;-1.751358032E-2;-9.805659027E0;9.805682164E0
6.959660450E1;3.487747192E-2;-2.230361938E-2;-9.827363892E0;9.827451091E0
6.960664550E1;3.577560425E-2;-1.451980591E-2;-9.802365875E0;9.802441914E0
6.961668750E1;4.775070190E-2;-3.188369751E-2;-9.791737976E0;9.791906316E0
6.962672850E1;5.119354248E-2;-1.257385254E-2;-9.782457275E0;9.782599308E0
6.963676950E1;7.499404907E-2;1.197509766E-3;-9.829609222E0;9.829895371E0
6.964681050E1;1.122665405E-1;-1.496887207E-2;-9.837393036E0;9.838045008E0
6.965685250E1;7.095245361E-2;-3.068618774E-2;-9.836195526E0;9.836499292E0
6.966689350E1;3.427871704E-2;-3.083587646E-2;-9.819729767E0;9.819838012E0
6.967693450E1;1.661544800E-2;-1.571731567E-2;-9.840536499E0;9.840563078E0
6.968697550E1;8.083190918E-3;-2.918930054E-2;-9.819580078E0;9.819626788E0
6.969701750E1;1.496887207E-2;-3.233276367E-2;-9.800270233E0;9.800335000E0
6.970705850E1;1.466949463E-2;-6.286926270E-3;-9.776469727E0;9.776482754E0
6.971709950E1;8.083190918E-3;2.125579834E-2;-9.814939728E0;9.814966073E0
6.972714050E1;1.347198486E-2;5.688171387E-3;-9.815239105E0;9.815249999E0
6.973718150E1;5.388793945E-3;1.706451416E-2;-9.807006226E0;9.807022553E0
6.974722350E1;7.484436035E-4;5.688171387E-3;-9.818831635E0;9.818833311E0
6.975726450E1;1.317260742E-2;-9.280700684E-3;-9.844129028E0;9.844142216E0
6.976730550E1;-7.634124756E-3;-1.062789917E-2;-9.821975098E0;9.821983814E0
6.977734650E1;2.544708252E-3;-2.948867798E-2;-9.825268250E0;9.825312831E0
6.978738850E1;3.278182983E-2;-3.173400879E-2;-9.814490662E0;9.814596713E0
6.979742950E1;5.403762817E-2;-2.424957275E-2;-9.831255798E0;9.831434213E0
6.980747050E1;6.840774536E-2;-3.427871704E-2;-9.844877472E0;9.845174812E0
6.981751150E1;5.134323120E-2;-3.787124634E-2;-9.826166382E0;9.826373498E0
6.982755350E1;3.951782227E-2;-1.646575928E-2;-9.808353424E0;9.808446853E0
6.983759450E1;3.487747192E-2;-2.739303589E-2;-9.800270233E0;9.800370578E0
6.984763550E1;3.128494263E-2;-1.601669312E-2;-9.802216187E0;9.802279197E0
6.985767650E1;2.215393066E-2;-7.484436035E-4;-9.784852295E0;9.784877403E0
6.986771850E1;4.146377563E-2;-9.131011963E-3;-9.800569611E0;9.800661575E0
6.987775950E1;4.520599365E-2;-2.035766602E-2;-9.820627899E0;9.820753044E0
6.988780050E1;2.559677124E-2;-1.347198486E-2;-9.847122803E0;9.847165287E0
6.989784492E1;3.906875610E-2;-2.140548706E-2;-9.810149689E0;9.810250837E0
6.990788692E1;2.335144043E-2;-1.661544800E-2;-9.795929260E0;9.795971184E0
6.991792792E1;2.454895020E-2;-3.008743286E-2;-9.811197510E0;9.811274356E0
6.992796892E1;-7.484436035E-3;-3.637435913E-2;-9.808054047E0;9.808124351E0
6.993800992E1;-2.559677124E-2;-4.550537109E-2;-9.799372101E0;9.799511187E0
6.994805192E1;-1.317260742E-2;-4.176315308E-2;-9.820478210E0;9.820575847E0
6.995809292E1;-8.532257080E-3;-2.709365845E-2;-9.829010468E0;9.829051513E0
6.996813392E1;2.829116821E-2;-4.760101318E-2;-9.820178833E0;9.820334951E0
6.997817492E1;8.083190918E-2;-4.819976807E-2;-9.799821167E0;9.800273053E0
6.998821692E1;1.193019104E-1;-3.353027344E-2;-9.795180817E0;9.795964703E0
6.999825792E1;1.312770081E-1;-4.939727783E-2;-9.771230621E0;9.772237287E0
7.000829892E1;1.052311707E-1;-3.442840576E-2;-9.777068481E0;9.777695383E0
7.001833992E1;7.274871826E-2;-3.697311401E-2;-9.763446808E0;9.763787839E0
7.002838192E1;2.978805542E-2;-3.876937866E-2;-9.795779572E0;9.795901582E0
7.003842292E1;1.481918335E-2;-3.592529297E-2;-9.807305603E0;9.807382598E0
7.004846392E1;-7.484436035E-3;-2.080673218E-2;-9.846823425E0;9.846848252E0
7.005850492E1;2.993774414E-3;-6.885681152E-3;-9.795180817E0;9.795183694E0
7.006854692E1;1.362167358E-2;-8.981323242E-4;-9.786947937E0;9.786957458E0
7.007858792E1;5.358856201E-2;1.556762695E-2;-9.761500854E0;9.761660362E0
7.008862892E1;1.257385254E-1;6.945556641E-2;-9.740694122E0;9.741753242E0
7.009866992E1;3.757186890E-2;6.062393188E-2;-9.748927002E0;9.749187894E0
7.010871192E1;4.954696655E-2;3.427871704E-2;-9.747130737E0;9.747316941E0
7.011875292E1;3.742218018E-2;1.451980591E-2;-9.784253540E0;9.784335878E0
7.012879392E1;4.864883423E-2;-3.173400879E-2;-9.851463776E0;9.851635005E0
7.013883492E1;4.505630493E-2;-3.667373657E-2;-9.897567902E0;9.897738398E0
7.014887692E1;1.736389160E-2;-6.601272583E-2;-9.886341248E0;9.886576882E0
7.015891792E1;4.191284180E-2;-1.154100037E-1;-9.930200043E0;9.930959120E0
7.016895892E1;2.170486450E-2;-1.082249451E-1;-9.846224670E0;9.846843352E0
7.017899992E1;-4.939727783E-3;-8.981323242E-3;-9.620344391E0;9.620349851E0
7.018904092E1;3.592529297E-3;-3.562591553E-2;-9.610764313E0;9.610831014E0
7.019908292E1;6.990463257E-2;4.161346436E-2;-9.698182526E0;9.698523735E0
7.020912392E1;1.145118713E-1;1.160087585E-1;-9.786798248E0;9.788155646E0
7.021916492E1;1.128652954E-1;1.422042847E-1;-9.855355682E0;9.857027760E0
7.022920692E1;3.487747192E-2;1.248403931E-1;-9.872270508E0;9.873121418E0
7.023924792E1;-1.916015625E-2;3.053649902E-2;-9.919721832E0;9.919787337E0
7.024928892E1;-8.936416626E-2;-4.535568237E-2;-9.889784088E0;9.890291826E0
7.025932992E1;-1.095721436E-1;-4.146377563E-2;-9.811047821E0;9.811747278E0
7.026937092E1;-3.936813354E-2;-5.373825073E-2;-9.752070465E0;9.752297986E0
7.027941292E1;1.661544800E-2;-5.972579956E-2;-9.722731476E0;9.722929116E0
7.028945392E1;1.023870850E-1;-6.376739502E-2;-9.735904083E0;9.736651258E0
7.029949492E1;1.435514832E-1;-6.885681152E-2;-9.762848053E0;9.764146168E0
7.030953592E1;1.734892273E-1;-6.212081909E-2;-9.820178833E0;9.821907647E0
7.031957792E1;1.697470093E-1;-4.505630493E-2;-9.851613464E0;9.853178775E0
7.032961892E1;1.029858398E-1;-2.245330811E-2;-9.830806732E0;9.831371788E0
7.033965992E1;8.681945801E-3;-1.796264648E-2;-9.826166382E0;9.826186636E0
7.034970092E1;-2.143542480E-1;-1.496887207E-4;-9.885742493E0;9.888066161E0
7.035974292E1;-1.663041687E-1;-1.556762695E-2;-9.815089417E0;9.816510565E0
7.036978392E1;1.492396545E-1;-4.819976807E-2;-9.705816650E0;9.707083627E0
7.037982492E1;3.188369751E-1;-6.256988525E-2;-9.697883148E0;9.703324665E0
7.038986592E1;2.592608643E-1;-7.170089722E-2;-9.784403229E0;9.788100110E0
7.039990792E1;-7.753875732E-2;-3.787124634E-2;-9.931397552E0;9.931772442E0
7.040994892E1;-1.898052979E-1;-3.173400879E-2;-9.990225220E0;9.992078514E0
7.041998992E1;5.777984619E-2;-4.116439819E-2;-9.900711365E0;9.900965536E0
7.043003092E1;2.634521484E-1;-3.817062378E-2;-9.778265991E0;9.781888868E0
7.044007292E1;1.883084106E-1;-1.002914429E-2;-9.757159882E0;9.758981996E0
7.045011392E1;3.143463135E-3;6.017486572E-2;-9.796378326E0;9.796563643E0
7.046015492E1;-1.242416382E-1;1.077758789E-1;-9.857301636E0;9.858673702E0
7.047019592E1;-1.601669312E-1;8.756790161E-2;-9.876611481E0;9.878298230E0
7.048023792E1;-1.474433899E-1;5.703140259E-2;-9.871671753E0;9.872937523E0
7.049027892E1;-4.520599365E-2;-4.939727783E-3;-9.863139496E0;9.863244329E0
7.050031992E1;4.101470947E-2;-2.245330811E-2;-9.849667511E0;9.849778497E0
7.051036092E1;1.215472412E-1;-5.014572144E-2;-9.849368134E0;9.850245731E0
7.052040292E1;1.920506287E-1;-4.505630493E-2;-9.833501129E0;9.835479550E0
7.053044392E1;1.883084106E-1;-8.382568359E-3;-9.788893890E0;9.790708551E0
7.054048492E1;5.748046875E-2;3.353027344E-2;-9.784552917E0;9.784779204E0
7.055052592E1;-1.796264648E-2;1.541793823E-2;-9.812694397E0;9.812722950E0
7.056056792E1;-7.185058594E-2;1.377136230E-2;-9.836195526E0;9.836467587E0
7.057060892E1;-5.763015747E-2;-2.993774414E-2;-9.832303619E0;9.832518089E0
7.058064992E1;6.885681152E-3;-3.143463135E-2;-9.851463776E0;9.851516334E0
7.059069092E1;1.199006653E-1;-4.894821167E-2;-9.793983307E0;9.794839514E0
7.060073292E1;1.453477478E-1;-4.595443726E-2;-9.804162140E0;9.805347166E0
7.061077392E1;8.831634521E-2;-3.772155762E-2;-9.780511322E0;9.780982794E0
7.062081492E1;2.230361938E-2;-1.856140137E-2;-9.812544708E0;9.812587611E0
7.063085592E1;-3.637435913E-2;-1.422042847E-2;-9.846973114E0;9.847050565E0
7.064089792E1;-3.113525391E-2;-3.727249146E-2;-9.818532257E0;9.818652368E0
7.065093892E1;-5.149291992E-2;-1.721420288E-2;-9.737101593E0;9.737252964E0
7.066097992E1;-1.257385254E-2;-3.083587646E-2;-9.764344940E0;9.764401726E0
7.067102092E1;3.742218018E-3;-4.700225830E-2;-9.830207977E0;9.830321057E0
7.068106292E1;-2.844085693E-3;-2.993774414E-2;-9.851014709E0;9.851060611E0
7.069110392E1;1.466949463E-2;-1.122665405E-2;-9.858199768E0;9.858217075E0
7.070114492E1;6.526428223E-2;-6.137237549E-3;-9.863588562E0;9.863806386E0
7.071118592E1;8.472381592E-2;-1.871109009E-2;-9.833800507E0;9.834183272E0
7.072122692E1;7.649093628E-2;-2.110610962E-2;-9.819280701E0;9.819601306E0
7.073126892E1;3.592529297E-2;-2.170486450E-2;-9.785600739E0;9.785690754E0
7.074130992E1;1.077758789E-2;-1.601669312E-2;-9.800270233E0;9.800289247E0
7.075135092E1;-1.601669312E-2;3.592529297E-3;-9.813143463E0;9.813157192E0
7.076139192E1;-5.987548828E-4;-2.215393066E-2;-9.806257782E0;9.806282825E0
7.077143392E1;2.814147949E-2;-2.320175171E-2;-9.814790039E0;9.814857807E0
7.078147492E1;7.574249268E-2;2.694396973E-3;-9.810149689E0;9.810442452E0
7.079151592E1;1.055305481E-1;-8.831634521E-3;-9.846524048E0;9.847093506E0
7.080155692E1;4.715194702E-2;-1.152603149E-2;-9.807904358E0;9.808024472E0
7.081159892E1;1.062789917E-2;-1.437011719E-2;-9.793683929E0;9.793700239E0
7.082163992E1;-1.362167358E-2;1.197509766E-3;-9.802216187E0;9.802225724E0
7.083168092E1;-3.173400879E-2;-2.948867798E-2;-9.796677704E0;9.796773482E0
7.084172192E1;-1.242416382E-2;-1.781295776E-2;-9.781559143E0;9.781583253E0
7.085176392E1;-1.167572021E-2;-1.796264648E-2;-9.777517548E0;9.777541019E0
7.086180492E1;3.832031250E-2;-3.323089600E-2;-9.774972839E0;9.775104437E0
7.087184592E1;5.224136353E-2;-2.664459229E-2;-9.782906342E0;9.783082111E0
7.088188692E1;7.768844604E-2;-8.681945801E-3;-9.788444824E0;9.788756966E0
7.089192892E1;8.981323242E-2;-1.526824951E-2;-9.789043579E0;9.789467490E0
7.090196600E1;5.134323120E-2;-1.332229614E-2;-9.790091400E0;9.790235096E0
7.091200700E1;6.137237549E-3;-2.080673218E-2;-9.813891907E0;9.813915882E0
7.092204800E1;-2.694396973E-3;-1.811233521E-2;-9.840835876E0;9.840852913E0
7.093209000E1;-8.681945801E-3;-1.451980591E-2;-9.823771362E0;9.823785929E0
7.094213100E1;4.640350342E-2;-3.023712158E-2;-9.801467743E0;9.801624227E0
7.095217200E1;8.741821289E-2;-4.535568237E-2;-9.795629883E0;9.796124942E0
7.096221300E1;8.996292114E-2;-3.861968994E-2;-9.796677704E0;9.797166878E0
7.097225500E1;4.730163574E-2;-3.697311401E-2;-9.782457275E0;9.782641504E0
7.098229600E1;1.227447510E-2;-4.790039062E-3;-9.801617432E0;9.801626288E0
7.099233700E1;-7.484436035E-3;-1.990859985E-2;-9.818681946E0;9.818704982E0
7.100237800E1;3.278182983E-2;-1.676513672E-2;-9.780960388E0;9.781029692E0
7.101242000E1;8.472381592E-2;-2.439926147E-2;-9.724228363E0;9.724628050E0
7.102246100E1;9.295669556E-2;-2.230361938E-2;-9.710007935E0;9.710478489E0
7.103250200E1;5.748046875E-2;3.592529297E-3;-9.742191010E0;9.742361242E0
7.104254300E1;2.095642090E-3;1.511856079E-2;-9.787247314E0;9.787259216E0
7.105258500E1;-1.496887207E-3;2.814147949E-2;-9.784403229E0;9.784443813E0
7.106262600E1;1.227447510E-2;2.829116821E-2;-9.764195251E0;9.764243952E0
7.107266700E1;5.792953491E-2;2.978805542E-2;-9.802216187E0;9.802432623E0
7.108270800E1;4.430786133E-2;8.382568359E-3;-9.815987549E0;9.816091127E0
7.109275000E1;2.305206299E-2;-1.930984497E-2;-9.801318054E0;9.801364184E0
7.110279100E1;3.652404785E-2;-1.930984497E-2;-9.822124786E0;9.822211675E0
7.111283200E1;9.011260986E-2;-3.517684937E-2;-9.820478210E0;9.820954637E0
7.112287300E1;8.861572266E-2;-4.146377563E-2;-9.804760895E0;9.805249012E0
7.113291400E1;4.550537109E-2;-2.859054565E-2;-9.834698639E0;9.834845473E0
7.114295600E1;-7.304809570E-2;2.245330811E-3;-9.873318329E0;9.873588805E0
7.115299700E1;-9.729766846E-2;-2.395019531E-3;-9.885892181E0;9.886371265E0
7.116303800E1;2.140548706E-2;-3.263214111E-2;-9.816137238E0;9.816214816E0
7.117307900E1;8.756790161E-2;-4.595443726E-2;-9.775272217E0;9.775772443E0
7.118312100E1;5.358856201E-2;-6.062393188E-2;-9.778715057E0;9.779049809E0
7.119316200E1;7.185058594E-3;-4.745132446E-2;-9.825867004E0;9.825984207E0
7.120320300E1;-1.871109009E-2;-3.951782227E-2;-9.836045837E0;9.836143018E0
7.121324400E1;2.395019531E-2;-3.966751099E-2;-9.802964630E0;9.803074143E0
7.122328600E1;6.870712280E-2;2.395019531E-3;-9.761800232E0;9.762042316E0
7.123332700E1;6.721023560E-2;7.035369873E-3;-9.754764862E0;9.754998935E0
7.124336800E1;2.514770508E-2;2.350112915E-2;-9.786349182E0;9.786409711E0
7.125340900E1;1.796264648E-3;-9.280700684E-3;-9.842033386E0;9.842037926E0
7.126345100E1;4.760101318E-2;-3.457809448E-2;-9.803563385E0;9.803739926E0
7.127349200E1;5.284011841E-2;-4.625381470E-2;-9.817185059E0;9.817436222E0
7.128353300E1;8.382568359E-2;-4.864883423E-2;-9.851314087E0;9.851790837E0
7.129357400E1;5.568420410E-2;-2.634521484E-2;-9.864935760E0;9.865128096E0
7.130361600E1;3.128494263E-2;1.197509766E-3;-9.830956421E0;9.831006273E0
7.131365700E1;4.326004028E-2;1.032852173E-2;-9.839338989E0;9.839439509E0
7.132369800E1;8.098159790E-2;1.496887207E-2;-9.855056305E0;9.855400391E0
7.133373900E1;4.834945679E-2;2.290237427E-2;-9.796228638E0;9.796374723E0
7.134378100E1;2.424957275E-2;-2.993774414E-4;-9.807006226E0;9.807036211E0
7.135382200E1;2.095642090E-3;-1.122665405E-2;-9.822424164E0;9.822430803E0
7.136386300E1;-5.837860107E-3;-2.903961182E-2;-9.827812958E0;9.827857595E0
7.137390400E1;3.562591553E-2;-3.502716064E-2;-9.805509338E0;9.805636618E0
7.138394600E1;2.080673218E-2;-3.951782227E-2;-9.790390778E0;9.790492641E0
7.139398700E1;3.323089600E-2;-2.514770508E-2;-9.796228638E0;9.796317279E0
7.140402800E1;5.149291992E-2;-3.906875610E-2;-9.834698639E0;9.834911042E0
7.141406900E1;4.939727783E-2;-2.589614868E-2;-9.802216187E0;9.802374859E0
7.142411100E1;4.640350342E-2;-3.532653809E-2;-9.793983307E0;9.794156945E0
7.143415200E1;5.119354248E-2;-1.916015625E-2;-9.816137238E0;9.816289429E0
7.144419300E1;4.281097412E-2;-8.382568359E-3;-9.856253815E0;9.856350354E0
7.145423400E1;3.802093506E-2;-5.089416504E-3;-9.885443115E0;9.885517542E0
7.146427600E1;2.814147949E-2;-2.395019531E-3;-9.829309845E0;9.829350421E0
7.147431700E1;3.532653809E-2;-1.002914429E-2;-9.824519806E0;9.824588437E0
7.148435800E1;5.987548828E-2;6.286926270E-3;-9.843380585E0;9.843564697E0
7.149439900E1;4.790039063E-2;1.451980591E-2;-9.836195526E0;9.836322875E0
7.150444000E1;3.487747192E-2;1.212478638E-2;-9.785301361E0;9.785371029E0
7.151448200E1;-2.395019531E-3;-2.110610962E-2;-9.805060272E0;9.805083281E0
7.152452300E1;-9.430389404E-3;-2.395019531E-2;-9.845775604E0;9.845809250E0
7.153456400E1;1.871109009E-2;-4.999603271E-2;-9.837243347E0;9.837388189E0
7.154460600E1;4.056564331E-2;-4.894821167E-2;-9.793983307E0;9.794189630E0
7.155464700E1;6.137237549E-2;-4.026626587E-2;-9.808203735E0;9.808478397E0
7.156468800E1;6.885681152E-2;-2.903961182E-2;-9.844278717E0;9.844562358E0
7.157472900E1;5.807922363E-2;-1.930984497E-2;-9.842931519E0;9.843121809E0
7.158477000E1;1.916015625E-2;-5.987548828E-3;-9.822723541E0;9.822744053E0
7.159481200E1;1.182540894E-2;1.212478638E-2;-9.814340973E0;9.814355587E0
7.160485300E1;3.562591553E-2;3.308120728E-2;-9.864486694E0;9.864606496E0
7.161489400E1;3.847000122E-2;4.206253052E-2;-9.851912842E0;9.852077742E0
7.162493500E1;2.709365845E-2;1.197509766E-2;-9.815688171E0;9.815732869E0
7.163497700E1;2.739303589E-2;2.260299683E-2;-9.773026886E0;9.773091414E0
7.164501800E1;3.562591553E-2;-1.481918335E-2;-9.782756653E0;9.782832746E0
7.165505900E1;2.200424194E-2;-2.754272461E-2;-9.815837860E0;9.815901165E0
7.166510000E1;6.586303711E-3;-2.395019531E-2;-9.820178833E0;9.820210247E0
7.167514200E1;1.990859985E-2;-4.760101318E-2;-9.808952179E0;9.809087881E0
7.168518300E1;1.107696533E-2;-5.224136353E-2;-9.820927277E0;9.821072469E0
7.169522400E1;3.113525391E-2;-4.355941772E-2;-9.843679962E0;9.843825579E0
7.170526500E1;6.975494385E-2;-2.948867798E-2;-9.814490662E0;9.814782844E0
7.171530700E1;5.298980713E-2;-2.080673218E-2;-9.753567352E0;9.753733487E0
7.172534800E1;2.125579834E-2;-6.286926270E-3;-9.780361633E0;9.780386752E0
7.173538900E1;3.457809448E-2;1.152603149E-2;-9.817933502E0;9.818001158E0
7.174543000E1;2.409988403E-2;1.092727661E-2;-9.815987549E0;9.816023216E0
7.175547200E1;1.272354126E-2;1.407073975E-2;-9.814939728E0;9.814958061E0
7.176551300E1;8.831634521E-3;3.143463135E-2;-9.828411713E0;9.828465950E0
7.177555400E1;4.490661621E-2;1.152603149E-2;-9.853110352E0;9.853219426E0
7.178559500E1;4.311035156E-2;-2.993774414E-3;-9.815538483E0;9.815633610E0
7.179563700E1;4.221221924E-2;-1.556762695E-2;-9.793085175E0;9.793188524E0
7.180567800E1;2.050735474E-2;-5.388793945E-3;-9.816586304E0;9.816609203E0
7.181571900E1;1.347198486E-2;-1.227447510E-2;-9.857151947E0;9.857168796E0
7.182576000E1;2.365081787E-2;7.933502197E-3;-9.814041595E0;9.814073300E0
7.183580200E1;3.532653809E-2;5.987548828E-3;-9.763446808E0;9.763512554E0
7.184584300E1;4.849914551E-2;6.586303711E-3;-9.774224396E0;9.774346939E0
7.185588400E1;4.236190796E-2;-1.945953369E-3;-9.794881439E0;9.794973238E0
7.186592500E1;2.424957275E-2;-7.035369873E-3;-9.791887665E0;9.791920219E0
7.187596700E1;1.945953369E-3;-3.008743286E-2;-9.795031128E0;9.795077531E0
7.188600800E1;5.089416504E-3;-2.664459229E-2;-9.807006226E0;9.807043741E0
7.189604913E1;1.362167358E-2;-4.086502075E-2;-9.838590546E0;9.838684842E0
7.190609012E1;2.469863892E-2;-5.209167480E-2;-9.829908600E0;9.830077652E0
7.191613213E1;3.038681030E-2;-4.805007935E-2;-9.820178833E0;9.820343399E0
7.192617312E1;4.805007935E-2;-5.164260864E-2;-9.782606964E0;9.782861278E0
7.193621413E1;6.706054688E-2;-2.020797729E-2;-9.798923035E0;9.799173339E0
7.194625513E1;4.819976807E-2;-1.167572021E-2;-9.808503113E0;9.808628490E0
7.195629612E1;4.146377563E-2;-4.191284180E-2;-9.786049805E0;9.786227399E0
7.196633813E1;6.256988525E-2;-1.916015625E-2;-9.796078949E0;9.796297509E0
7.197637912E1;5.882766724E-2;-5.239105225E-3;-9.808952179E0;9.809129981E0
7.198642013E1;2.754272461E-2;-1.002914429E-2;-9.832602997E0;9.832646687E0
7.199646113E1;-6.286926270E-3;-1.676513672E-2;-9.837393036E0;9.837409331E0
7.200650313E1;2.005828857E-2;-1.002914429E-2;-9.792037354E0;9.792063033E0
7.201654413E1;4.340972900E-2;-1.646575928E-2;-9.800419922E0;9.800529892E0
7.202658512E1;2.454895020E-2;-4.221221924E-2;-9.852361908E0;9.852482920E0
7.203662613E1;1.916015625E-2;-5.059478760E-2;-9.829908600E0;9.830057478E0
7.204666812E1;1.616638184E-2;-2.619552612E-2;-9.825417938E0;9.825466158E0
7.205670913E1;1.466949463E-2;-1.975891113E-2;-9.819879456E0;9.819910291E0
7.206675013E1;5.493576050E-2;-9.430389404E-3;-9.825567627E0;9.825725727E0
7.207679112E1;5.224136353E-2;1.347198486E-3;-9.815987549E0;9.816126656E0
7.208683312E1;3.397933960E-2;6.586303711E-3;-9.823771362E0;9.823832335E0
7.209687412E1;1.960922241E-2;6.735992432E-3;-9.798473969E0;9.798495905E0
7.210691513E1;9.280700684E-3;-1.796264648E-3;-9.830806732E0;9.830811277E0
7.211695613E1;3.547622681E-2;-6.735992432E-3;-9.833650818E0;9.833717117E0
7.212699813E1;5.388793945E-3;-2.200424194E-2;-9.792935486E0;9.792961690E0
7.213703912E1;1.466949463E-2;-2.305206299E-2;-9.816286926E0;9.816324954E0
7.214708012E1;3.113525391E-2;-2.888992310E-2;-9.846673737E0;9.846765342E0
7.215712113E1;5.837860107E-2;-3.607498169E-2;-9.810598755E0;9.810838771E0
7.216716313E1;4.326004028E-2;-1.257385254E-2;-9.788145447E0;9.788249119E0
7.217720413E1;3.742218018E-2;-1.182540894E-2;-9.781708832E0;9.781787563E0
7.218724512E1;5.777984619E-2;4.191284180E-3;-9.822873230E0;9.823044058E0
7.219728612E1;4.071533203E-2;3.293151855E-3;-9.844129028E0;9.844213778E0
7.220732812E1;8.232879639E-3;-1.287322998E-2;-9.783505096E0;9.783517030E0
7.221736913E1;1.152603149E-2;1.347198486E-3;-9.799222412E0;9.799229283E0
7.222741013E1;1.886077881E-2;6.286926270E-3;-9.813742218E0;9.813762356E0
7.223745112E1;3.233276367E-2;1.616638184E-2;-9.790540466E0;9.790607202E0
7.224749313E1;2.350112915E-2;-1.227447510E-2;-9.797725525E0;9.797761399E0
7.225753412E1;3.577560425E-2;1.197509766E-3;-9.836345215E0;9.836410347E0
7.226757513E1;3.367996216E-2;-1.586700439E-2;-9.847871246E0;9.847941622E0
7.227761613E1;2.499801636E-2;-3.278182983E-2;-9.812544708E0;9.812631309E0
7.228765712E1;5.463638306E-2;-2.365081787E-2;-9.791139221E0;9.791320225E0
7.229769913E1;6.152206421E-2;-4.026626587E-2;-9.777816925E0;9.778093380E0
7.230774012E1;5.972579956E-2;-3.532653809E-2;-9.792935486E0;9.793181330E0
7.231778113E1;5.867797852E-2;-2.529739380E-2;-9.828262024E0;9.828469742E0
7.232782213E1;3.218307495E-2;-3.173400879E-2;-9.772278442E0;9.772382962E0
7.233786413E1;2.125579834E-2;-2.604583740E-2;-9.793534241E0;9.793591942E0
7.234790513E1;1.901046753E-2;-2.005828857E-2;-9.831405487E0;9.831444328E0
7.235794612E1;3.622467041E-2;-1.945953369E-2;-9.807305603E0;9.807391809E0
7.236798713E1;2.859054565E-2;3.592529297E-3;-9.786798248E0;9.786840669E0
7.237802912E1;6.391708374E-2;3.891906738E-3;-9.800868988E0;9.801078179E0
7.238807013E1;6.855743408E-2;-1.975891113E-2;-9.796378326E0;9.796638140E0
7.239811112E1;7.259902954E-2;-3.457809448E-2;-9.802665253E0;9.802995069E0
7.240815212E1;4.790039063E-2;-3.083587646E-2;-9.767189026E0;9.767355157E0
7.241819412E1;3.532653809E-2;-9.280700684E-3;-9.786349182E0;9.786417343E0
7.242823513E1;4.445755005E-2;-2.110610962E-2;-9.851164398E0;9.851287324E0
7.243827613E1;2.799179077E-2;-1.227447510E-2;-9.848769379E0;9.848816806E0
7.244831712E1;2.574645996E-2;-6.885681152E-3;-9.779014435E0;9.779050752E0
7.245835913E1;2.859054565E-2;-2.784210205E-2;-9.771230621E0;9.771312115E0
7.246840012E1;4.805007935E-2;-1.930984497E-2;-9.818382568E0;9.818519132E0
7.247844113E1;7.170089722E-2;-2.260299683E-2;-9.825268250E0;9.825555867E0
7.248848213E1;6.735992432E-2;-3.517684937E-2;-9.786947937E0;9.787242957E0
7.249852413E1;7.963439941E-2;-3.532653809E-2;-9.786798248E0;9.787185988E0
7.250856513E1;5.508544922E-2;-3.936813354E-2;-9.822274475E0;9.822507833E0
7.251860612E1;4.864883423E-2;-4.760101318E-2;-9.816137238E0;9.816373202E0
7.252864713E1;9.280700684E-3;-3.562591553E-2;-9.817783813E0;9.817852838E0
7.253868912E1;-4.730163574E-2;-3.143463135E-2;-9.797575836E0;9.797740446E0
7.254873013E1;-7.200027466E-2;-3.487747192E-2;-9.818232880E0;9.818558823E0
7.255877113E1;-4.445755005E-2;-1.631607056E-2;-9.855355682E0;9.855469462E0
7.256881212E1;-1.062789917E-2;-3.218307495E-2;-9.822573853E0;9.822632325E0
7.257885412E1;1.706451416E-2;-1.691482544E-2;-9.767338715E0;9.767368268E0
7.258889512E1;6.271957397E-2;-2.020797729E-2;-9.759854279E0;9.760076723E0
7.259893613E1;5.029541016E-2;-4.939727783E-3;-9.804162140E0;9.804292391E0
7.260897713E1;-9.385482788E-2;6.227050781E-2;-9.833501129E0;9.834146165E0
7.261901812E1;-1.944456482E-1;4.730163574E-2;-9.811646576E0;9.813687130E0
7.262906012E1;-7.933502197E-2;1.826202393E-2;-9.832153931E0;9.832490959E0
7.263910112E1;6.197113037E-2;-1.107696533E-2;-9.830207977E0;9.830409554E0
7.264914213E1;1.941462708E-1;-4.355941772E-2;-9.771829376E0;9.773854897E0
7.265918313E1;2.595602417E-1;-4.954696655E-2;-9.735904083E0;9.739489450E0
7.266922513E1;2.029779053E-1;-5.972579956E-2;-9.784103851E0;9.786391336E0
7.267926612E1;6.810836792E-2;-1.526824951E-2;-9.844428406E0;9.844675846E0
7.268930712E1;-2.679428101E-2;5.239105225E-3;-9.811496887E0;9.811534872E0
7.269934813E1;-3.682342529E-2;7.409591675E-2;-9.766141205E0;9.766491704E0
7.270939013E1;3.278182983E-2;1.541793823E-2;-9.752818909E0;9.752886190E0
7.271943113E1;1.502874756E-1;-1.676513672E-2;-9.802216187E0;9.803382557E0
7.272947212E1;1.612147522E-1;-1.182540894E-2;-9.825567627E0;9.826897233E0
7.273951312E1;9.939331055E-2;-3.472778320E-2;-9.815538483E0;9.816103135E0
7.274955512E1;-5.523513794E-2;-1.242416382E-2;-9.831405487E0;9.831568498E0
7.275959613E1;-1.161584473E-1;-1.766326904E-2;-9.874515839E0;9.875214824E0
7.276963713E1;-6.002517700E-2;-5.044509888E-2;-9.835896149E0;9.836208659E0
7.277967812E1;-1.197509766E-3;-4.999603271E-2;-9.762698364E0;9.762826455E0
7.278972013E1;3.412902832E-2;-2.903961182E-2;-9.754764862E0;9.754867790E0
7.279976112E1;1.975891113E-2;-1.930984497E-2;-9.798324280E0;9.798363229E0
7.280980213E1;1.287322998E-2;-2.978805542E-2;-9.821526031E0;9.821579641E0
7.281984313E1;-1.062789917E-2;-1.676513672E-2;-9.821376343E0;9.821396402E0
7.282988513E1;1.541793823E-2;-1.092727661E-2;-9.826914825E0;9.826932996E0
7.283992613E1;6.002517700E-2;-2.724334717E-2;-9.797126770E0;9.797348528E0
7.284996712E1;1.199006653E-1;-3.412902832E-2;-9.772877197E0;9.773672272E0
7.286000813E1;1.245410156E-1;-4.999603271E-2;-9.772577820E0;9.773499236E0
7.287005012E1;1.008901978E-1;-4.805007935E-2;-9.796378326E0;9.797015666E0
7.288009113E1;8.232879639E-2;-6.945556641E-2;-9.845326538E0;9.845915739E0
7.289013213E1;4.266128540E-2;-5.298980713E-2;-9.873917084E0;9.874151431E0
7.290017254E1;6.735992432E-3;-4.670288086E-2;-9.880653076E0;9.880765747E0
7.291021454E1;-2.245330811E-3;-3.742218018E-2;-9.894125061E0;9.894196086E0
7.292025554E1;-3.442840576E-3;-2.395019531E-2;-9.878258057E0;9.878287691E0
7.293029654E1;2.335144043E-2;-3.128494263E-2;-9.831255798E0;9.831333308E0
7.294033754E1;1.496887207E-2;1.960922241E-2;-9.769733734E0;9.769764881E0
7.295037854E1;-1.796264648E-3;6.571334839E-2;-9.741592255E0;9.741814057E0
7.296042054E1;-1.437011719E-2;1.336720276E-1;-9.807904358E0;9.808825751E0
7.297046154E1;1.571731567E-2;1.432521057E-1;-9.838889923E0;9.839945280E0
7.298050254E1;3.697311401E-2;9.879455566E-2;-9.811796265E0;9.812363289E0
7.299054354E1;3.023712158E-2;1.242416382E-2;-9.801916809E0;9.801971321E0
7.300058554E1;1.437011719E-2;-1.496887207E-4;-9.836195526E0;9.836206024E0
7.301062654E1;-6.586303711E-3;-4.041595459E-2;-9.863588562E0;9.863673563E0
7.302066754E1;6.885681152E-3;-4.370910645E-2;-9.841135254E0;9.841234729E0
7.303070854E1;3.128494263E-2;-6.032455444E-2;-9.816735992E0;9.816971190E0
7.304075054E1;7.110214233E-2;-6.721023560E-2;-9.789941711E0;9.790430606E0
7.305079154E1;1.251397705E-1;-6.541397095E-2;-9.806407471E0;9.807424047E0
7.306083254E1;1.309776306E-1;-6.256988525E-2;-9.817035370E0;9.818108452E0
7.307087354E1;8.726852417E-2;-5.388793945E-2;-9.832902374E0;9.833437283E0
7.308091554E1;3.966751099E-2;-1.886077881E-2;-9.881700897E0;9.881798514E0
7.309095654E1;1.945953369E-3;-2.544708252E-2;-9.872869263E0;9.872902249E0
7.310099754E1;6.586303711E-3;-1.646575928E-2;-9.842931519E0;9.842947495E0
7.311103854E1;2.993774414E-2;-4.146377563E-2;-9.828711090E0;9.828844144E0
7.312108054E1;6.331832886E-2;-1.930984497E-2;-9.813891907E0;9.814115163E0
7.313112154E1;1.010398865E-1;-2.350112915E-2;-9.844727783E0;9.845274323E0
7.314116254E1;9.160949707E-2;-1.122665405E-2;-9.829309845E0;9.829743149E0
7.315120354E1;6.496490479E-2;3.742218018E-3;-9.793983307E0;9.794199480E0
7.316124554E1;4.939727783E-2;-3.143463135E-3;-9.812395020E0;9.812519859E0
7.317128654E1;2.993774414E-2;3.293151855E-3;-9.844578094E0;9.844624166E0
7.318132754E1;5.987548828E-4;-1.541793823E-2;-9.848170624E0;9.848182711E0
7.319136854E1;-4.939727783E-2;1.272354126E-2;-9.736353149E0;9.736486770E0
7.320141054E1;-8.247848511E-2;3.382965088E-2;-9.697883148E0;9.698292876E0
7.321145154E1;-4.011657715E-2;-7.484436035E-4;-9.786349182E0;9.786431434E0
7.322149254E1;-2.859054565E-2;-2.918930054E-2;-9.797875214E0;9.797960407E0
7.323153354E1;-1.945953369E-2;-7.349716187E-2;-9.767787781E0;9.768083673E0
7.324157454E1;5.837860107E-2;-1.260379028E-1;-9.869426422E0;9.870403817E0
7.325161654E1;1.320254517E-1;-1.294807434E-1;-9.948761444E0;9.950479901E0
7.326165754E1;1.642085266E-1;-7.200027466E-2;-9.882149963E0;9.883776423E0
7.327169854E1;1.582209778E-1;4.610412598E-2;-9.758207703E0;9.759599225E0
7.328173954E1;1.411564636E-1;1.387614441E-1;-9.716444550E0;9.718460504E0
7.329178154E1;6.197113037E-2;1.306782532E-1;-9.717791748E0;9.718867922E0
7.330182254E1;-1.107696533E-2;8.098159790E-2;-9.719288635E0;9.719632313E0
7.331186354E1;-9.011260986E-2;1.347198486E-3;-9.714648285E0;9.715066309E0
7.332190454E1;-9.580078125E-2;-6.735992432E-2;-9.808503113E0;9.809202234E0
7.333194654E1;-6.062393188E-2;-6.391708374E-2;-9.836943970E0;9.837338427E0
7.334198754E1;-2.365081787E-2;-5.733078003E-2;-9.783804474E0;9.784001030E0
7.335202854E1;1.721420288E-2;-5.134323120E-2;-9.749525757E0;9.749676145E0
7.336206954E1;7.664062500E-2;-4.535568237E-2;-9.686057739E0;9.686467130E0
7.337211154E1;1.451980591E-1;-2.380050659E-2;-9.662556610E0;9.663676794E0
7.338215254E1;1.734892273E-1;-2.499801636E-2;-9.653425598E0;9.655016789E0
7.339219354E1;1.225950623E-1;-2.365081787E-2;-9.626481628E0;9.627291283E0
7.340223454E1;3.038681030E-2;-1.137634277E-2;-9.636510773E0;9.636565397E0
7.341227654E1;-5.658233643E-2;-2.095642090E-3;-9.712402954E0;9.712567997E0
7.342231754E1;-9.774673462E-2;1.796264648E-3;-9.710007935E0;9.710500077E0
7.343235854E1;-4.939727783E-2;-4.086502075E-2;-9.691446533E0;9.691658576E0
7.344239954E1;3.263214111E-2;-3.532653809E-2;-9.642947388E0;9.643067310E0
7.345244154E1;5.029541016E-2;-3.233276367E-2;-9.641450500E0;9.641635898E0
7.346248254E1;6.870712280E-2;-1.856140137E-2;-9.659562836E0;9.659825018E0
7.347252354E1;5.119354248E-2;1.032852173E-2;-9.604776764E0;9.604918747E0
7.348256454E1;5.179229736E-2;-3.038681030E-2;-9.598639526E0;9.598827353E0
7.349260654E1;2.035766602E-2;-4.011657715E-2;-9.645941162E0;9.646046064E0
7.350264754E1;1.197509766E-3;-3.532653809E-2;-9.628577271E0;9.628642150E0
7.351268854E1;4.176315308E-2;-4.191284180E-2;-9.610315247E0;9.610497385E0
7.352272954E1;8.292755127E-2;-2.859054565E-2;-9.555828552E0;9.556231146E0
7.353277154E1;5.508544922E-2;5.538482666E-3;-9.563762054E0;9.563922298E0
7.354281254E1;7.933502197E-2;-1.616638184E-2;-9.605525208E0;9.605866432E0
7.355285354E1;5.628295898E-2;-6.286926270E-3;-9.596094818E0;9.596261931E0
7.356289454E1;1.601669312E-2;-0.000000000E0;-9.576186218E0;9.576199613E0
7.357293554E1;-3.787124634E-2;1.646575928E-3;-9.580976257E0;9.581051246E0
7.358297754E1;-4.370910645E-2;-9.729766846E-3;-9.544601898E0;9.544706939E0
7.359301854E1;2.664459229E-2;-1.960922241E-2;-9.493258667E0;9.493316311E0
7.360305954E1;5.643264771E-2;-3.427871704E-2;-9.447304230E0;9.447534963E0
7.361310054E1;5.119354248E-2;-4.730163574E-2;-9.441166992E0;9.441424278E0
7.362314254E1;2.424957275E-2;-3.173400879E-2;-9.494306488E0;9.494390490E0
7.363318354E1;-5.688171387E-3;-8.232879639E-3;-9.535919952E0;9.535925203E0
7.364322454E1;-1.032852173E-2;7.634124756E-3;-9.492061157E0;9.492069846E0
7.365326554E1;3.742218018E-3;1.736389160E-2;-9.511071625E0;9.511088211E0
7.366330754E1;3.652404785E-2;6.586303711E-3;-9.520352325E0;9.520424664E0
7.367334854E1;4.311035156E-2;1.796264648E-3;-9.514215088E0;9.514312927E0
7.368338954E1;5.269042969E-2;-4.475692749E-2;-9.519603882E0;9.519854911E0
7.369343054E1;5.298980713E-2;-4.834945679E-2;-9.494755554E0;9.495026520E0
7.370347254E1;3.772155762E-2;-5.029541016E-2;-9.531429291E0;9.531636631E0
7.371351354E1;3.861968994E-2;-3.382965088E-2;-9.568701782E0;9.568839518E0
7.372355454E1;1.661544800E-2;-6.885681152E-3;-9.557924194E0;9.557941117E0
7.373359554E1;4.445755005E-2;1.451980591E-2;-9.508826294E0;9.508941307E0
7.374363754E1;5.733078003E-2;1.721420288E-2;-9.472451935E0;9.472641068E0
7.375367854E1;9.265731812E-2;2.514770508E-2;-9.438771973E0;9.439260254E0
7.376371954E1;8.247848511E-2;4.490661621E-4;-9.399553528E0;9.399915395E0
7.377376054E1;3.772155762E-2;-1.466949463E-2;-9.360784149E0;9.360871647E0
7.378380254E1;1.287322998E-2;-4.221221924E-2;-9.435179443E0;9.435282652E0
7.379384354E1;-5.239105225E-3;-5.598358154E-2;-9.452543335E0;9.452710569E0
7.380388454E1;-3.128494263E-2;-7.634124756E-2;-9.433981934E0;9.434342683E0
7.381392554E1;-2.469863892E-2;-7.244934082E-2;-9.413624268E0;9.413935457E0
7.382396754E1;-8.083190918E-3;-5.822891235E-2;-9.361382904E0;9.361567487E0
7.383400854E1;2.035766602E-2;-4.894821167E-2;-9.371112671E0;9.371262618E0
7.384404954E1;5.598358154E-2;-2.290237427E-2;-9.414073334E0;9.414267651E0
7.385409054E1;5.568420410E-2;-3.293151855E-3;-9.383836212E0;9.384002005E0
7.386413254E1;8.367599487E-2;-2.365081787E-2;-9.395811310E0;9.396213663E0
7.387417354E1;8.292755127E-2;-1.975891113E-2;-9.436227264E0;9.436612336E0
7.388421454E1;9.101074219E-2;-1.496887207E-3;-9.451944580E0;9.452382850E0
7.389425554E1;3.248245239E-2;1.122665405E-2;-9.421108704E0;9.421171390E0
7.390429788E1;2.874023438E-2;3.981719971E-2;-9.436826019E0;9.436953784E0
7.391433888E1;3.772155762E-2;1.257385254E-2;-9.458381195E0;9.458464772E0
7.392437987E1;1.047821045E-2;1.556762695E-2;-9.382938080E0;9.382956845E0
7.393442087E1;2.290237427E-2;-2.275268555E-2;-9.360484772E0;9.360540442E0
7.394446188E1;2.529739380E-2;-4.131408691E-2;-9.367969208E0;9.368094464E0
7.395450388E1;1.392105103E-2;-6.601272583E-2;-9.378597107E0;9.378839756E0
7.396454488E1;-5.538482666E-3;-5.852828979E-2;-9.351353760E0;9.351538557E0
7.397458587E1;-1.975891113E-2;-4.535568237E-2;-9.363777924E0;9.363908615E0
7.398462688E1;5.538482666E-3;-4.924758911E-2;-9.334289246E0;9.334420803E0
7.399466887E1;-4.191284180E-3;-1.856140137E-2;-9.323062592E0;9.323082011E0
7.400470988E1;2.754272461E-2;-1.706451416E-2;-9.327553253E0;9.327609527E0
7.401475088E1;4.460723877E-2;-3.023712158E-2;-9.391620026E0;9.391774635E0
7.402479187E1;6.406677246E-2;-3.682342529E-2;-9.375902710E0;9.376193905E0
7.403483388E1;4.730163574E-2;-2.589614868E-2;-9.351204071E0;9.351359561E0
7.404487487E1;5.194198608E-2;-2.095642090E-2;-9.390572205E0;9.390739240E0
7.405491588E1;7.753875732E-2;-1.736389160E-2;-9.374106445E0;9.374443205E0
7.406495688E1;4.879852295E-2;2.080673218E-2;-9.340127106E0;9.340277756E0
7.407499888E1;3.008743286E-2;3.053649902E-2;-9.385033722E0;9.385131629E0
7.408503988E1;1.706451416E-2;3.068618774E-2;-9.378597107E0;9.378662833E0
7.409508087E1;1.047821045E-2;-5.837860107E-3;-9.308093719E0;9.308101448E0
7.410512188E1;1.347198486E-2;-1.137634277E-2;-9.329798584E0;9.329815246E0
7.411516387E1;2.874023438E-2;-2.664459229E-2;-9.340426483E0;9.340508703E0
7.412520488E1;3.772155762E-2;-3.517684937E-2;-9.304950256E0;9.305093207E0
7.413524587E1;1.377136230E-2;-2.604583740E-2;-9.250313873E0;9.250360792E0
7.414528687E1;3.128494263E-2;-3.248245239E-2;-9.249864807E0;9.249974746E0
7.415532887E1;3.532653809E-2;-3.367996216E-2;-9.231153717E0;9.231282752E0
7.416536988E1;2.649490356E-2;-3.023712158E-2;-9.181157684E0;9.181245705E0
7.417541088E1;1.347198486E-2;-5.239105225E-3;-9.192084961E0;9.192096326E0
7.418545187E1;6.286926270E-3;4.191284180E-3;-9.190438385E0;9.190441491E0
7.419549388E1;1.661544800E-2;-7.484436035E-3;-9.207502899E0;9.207520933E0
7.420553487E1;-5.239105225E-3;5.688171387E-3;-9.159452820E0;9.159456084E0
7.421557588E1;1.437011719E-2;-1.496887207E-3;-9.162296906E0;9.162308297E0
7.422561688E1;2.784210205E-2;-3.487747192E-2;-9.162446594E0;9.162555277E0
7.423565888E1;4.505630493E-2;-4.625381470E-2;-9.143436127E0;9.143664128E0
7.424569988E1;4.296066284E-2;-2.499801636E-2;-9.173523560E0;9.173658213E0
7.425574087E1;3.832031250E-2;-3.083587646E-2;-9.205107880E0;9.205239289E0
7.426578188E1;5.029541016E-2;-1.841171265E-2;-9.185199280E0;9.185355433E0
7.427582288E1;4.445755005E-2;-2.499801636E-2;-9.194929047E0;9.195070503E0
7.428586488E1;8.741821289E-2;-3.278182983E-2;-9.199569397E0;9.200043135E0
7.429590588E1;6.750961304E-2;-1.826202393E-2;-9.184301147E0;9.184567416E0
7.430594687E1;3.487747192E-2;-1.901046753E-2;-9.213041382E0;9.213127012E0
7.431598788E1;3.487747192E-2;-4.640350342E-3;-9.228758698E0;9.228825769E0
7.432602987E1;3.442840576E-2;-3.682342529E-2;-9.184001770E0;9.184140123E0
7.433607088E1;1.751358032E-2;-2.784210205E-2;-9.171278229E0;9.171337212E0
7.434611188E1;1.916015625E-2;-1.676513672E-2;-9.182355194E0;9.182390489E0
7.435615287E1;1.781295776E-2;-3.517684937E-2;-9.199419708E0;9.199504208E0
7.436619487E1;2.080673218E-2;-2.963836670E-2;-9.187294922E0;9.187366289E0
7.437623587E1;1.227447510E-2;-2.080673218E-2;-9.141490173E0;9.141522093E0
7.438627688E1;3.173400879E-2;-1.856140137E-2;-9.085805969E0;9.085880347E0
7.439631788E1;2.065704346E-2;-2.619552612E-2;-9.068292389E0;9.068353752E0
7.440635988E1;3.742218018E-3;-1.511856079E-2;-9.105564880E0;9.105578201E0
7.441640087E1;1.496887207E-4;-2.664459229E-2;-9.089997253E0;9.090036305E0
7.442644187E1;-1.197509766E-3;-2.305206299E-2;-9.103020172E0;9.103049439E0
7.443648288E1;2.035766602E-2;-1.227447510E-2;-9.129664764E0;9.129695713E0
7.444652488E1;3.936813354E-2;-3.592529297E-3;-9.091045074E0;9.091131024E0
7.445656588E1;3.353027344E-2;-1.496887207E-3;-9.141041107E0;9.141102726E0
7.446660687E1;6.960525513E-2;-1.362167358E-2;-9.145980835E0;9.146255839E0
7.447664787E1;3.936813354E-2;-1.945953369E-2;-9.065897369E0;9.066003730E0
7.448668987E1;6.885681152E-3;-2.694396973E-2;-9.070986786E0;9.071029416E0
7.449673088E1;2.978805542E-2;-2.918930054E-2;-9.065597992E0;9.065693922E0
7.450677188E1;5.239105225E-3;-1.751358032E-2;-9.058562622E0;9.058581067E0
7.451681287E1;2.409988403E-2;5.688171387E-3;-9.116192780E0;9.116226410E0
7.452685488E1;7.035369873E-2;-1.571731567E-2;-9.117090912E0;9.117375904E0
7.453689587E1;5.209167480E-2;-1.676513672E-2;-9.089997253E0;9.090161972E0
7.454693688E1;5.134323120E-2;1.047821045E-3;-9.110654297E0;9.110799029E0
7.455697788E1;4.715194702E-2;-7.334747314E-3;-9.074878693E0;9.075004154E0
7.456701988E1;2.574645996E-2;-1.676513672E-2;-9.095835114E0;9.095887003E0
7.457706088E1;2.784210205E-2;-2.335144043E-2;-9.115594025E0;9.115666454E0
7.458710187E1;2.993774414E-2;-3.472778320E-2;-9.051676941E0;9.051793067E0
7.459714288E1;-4.041595459E-3;-2.095642090E-2;-9.033564606E0;9.033589818E0
7.460718487E1;-1.377136230E-2;-8.681945801E-3;-9.057065735E0;9.057080366E0
7.461722588E1;2.065704346E-2;-2.993774414E-4;-9.069040833E0;9.069064363E0
7.462726688E1;4.146377563E-2;1.182540894E-2;-9.055868225E0;9.055970870E0
7.463730787E1;2.185455322E-2;7.783813477E-3;-9.029972076E0;9.030001878E0
7.464734888E1;4.610412598E-2;-2.080673218E-2;-9.052126007E0;9.052267327E0
7.465739087E1;2.469863892E-2;-3.233276367E-2;-9.041647797E0;9.041739341E0
7.466743188E1;2.814147949E-2;-4.131408691E-2;-9.066496124E0;9.066633927E0
7.467747287E1;4.490661621E-2;-3.158432007E-2;-9.098978577E0;9.099144208E0
7.468751387E1;2.514770508E-2;-2.185455322E-2;-9.051826630E0;9.051887945E0
7.469755587E1;3.188369751E-2;-2.649490356E-2;-9.042994995E0;9.043090016E0
7.470759688E1;9.280700684E-3;4.939727783E-3;-9.049730988E0;9.049737094E0
7.471763788E1;1.466949463E-2;1.212478638E-2;-9.026379547E0;9.026399611E0
7.472767887E1;1.930984497E-2;1.422042847E-2;-8.990005188E0;8.990037173E0
7.473772088E1;1.227447510E-2;-2.993774414E-3;-9.045689392E0;9.045698215E0
7.474776187E1;2.230361938E-2;-2.529739380E-2;-9.039402466E0;9.039465380E0
7.475780288E1;-5.089416504E-3;-1.990859985E-2;-9.012308807E0;9.012332234E0
7.476784388E1;2.395019531E-2;-1.377136230E-2;-9.076674957E0;9.076717002E0
7.477788588E1;6.212081909E-2;-2.664459229E-2;-9.020990753E0;9.021243988E0
7.478792688E1;5.822891235E-2;-2.350112915E-2;-9.009315033E0;9.009533854E0
7.479796787E1;5.897735596E-2;-2.694396973E-3;-9.034911804E0;9.035104698E0
7.480800888E1;4.535568237E-2;-1.841171265E-2;-8.996591492E0;8.996724659E0
7.481805087E1;4.071533203E-2;-1.227447510E-2;-9.037905579E0;9.038005623E0
7.482809188E1;2.080673218E-2;-5.987548828E-3;-9.038504333E0;9.038530265E0
7.483813288E1;5.987548828E-4;-4.939727783E-3;-9.006920013E0;9.006921388E0
7.484817387E1;1.287322998E-2;-1.646575928E-2;-9.026978302E0;9.027002498E0
7.485821587E1;-1.646575928E-3;-4.131408691E-2;-9.032965851E0;9.033060480E0
7.486825687E1;1.047821045E-2;-8.981323242E-4;-9.060957642E0;9.060963745E0
7.487829788E1;-1.197509766E-3;4.790039062E-3;-9.074429626E0;9.074430970E0
7.488833888E1;7.065307617E-2;-3.338058472E-2;-9.070687408E0;9.071023988E0
7.489838054E1;7.589218140E-2;-1.871109009E-2;-9.000184021E0;9.000523437E0
7.490842154E1;2.200424194E-2;5.987548828E-4;-8.988358612E0;8.988385566E0
7.491846254E1;3.562591553E-2;-8.532257080E-3;-8.989107056E0;8.989181702E0
7.492850354E1;3.143463135E-3;5.239105225E-3;-9.031618652E0;9.031620719E0
7.493854554E1;4.490661621E-4;-7.484436035E-4;-9.049281921E0;9.049281963E0
7.494858654E1;-8.232879639E-3;-1.302291870E-2;-9.059760132E0;9.059773232E0
7.495862754E1;1.047821045E-2;-1.826202393E-2;-9.067094879E0;9.067119324E0
7.496866854E1;2.335144043E-2;-1.302291870E-2;-9.055868225E0;9.055907696E0
7.497870954E1;1.916015625E-2;1.377136230E-2;-9.039252777E0;9.039283574E0
7.498875154E1;3.293151855E-2;4.340972900E-3;-9.049581299E0;9.049642259E0
7.499879254E1;2.709365845E-2;-2.769241333E-2;-9.055718536E0;9.055801408E0
7.500883354E1;7.005432129E-2;-4.924758911E-2;-9.086554413E0;9.086957908E0
7.501887454E1;4.296066284E-2;-4.849914551E-2;-9.086105347E0;9.086336344E0
7.502891654E1;3.338058472E-2;-3.248245239E-2;-9.113797760E0;9.113916775E0
7.503895754E1;2.844085693E-2;-2.095642090E-3;-9.080117798E0;9.080162581E0
7.504899854E1;-1.347198486E-3;-4.490661621E-4;-9.051976318E0;9.051976430E0
7.505903954E1;1.092727661E-2;1.886077881E-2;-9.060209198E0;9.060235419E0
7.506908154E1;-9.280700684E-3;3.727249146E-2;-9.077573090E0;9.077654354E0
7.507912254E1;3.158432007E-2;-1.646575928E-2;-9.058562622E0;9.058632649E0
7.508916354E1;2.170486450E-2;-1.466949463E-2;-9.075178070E0;9.075215882E0
7.509920454E1;3.787124634E-2;-2.844085693E-2;-9.065148926E0;9.065272647E0
7.510924654E1;9.939331055E-2;-2.993774414E-3;-9.068442078E0;9.068987248E0
7.511928754E1;7.170089722E-2;-2.933898926E-2;-9.062604218E0;9.062935341E0
7.512932854E1;5.254074097E-2;-4.206253052E-2;-9.064550171E0;9.064800030E0
7.513936954E1;6.436614990E-3;-3.847000122E-2;-9.014703827E0;9.014788209E0
7.514941154E1;-1.137634277E-2;-3.487747192E-2;-9.049281921E0;9.049356284E0
7.515945254E1;-8.532257080E-3;-2.350112915E-2;-9.075477448E0;9.075511887E0
7.516949354E1;1.736389160E-2;3.143463135E-3;-9.105115814E0;9.105132914E0
7.517953454E1;8.008346558E-2;-3.592529297E-3;-9.133107605E0;9.133459410E0
7.518957654E1;5.269042969E-2;9.430389404E-3;-9.075477448E0;9.075635301E0
7.519961754E1;2.290237427E-2;1.901046753E-2;-9.067094879E0;9.067143732E0
7.520965854E1;7.484436035E-3;2.544708252E-2;-9.059011688E0;9.059050521E0
7.521969954E1;8.681945801E-3;1.526824951E-2;-9.040899353E0;9.040916414E0
7.522974154E1;1.871109009E-2;-8.083190918E-3;-9.047785034E0;9.047807992E0
7.523978254E1;4.266128540E-2;-3.906875610E-2;-9.079519043E0;9.079703321E0
7.524982354E1;3.787124634E-2;-5.568420410E-2;-9.094038849E0;9.094288183E0
7.525986454E1;1.571731567E-2;-4.595443726E-2;-9.110803986E0;9.110933438E0
7.526990654E1;1.901046753E-2;-3.308120728E-2;-9.074878693E0;9.074958901E0
7.527994754E1;1.631607056E-2;-2.365081787E-2;-9.075178070E0;9.075223555E0
7.528998854E1;8.232879639E-3;4.041595459E-3;-9.080417175E0;9.080421807E0
7.530002954E1;3.592529297E-3;-4.041595459E-3;-9.006620636E0;9.006622259E0
7.531007154E1;2.065704346E-2;4.191284180E-3;-9.021739197E0;9.021763820E0
7.532011254E1;6.047424316E-2;1.571731567E-2;-9.056916046E0;9.057131579E0
7.533015354E1;6.242019653E-2;6.586303711E-3;-9.081015930E0;9.081232845E0
7.534019454E1;5.673202515E-2;-5.688171387E-3;-9.087751923E0;9.087930781E0
7.535023654E1;2.649490356E-2;-2.050735474E-2;-9.075926514E0;9.075988355E0
7.536027754E1;-6.436614990E-3;7.035369873E-3;-9.067543945E0;9.067548959E0
7.537031854E1;1.766326904E-2;-3.442840576E-3;-9.061556396E0;9.061574266E0
7.538035954E1;3.891906738E-2;-2.619552612E-2;-9.063053284E0;9.063174704E0
7.539040154E1;1.437011719E-2;-1.676513672E-2;-9.068442078E0;9.068468960E0
7.540044254E1;-1.347198486E-2;-3.143463135E-3;-9.083410950E0;9.083421484E0
7.541048354E1;3.143463135E-3;7.185058594E-3;-9.076225891E0;9.076229279E0
7.542052454E1;4.520599365E-2;6.436614990E-3;-9.054970093E0;9.055085223E0
7.543056554E1;9.175918579E-2;-3.562591553E-2;-9.068442078E0;9.068976275E0
7.544060754E1;9.744735718E-2;-3.667373657E-2;-9.094787292E0;9.095383271E0
7.545064854E1;3.951782227E-2;-3.427871704E-2;-9.106163635E0;9.106313900E0
7.546068954E1;8.981323242E-4;-1.362167358E-2;-9.084309082E0;9.084319339E0
7.547073054E1;-7.933502197E-3;9.280700684E-3;-9.056466980E0;9.056475210E0
7.548077254E1;9.280700684E-3;-1.047821045E-3;-9.028325500E0;9.028330331E0
7.549081354E1;2.140548706E-2;-1.466949463E-2;-9.043743439E0;9.043780668E0
7.550085454E1;-9.131011963E-3;-2.888992310E-2;-9.025481415E0;9.025532271E0
7.551089554E1;2.290237427E-2;-1.796264648E-2;-9.027427368E0;9.027474290E0
7.552093754E1;6.571334839E-2;1.496887207E-4;-9.023236084E0;9.023475367E0
7.553097854E1;7.020401001E-2;1.975891113E-2;-9.020691376E0;9.020986194E0
7.554101954E1;4.071533203E-2;1.496887207E-3;-9.048234100E0;9.048325829E0
7.555106054E1;1.945953369E-2;1.556762695E-2;-9.056766357E0;9.056800642E0
7.556110254E1;-1.945953369E-3;-7.334747314E-3;-9.041198730E0;9.041201915E0
7.557114354E1;6.062393188E-2;-4.745132446E-2;-9.068292389E0;9.068619175E0
7.558118454E1;7.634124756E-2;-3.338058472E-2;-9.019493866E0;9.019878705E0
7.559122554E1;1.062789917E-2;5.688171387E-3;-9.016949158E0;9.016957215E0
7.560126754E1;2.065704346E-2;-4.640350342E-3;-9.023834839E0;9.023859676E0
7.561130854E1;-0.000000000E0;-1.152603149E-2;-9.036408691E0;9.036416042E0
7.562134954E1;3.158432007E-2;8.981323242E-4;-9.000782776E0;9.000838236E0
7.563139054E1;5.298980713E-2;-5.688171387E-3;-9.022637329E0;9.022794725E0
7.564143254E1;4.206253052E-2;-3.457809448E-2;-9.008117523E0;9.008282090E0
7.565147354E1;2.544708252E-3;-3.607498169E-2;-9.047485657E0;9.047557935E0
7.566151454E1;-1.122665405E-2;-1.676513672E-2;-9.033265228E0;9.033287762E0
7.567155554E1;3.338058472E-2;-3.517684937E-2;-9.056317291E0;9.056447126E0
7.568159754E1;3.682342529E-2;-2.409988403E-2;-9.074279938E0;9.074386655E0
7.569163854E1;5.254074097E-2;-1.047821045E-2;-9.085057526E0;9.085215494E0
7.570167954E1;3.457809448E-2;6.137237549E-3;-9.079668732E0;9.079736647E0
7.571172054E1;5.239105225E-2;1.916015625E-2;-9.032217407E0;9.032389674E0
7.572176254E1;1.945953369E-2;1.377136230E-2;-9.028475189E0;9.028506663E0
7.573180354E1;4.445755005E-2;-1.975891113E-2;-9.048084412E0;9.048215206E0
7.574184454E1;2.514770508E-2;-3.113525391E-2;-9.062454529E0;9.062542905E0
7.575188554E1;1.990859985E-2;-5.523513794E-2;-9.055419159E0;9.055609500E0
7.576192754E1;3.382965088E-2;-2.649490356E-2;-9.081464996E0;9.081566655E0
7.577196854E1;2.993774414E-2;-2.095642090E-3;-9.044342194E0;9.044391985E0
7.578200954E1;3.742218018E-2;7.185058594E-3;-9.023834839E0;9.023915295E0
7.579205054E1;-3.891906738E-3;1.616638184E-2;-9.066945190E0;9.066960438E0
7.580209254E1;-1.646575928E-3;-1.496887207E-3;-9.053622894E0;9.053623168E0
7.581213354E1;1.212478638E-2;2.619552612E-2;-9.064550171E0;9.064596131E0
7.582217454E1;5.179229736E-2;-1.257385254E-2;-9.061706085E0;9.061862817E0
7.583221554E1;5.014572144E-2;-2.140548706E-2;-9.039701843E0;9.039866271E0
7.584225754E1;4.176315308E-2;-2.454895020E-2;-9.074279938E0;9.074409248E0
7.585229854E1;2.948867798E-2;-2.469863892E-2;-9.122928772E0;9.123009864E0
7.586233954E1;-7.783813477E-3;-2.050735474E-2;-9.076375580E0;9.076402085E0
7.587238054E1;1.077758789E-2;-2.140548706E-2;-9.089099121E0;9.089130717E0
7.588242254E1;3.817062378E-2;8.981323242E-3;-9.100774841E0;9.100859321E0
7.589246354E1;6.915618896E-2;-1.451980591E-2;-9.048084412E0;9.048360344E0
7.590250512E1;3.966751099E-2;-5.688171387E-3;-9.051377563E0;9.051466271E0
7.591254613E1;5.763015747E-2;-6.885681152E-3;-9.150621185E0;9.150805250E0
7.592258812E1;2.799179077E-2;-2.888992310E-2;-9.144184570E0;9.144273051E0
7.593262913E1;-0.000000000E0;-2.679428101E-2;-9.161099396E0;9.161138579E0
7.594267013E1;3.607498169E-2;-1.451980591E-2;-9.191486206E0;9.191568468E0
7.595271112E1;2.799179077E-2;3.293151855E-3;-9.092991028E0;9.093034709E0
7.596275313E1;2.978805542E-2;-2.395019531E-3;-9.117689667E0;9.117738641E0
7.597279412E1;2.814147949E-2;-1.751358032E-2;-9.200766907E0;9.200826612E0
7.598283513E1;8.981323242E-3;-6.885681152E-3;-9.155560913E0;9.155567908E0
7.599287613E1;2.679428101E-2;-1.960922241E-2;-9.204209747E0;9.204269636E0
7.600291712E1;5.942642212E-2;-1.152603149E-2;-9.203910370E0;9.204109433E0
7.601295912E1;5.373825073E-2;-2.395019531E-2;-9.151669006E0;9.151858118E0
7.602300012E1;4.565505981E-2;-1.167572021E-2;-9.220076752E0;9.220197179E0
7.603304113E1;3.457809448E-2;-3.173400879E-2;-9.236243134E0;9.236362375E0
7.604308213E1;-1.496887207E-4;-1.496887207E-2;-9.232500916E0;9.232513051E0
7.605312413E1;2.035766602E-2;-5.239105225E-3;-9.291029205E0;9.291052985E0
7.606316512E1;3.457809448E-2;5.987548828E-3;-9.222471771E0;9.222538537E0
7.607320612E1;8.981323242E-3;4.490661621E-4;-9.182355194E0;9.182359597E0
7.608324713E1;5.478607178E-2;1.496887207E-4;-9.223818970E0;9.223981674E0
7.609328913E1;4.101470947E-2;-3.891906738E-2;-9.237590332E0;9.237763368E0
7.610333013E1;6.586303711E-3;-3.173400879E-2;-9.279353485E0;9.279410085E0
7.611337112E1;3.861968994E-2;-2.499801636E-2;-9.339977417E0;9.340090713E0
7.612341212E1;4.056564331E-2;-2.993774414E-2;-9.290131073E0;9.290267875E0
7.613345412E1;5.284011841E-2;-1.676513672E-2;-9.284143524E0;9.284309028E0
7.614349513E1;4.505630493E-2;-4.490661621E-4;-9.307345276E0;9.307454344E0
7.615353613E1;2.365081787E-2;8.382568359E-3;-9.260043640E0;9.260077637E0
7.616357712E1;2.694396973E-3;-5.388793945E-3;-9.308692474E0;9.308694424E0
7.617361913E1;3.367996216E-2;-1.481918335E-2;-9.308842163E0;9.308914887E0
7.618366012E1;1.466949463E-2;-4.490661621E-3;-9.308093719E0;9.308106362E0
7.619370113E1;4.041595459E-2;-2.559677124E-2;-9.329798584E0;9.329921236E0
7.620374213E1;6.541397095E-2;-5.837860107E-3;-9.302854614E0;9.303086426E0
7.621378413E1;5.418731689E-2;-5.239105225E-3;-9.325906677E0;9.326065573E0
7.622382513E1;7.963439941E-2;-1.227447510E-2;-9.370214539E0;9.370560965E0
7.623386612E1;3.353027344E-2;-7.783813477E-3;-9.375154266E0;9.375217458E0
7.624390713E1;-1.017883301E-2;-6.586303711E-3;-9.406439209E0;9.406447022E0
7.625394912E1;1.017883301E-2;-3.921844482E-2;-9.429790649E0;9.429877697E0
7.626399013E1;1.242416382E-2;-2.724334717E-2;-9.386081543E0;9.386129303E0
7.627403113E1;2.439926147E-2;-2.739303589E-2;-9.404493256E0;9.404564801E0
7.628407212E1;3.038681030E-2;-1.377136230E-2;-9.383686523E0;9.383745829E0
7.629411412E1;1.781295776E-2;-4.790039062E-3;-9.375753021E0;9.375771166E0
7.630415512E1;2.335144043E-2;-4.191284180E-3;-9.454040222E0;9.454069990E0
7.631419613E1;3.547622681E-2;-1.960922241E-2;-9.443112946E0;9.443199944E0
7.632423712E1;4.311035156E-2;-2.664459229E-2;-9.405092010E0;9.405228555E0
7.633427913E1;4.340972900E-2;5.388793945E-3;-9.435778198E0;9.435879591E0
7.634432012E1;3.847000122E-2;-9.729766846E-3;-9.450896759E0;9.450980063E0
7.635436113E1;1.930984497E-2;-8.681945801E-3;-9.451495514E0;9.451519227E0
7.636440213E1;1.227447510E-2;-1.661544800E-2;-9.475894775E0;9.475917292E0
7.637444413E1;1.392105103E-2;-1.556762695E-2;-9.466015320E0;9.466038357E0
7.638448513E1;2.110610962E-2;-2.993774414E-3;-9.428293762E0;9.428317861E0
7.639452612E1;4.580474854E-2;3.592529297E-3;-9.437424774E0;9.437536614E0
7.640456713E1;4.505630493E-2;-8.981323242E-4;-9.455836487E0;9.455943874E0
7.641460912E1;4.445755005E-2;-7.933502197E-3;-9.481283569E0;9.481391118E0
7.642465013E1;4.026626587E-2;-1.451980591E-2;-9.487420807E0;9.487517366E0
7.643469113E1;2.110610962E-2;-1.541793823E-2;-9.492210846E0;9.492246832E0
7.644473212E1;7.634124756E-3;-6.735992432E-3;-9.497150574E0;9.497156031E0
7.645477413E1;9.280700684E-3;-1.586700439E-2;-9.495354309E0;9.495372102E0
7.646481512E1;3.472778320E-2;-2.140548706E-2;-9.484726410E0;9.484814141E0
7.647485613E1;3.233276367E-2;-2.260299683E-2;-9.472002869E0;9.472085021E0
7.648489713E1;4.206253052E-2;-8.232879639E-3;-9.469757538E0;9.469854532E0
7.649493913E1;4.206253052E-2;1.586700439E-2;-9.477840729E0;9.477947346E0
7.650498012E1;1.871109009E-2;-2.544708252E-3;-9.519005127E0;9.519023857E0
7.651502112E1;3.173400879E-2;-1.586700439E-2;-9.529932404E0;9.529998448E0
7.652506213E1;9.729766846E-3;-2.065704346E-2;-9.488917694E0;9.488945167E0
7.653510412E1;6.436614990E-3;-8.532257080E-3;-9.477092285E0;9.477098312E0
7.654514513E1;1.122665405E-2;-2.754272461E-2;-9.513915710E0;9.513962202E0
7.655518612E1;4.984634399E-2;-2.664459229E-2;-9.507479095E0;9.507647098E0
7.656522712E1;5.658233643E-2;-9.580078125E-3;-9.526190186E0;9.526363041E0
7.657526912E1;3.667373657E-2;-3.293151855E-3;-9.528585205E0;9.528656349E0
7.658531013E1;7.035369873E-3;-9.280700684E-3;-9.532177734E0;9.532184849E0
7.659535113E1;2.649490356E-2;2.395019531E-3;-9.535620575E0;9.535657684E0
7.660539212E1;1.437011719E-2;1.960922241E-2;-9.530231781E0;9.530262789E0
7.661543413E1;8.232879639E-3;3.592529297E-3;-9.535620575E0;9.535624806E0
7.662547512E1;4.161346436E-2;-9.580078125E-3;-9.526938629E0;9.527034329E0
7.663551613E1;3.442840576E-2;-1.362167358E-2;-9.549691315E0;9.549763090E0
7.664555713E1;4.191284180E-2;-1.272354126E-2;-9.576335907E0;9.576436079E0
7.665559913E1;2.499801636E-2;-1.631607056E-2;-9.577683105E0;9.577729626E0
7.666564013E1;3.098556519E-2;5.388793945E-3;-9.576934662E0;9.576986304E0
7.667568112E1;5.029541016E-2;-8.681945801E-3;-9.585167542E0;9.585303428E0
7.668572213E1;4.296066284E-2;4.490661621E-3;-9.577683105E0;9.577780508E0
7.669576412E1;1.796264648E-3;-1.736389160E-2;-9.572144623E0;9.572160540E0
7.670580513E1;2.095642090E-3;-4.191284180E-3;-9.594897308E0;9.594898453E0
7.671584613E1;2.844085693E-3;-4.041595459E-3;-9.601782990E0;9.601784261E0
7.672588712E1;1.811233521E-2;-1.496887207E-3;-9.583820343E0;9.583837575E0
7.673592813E1;5.074447632E-2;-4.490661621E-3;-9.580377502E0;9.580512943E0
7.674597012E1;7.170089722E-2;-2.754272461E-2;-9.588011627E0;9.588319278E0
7.675601113E1;5.328918457E-2;-4.340972900E-3;-9.612111511E0;9.612260207E0
7.676605213E1;3.293151855E-2;-1.137634277E-2;-9.618248749E0;9.618311853E0
7.677609413E1;2.395019531E-3;-1.466949463E-2;-9.618847504E0;9.618858988E0
7.678613512E1;1.107696533E-2;-6.735992432E-3;-9.620045013E0;9.620053749E0
7.679617612E1;2.933898926E-2;-1.930984497E-2;-9.630373535E0;9.630437585E0
7.680621713E1;2.649490356E-2;-1.466949463E-2;-9.629625092E0;9.629672714E0
7.681625813E1;4.041595459E-2;-1.945953369E-3;-9.646689606E0;9.646774465E0
7.682630013E1;4.176315308E-2;-7.933502197E-3;-9.628277893E0;9.628371736E0
7.683634112E1;6.212081909E-2;-2.140548706E-2;-9.651180267E0;9.651403926E0
7.684638212E1;3.667373657E-2;-1.496887207E-2;-9.672735443E0;9.672816549E0
7.685642313E1;3.502716064E-2;-1.736389160E-2;-9.693093109E0;9.693171949E0
7.686646513E1;2.574645996E-2;-1.496887207E-4;-9.689949646E0;9.689983852E0
7.687650613E1;2.814147949E-2;-6.885681152E-3;-9.673783264E0;9.673826647E0
7.688654712E1;3.218307495E-2;-6.137237549E-3;-9.698930969E0;9.698986306E0
7.689658813E1;2.200424194E-2;-1.047821045E-2;-9.710007935E0;9.710038520E0
7.690663037E1;2.290237427E-2;-7.185058594E-3;-9.716444550E0;9.716474197E0
7.691667137E1;3.338058472E-2;-2.005828857E-2;-9.742041321E0;9.742119158E0
7.692671238E1;4.206253052E-2;-1.167572021E-2;-9.727671204E0;9.727769149E0
7.693675337E1;3.323089600E-2;-8.532257080E-3;-9.721384277E0;9.721444819E0
7.694679538E1;2.859054565E-2;-7.035369873E-3;-9.739795990E0;9.739840494E0
7.695683637E1;2.874023438E-2;-1.601669312E-2;-9.753567352E0;9.753622846E0
7.696687738E1;2.619552612E-2;-2.799179077E-2;-9.760902100E0;9.760977387E0
7.697691838E1;1.152603149E-2;-2.529739380E-2;-9.767338715E0;9.767378275E0
7.698696038E1;2.769241333E-2;-6.436614990E-3;-9.770931244E0;9.770972606E0
7.699700138E1;4.206253052E-2;-1.152603149E-2;-9.772128754E0;9.772226076E0
7.700704237E1;4.385879517E-2;-1.182540894E-2;-9.762997742E0;9.763103417E0
7.701708338E1;2.275268555E-2;2.993774414E-4;-9.779164124E0;9.779190597E0
7.702712537E1;2.604583740E-2;1.422042847E-2;-9.774224396E0;9.774269443E0
7.703716638E1;4.400848389E-2;-1.047821045E-3;-9.793683929E0;9.793782862E0
7.704720738E1;3.742218018E-2;-2.080673218E-2;-9.806706848E0;9.806800321E0
7.705724837E1;5.433700562E-2;-1.107696533E-2;-9.826166382E0;9.826322861E0
7.706729038E1;2.574645996E-2;-1.377136230E-2;-9.832752686E0;9.832796037E0
7.707733137E1;2.544708252E-2;-1.736389160E-2;-9.797575836E0;9.797624269E0
7.708737238E1;4.101470947E-2;4.790039062E-3;-9.787247314E0;9.787334425E0
7.709741338E1;3.173400879E-2;-6.137237549E-3;-9.785451050E0;9.785504431E0
7.710745538E1;2.903961182E-2;-1.496887207E-3;-9.813592529E0;9.813635609E0
7.711749637E1;4.311035156E-2;-1.661544800E-2;-9.841584320E0;9.841692766E0
7.712753737E1;3.906875610E-2;-1.886077881E-2;-9.841135254E0;9.841230877E0
7.713757838E1;3.038681030E-2;-1.062789917E-2;-9.845925293E0;9.845977919E0
7.714762038E1;1.766326904E-2;-1.541793823E-2;-9.833501129E0;9.833529080E0
7.715766138E1;2.709365845E-2;-2.080673218E-2;-9.837093658E0;9.837152974E0
7.716770237E1;3.278182983E-2;-1.017883301E-2;-9.842482452E0;9.842542308E0
7.717774337E1;2.709365845E-2;2.245330811E-3;-9.846673737E0;9.846711267E0
7.718778537E1;3.592529297E-2;-2.993774414E-4;-9.840686188E0;9.840751768E0
7.719782638E1;3.158432007E-2;-1.945953369E-3;-9.840386810E0;9.840437690E0
7.720786738E1;2.993774414E-2;-1.212478638E-2;-9.839039612E0;9.839092629E0
7.721790837E1;4.086502075E-2;-4.490661621E-3;-9.844428406E0;9.844514247E0
7.722795038E1;3.472778320E-2;-1.601669312E-2;-9.852960663E0;9.853034882E0
7.723799137E1;5.388793945E-2;-2.380050659E-2;-9.859397278E0;9.859573269E0
7.724803238E1;2.709365845E-2;-2.230361938E-2;-9.874665527E0;9.874727885E0
7.725807338E1;1.122665405E-2;-2.963836670E-2;-9.850415955E0;9.850466941E0
7.726811538E1;3.517684937E-2;-1.362167358E-2;-9.852062531E0;9.852134747E0
7.727815638E1;4.460723877E-2;-2.395019531E-3;-9.845326538E0;9.845427882E0
7.728819737E1;5.029541016E-2;-7.035369873E-3;-9.840536499E0;9.840667544E0
7.729823838E1;3.367996216E-2;-5.987548828E-3;-9.843230896E0;9.843290337E0
7.730828037E1;2.559677124E-2;-3.592529297E-3;-9.849817200E0;9.849851114E0
7.731832138E1;2.050735474E-2;-7.634124756E-3;-9.863738251E0;9.863762523E0
7.732836238E1;1.077758789E-2;-1.556762695E-2;-9.861492920E0;9.861511097E0
7.733840337E1;1.721420288E-2;-1.437011719E-2;-9.840985565E0;9.841011113E0
7.734844537E1;3.442840576E-2;-2.544708252E-2;-9.833950195E0;9.834043386E0
7.735848637E1;3.248245239E-2;-4.490661621E-3;-9.838291168E0;9.838345816E0
7.736852738E1;3.068618774E-2;1.796264648E-3;-9.840985565E0;9.841033572E0
7.737856838E1;3.697311401E-2;4.191284180E-3;-9.837991791E0;9.838062159E0
7.738861038E1;1.990859985E-2;1.122665405E-2;-9.833201752E0;9.833228314E0
7.739865137E1;4.266128540E-2;-1.466949463E-2;-9.811347198E0;9.811450914E0
7.740869237E1;1.691482544E-2;-1.646575928E-3;-9.827214203E0;9.827228898E0
7.741873338E1;2.529739380E-2;2.544708252E-3;-9.846074982E0;9.846107809E0
7.742877538E1;2.185455322E-2;-1.871109009E-2;-9.832602997E0;9.832645088E0
7.743881638E1;3.367996216E-2;-1.526824951E-2;-9.822274475E0;9.822344085E0
7.744885737E1;3.951782227E-2;-1.511856079E-2;-9.803413696E0;9.803505002E0
7.745889837E1;4.505630493E-2;-2.395019531E-3;-9.793983307E0;9.794087238E0
7.746894037E1;4.101470947E-2;4.191284180E-3;-9.807904358E0;9.807991011E0
7.747898138E1;2.365081787E-2;-1.586700439E-2;-9.829010468E0;9.829051729E0
7.748902238E1;2.514770508E-2;-1.362167358E-2;-9.833201752E0;9.833243343E0
7.749906337E1;1.152603149E-2;-1.496887207E-4;-9.829758911E0;9.829765670E0
7.750910538E1;8.532257080E-3;-1.646575928E-3;-9.826166382E0;9.826170224E0
7.751914637E1;4.999603271E-2;-5.837860107E-3;-9.817634125E0;9.817763161E0
7.752918738E1;5.089416504E-2;-1.032852173E-2;-9.816885681E0;9.817023040E0
7.753922838E1;4.730163574E-2;-1.017883301E-2;-9.801617432E0;9.801736853E0
7.754927038E1;4.116439819E-2;-1.107696533E-2;-9.807904358E0;9.807996997E0
7.755931138E1;2.095642090E-2;-9.879455566E-3;-9.816436615E0;9.816463956E0
7.756935237E1;1.437011719E-2;-2.245330811E-2;-9.825118561E0;9.825154726E0
7.757939338E1;2.589614868E-2;-2.095642090E-2;-9.823172607E0;9.823229095E0
7.758943537E1;3.517684937E-2;-5.688171387E-3;-9.817334747E0;9.817399417E0
7.759947638E1;3.188369751E-2;-1.347198486E-3;-9.792336731E0;9.792388730E0
7.760951738E1;2.140548706E-2;-8.382568359E-3;-9.789492645E0;9.789519637E0
7.761955837E1;3.263214111E-2;-1.332229614E-2;-9.783056030E0;9.783119525E0
7.762960037E1;2.589614868E-2;-1.841171265E-2;-9.798923035E0;9.798974550E0
7.763964137E1;3.353027344E-2;-9.131011963E-3;-9.789342957E0;9.789404638E0
7.764968238E1;3.367996216E-2;-5.987548828E-4;-9.786498871E0;9.786556843E0
7.765972337E1;7.933502197E-3;-1.212478638E-2;-9.798773346E0;9.798784059E0
7.766976538E1;3.367996216E-2;-1.556762695E-2;-9.787546692E0;9.787617020E0
7.767980637E1;2.499801636E-2;-1.122665405E-2;-9.779463501E0;9.779501895E0
7.768984738E1;2.245330811E-2;-8.232879639E-3;-9.787995758E0;9.788024974E0
7.769988838E1;2.215393066E-2;-8.981323242E-3;-9.778265991E0;9.778295212E0
7.770993038E1;3.218307495E-2;2.993774414E-4;-9.777816925E0;9.777869894E0
7.771997138E1;4.430786133E-2;-1.347198486E-2;-9.797426147E0;9.797535598E0
7.773001237E1;2.769241333E-2;-1.002914429E-2;-9.811496887E0;9.811541093E0
7.774005338E1;2.320175171E-2;-1.571731567E-2;-9.825717316E0;9.825757280E0
7.775009537E1;3.263214111E-2;-1.541793823E-2;-9.813442841E0;9.813509207E0
7.776013638E1;4.775070190E-2;-1.631607056E-2;-9.820478210E0;9.820607854E0
7.777017738E1;4.340972900E-2;-1.841171265E-2;-9.807006226E0;9.807119582E0
7.778021837E1;3.412902832E-2;-2.395019531E-3;-9.795180817E0;9.795240567E0
7.779026038E1;3.532653809E-2;-2.993774414E-3;-9.792935486E0;9.792999661E0
7.780030137E1;2.679428101E-2;-2.275268555E-2;-9.790390778E0;9.790453881E0
7.781034238E1;2.754272461E-2;-3.188369751E-2;-9.809101868E0;9.809192353E0
7.782038338E1;2.948867798E-2;-1.586700439E-2;-9.809700623E0;9.809757777E0
7.783042538E1;4.355941772E-2;-3.143463135E-2;-9.814041595E0;9.814188606E0
7.784046637E1;5.059478760E-2;-2.814147949E-2;-9.798923035E0;9.799094061E0
7.785050737E1;2.993774414E-2;-3.667373657E-2;-9.780960388E0;9.781074959E0
7.786054838E1;4.296066284E-2;-1.781295776E-2;-9.777517548E0;9.777628154E0
7.787059037E1;1.796264648E-2;-4.640350342E-3;-9.816586304E0;9.816603835E0
7.788063138E1;2.754272461E-2;-1.646575928E-2;-9.808503113E0;9.808555604E0
7.789067237E1;4.490661621E-2;-2.739303589E-2;-9.815538483E0;9.815679431E0
7.790071337E1;3.023712158E-2;-1.975891113E-2;-9.822124786E0;9.822191202E0
7.791075537E1;2.814147949E-2;-0.000000000E0;-9.801018677E0;9.801059078E0
7.792079638E1;2.754272461E-2;-3.293151855E-3;-9.802964630E0;9.803003876E0
7.793083738E1;4.026626587E-2;-1.062789917E-2;-9.817185059E0;9.817273389E0
7.794087837E1;5.418731689E-2;-1.347198486E-3;-9.805359650E0;9.805509469E0
7.795092038E1;4.385879517E-2;2.993774414E-4;-9.803264008E0;9.803362122E0
7.796096137E1;1.886077881E-2;9.131011963E-3;-9.812993774E0;9.813016148E0
7.797100238E1;2.859054565E-2;2.694396973E-3;-9.809251556E0;9.809293592E0
7.798104338E1;2.604583740E-2;-0.000000000E0;-9.818382568E0;9.818417115E0
7.799108538E1;3.517684937E-2;4.340972900E-3;-9.822124786E0;9.822188736E0
7.800112638E1;3.367996216E-2;-6.286926270E-3;-9.812844086E0;9.812903898E0
7.801116737E1;3.113525391E-2;-2.350112915E-2;-9.827812958E0;9.827890376E0
7.802120838E1;5.149291992E-2;-6.586303711E-3;-9.824070740E0;9.824207897E0
7.803125037E1;4.460723877E-2;-9.729766846E-3;-9.827363892E0;9.827469946E0
7.804129138E1;4.565505981E-2;-9.580078125E-3;-9.814640350E0;9.814751213E0
7.805133238E1;3.667373657E-2;-7.783813477E-3;-9.808952179E0;9.809023825E0
7.806137337E1;2.859054565E-2;-5.837860107E-3;-9.819280701E0;9.819324059E0
7.807141537E1;4.131408691E-2;-2.110610962E-2;-9.837842102E0;9.837951491E0
7.808145637E1;2.020797729E-2;-1.407073975E-2;-9.813742218E0;9.813773111E0
7.809149738E1;2.814147949E-2;-1.197509766E-3;-9.797126770E0;9.797167260E0
7.810153838E1;4.236190796E-2;-3.891906738E-3;-9.815987549E0;9.816079729E0
7.811158038E1;3.263214111E-2;-4.041595459E-3;-9.816137238E0;9.816192310E0
7.812162137E1;3.562591553E-2;-5.688171387E-3;-9.817933502E0;9.817999787E0
7.813166237E1;2.230361938E-2;-2.694396973E-3;-9.816436615E0;9.816462322E0
7.814170338E1;2.275268555E-2;-4.340972900E-3;-9.822573853E0;9.822601164E0
7.815174538E1;2.709365845E-2;-5.837860107E-3;-9.826914825E0;9.826953909E0
7.816178638E1;4.445755005E-2;-8.083190918E-3;-9.824220428E0;9.824324345E0
7.817182737E1;5.418731689E-2;-8.981323242E-3;-9.822873230E0;9.823026795E0
7.818186837E1;4.131408691E-2;-5.688171387E-3;-9.843679962E0;9.843768303E0
7.819191037E1;5.328918457E-2;-6.586303711E-3;-9.833501129E0;9.833647725E0
7.820195138E1;3.487747192E-2;-2.395019531E-3;-9.831555176E0;9.831617331E0
7.821199238E1;2.335144043E-2;-0.000000000E0;-9.815089417E0;9.815117195E0
7.822203337E1;1.841171265E-2;-1.212478638E-2;-9.823022919E0;9.823047657E0
7.823207538E1;4.565505981E-2;-1.212478638E-2;-9.824070740E0;9.824184307E0
7.824211637E1;4.535568237E-2;-2.424957275E-2;-9.815239105E0;9.815373853E0
7.825215738E1;4.969665527E-2;-1.631607056E-2;-9.831854553E0;9.831993690E0
7.826219838E1;4.954696655E-2;-3.143463135E-2;-9.813742218E0;9.813917636E0
7.827224038E1;2.948867798E-2;-2.514770508E-2;-9.818232880E0;9.818309369E0
7.828228138E1;3.083587646E-2;-1.107696533E-2;-9.811796265E0;9.811850972E0
7.829232237E1;9.580078125E-3;3.442840576E-3;-9.805659027E0;9.805664311E0
7.830236338E1;-7.933502197E-3;2.993774414E-3;-9.777068481E0;9.777072159E0
7.831240537E1;-2.395019531E-3;2.454895020E-2;-9.750723267E0;9.750754464E0
7.832244638E1;-1.796264648E-2;1.422042847E-2;-9.748627625E0;9.748654545E0
7.833248738E1;-3.592529297E-2;-2.844085693E-3;-9.770033112E0;9.770099576E0
7.834252837E1;-3.173400879E-2;-5.388793945E-3;-9.783355408E0;9.783408359E0
7.835257037E1;-9.879455566E-3;-2.020797729E-2;-9.825867004E0;9.825892751E0
7.836261137E1;2.903961182E-2;-3.637435913E-2;-9.845625916E0;9.845735933E0
7.837265238E1;7.050338745E-2;-2.859054565E-2;-9.834998016E0;9.835292275E0
7.838269337E1;8.666976929E-2;-1.062789917E-2;-9.832303619E0;9.832691344E0
7.839273538E1;7.035369873E-2;-3.023712158E-2;-9.853559418E0;9.853856967E0
7.840277637E1;5.328918457E-2;4.490661621E-3;-9.837093658E0;9.837239021E0
7.841281738E1;8.981323242E-4;-3.592529297E-3;-9.827962646E0;9.827963344E0
7.842285838E1;1.945953369E-3;-1.796264648E-3;-9.809850311E0;9.809850669E0
7.843290038E1;3.382965088E-2;-1.302291870E-2;-9.788594513E0;9.788661634E0
7.844294138E1;4.595443726E-2;-4.191284180E-3;-9.816137238E0;9.816245700E0
7.845298237E1;6.271957397E-2;-2.230361938E-2;-9.816586304E0;9.816812001E0
7.846302338E1;5.209167480E-2;-1.481918335E-2;-9.801916809E0;9.802066429E0
7.847306537E1;1.930984497E-2;-3.203338623E-2;-9.801018677E0;9.801090047E0
7.848310638E1;1.167572021E-2;-3.053649902E-2;-9.825567627E0;9.825622016E0
7.849314738E1;1.511856079E-2;-4.041595459E-3;-9.847871246E0;9.847883681E0
7.850318837E1;1.975891113E-2;-1.152603149E-2;-9.811197510E0;9.811224176E0
7.851323038E1;4.146377563E-2;-2.844085693E-3;-9.784403229E0;9.784491498E0
7.852327137E1;4.415817261E-2;2.125579834E-2;-9.785600739E0;9.785723456E0
7.853331238E1;3.068618774E-2;-2.694396973E-3;-9.791887665E0;9.791936118E0
7.854335338E1;4.385879517E-2;-1.541793823E-2;-9.786498871E0;9.786609293E0
7.855339538E1;3.053649902E-2;-3.278182983E-2;-9.804012451E0;9.804114813E0
7.856343637E1;2.305206299E-2;-2.829116821E-2;-9.840237122E0;9.840304792E0
7.857347737E1;1.960922241E-2;-2.350112915E-2;-9.854457550E0;9.854505083E0
7.858351838E1;2.320175171E-2;-9.580078125E-3;-9.832902374E0;9.832934415E0
7.859356037E1;3.263214111E-2;-1.616638184E-2;-9.814939728E0;9.815007288E0
7.860360138E1;3.817062378E-2;-9.131011963E-3;-9.832602997E0;9.832681326E0
7.861364237E1;4.999603271E-2;-9.879455566E-3;-9.826615448E0;9.826747599E0
7.862368337E1;5.508544922E-2;1.496887207E-3;-9.810748444E0;9.810903204E0
7.863372537E1;2.814147949E-2;-1.841171265E-2;-9.812395020E0;9.812452647E0
7.864376638E1;1.167572021E-2;-1.856140137E-2;-9.812544708E0;9.812569210E0
7.865380738E1;8.532257080E-3;-7.185058594E-3;-9.809550934E0;9.809557276E0
7.866384837E1;6.735992432E-3;-2.080673218E-2;-9.826765137E0;9.826789473E0
7.867389038E1;1.826202393E-2;-1.077758789E-2;-9.816735992E0;9.816758895E0
7.868393137E1;4.221221924E-2;-1.002914429E-2;-9.790390778E0;9.790486915E0
7.869397238E1;5.313949585E-2;-2.724334717E-2;-9.809550934E0;9.809732694E0
7.870401338E1;2.829116821E-2;4.490661621E-3;-9.790690155E0;9.790732060E0
7.871405538E1;-1.945953369E-3;2.694396973E-3;-9.778265991E0;9.778266556E0
7.872409638E1;-3.143463135E-3;-1.661544800E-2;-9.776769104E0;9.776783728E0
7.873413737E1;-1.122665405E-2;-3.353027344E-2;-9.774074707E0;9.774138668E0
7.874417838E1;-7.185058594E-3;-3.891906738E-2;-9.794582062E0;9.794662020E0
7.875422037E1;2.395019531E-3;-4.071533203E-2;-9.796827393E0;9.796912291E0
7.876426138E1;3.323089600E-2;-1.916015625E-2;-9.817634125E0;9.817709061E0
7.877430238E1;6.990463257E-2;-1.347198486E-2;-9.843979340E0;9.844236760E0
7.878434337E1;8.337661743E-2;-2.694396973E-3;-9.815987549E0;9.816342011E0
7.879438537E1;4.864883423E-2;2.275268555E-2;-9.814790039E0;9.814936979E0
7.880442637E1;8.382568359E-3;1.766326904E-2;-9.772278442E0;9.772298001E0
7.881446738E1;-1.077758789E-2;-3.742218018E-3;-9.760303345E0;9.760310013E0
7.882450838E1;-4.191284180E-3;-2.859054565E-2;-9.768985291E0;9.769028027E0
7.883455038E1;-6.735992432E-3;-2.844085693E-2;-9.797126770E0;9.797170367E0
7.884459137E1;5.239105225E-3;-2.679428101E-2;-9.824968872E0;9.825006805E0
7.885463237E1;3.128494263E-2;-2.529739380E-2;-9.841284943E0;9.841367183E0
7.886467338E1;3.712280273E-2;-2.409988403E-2;-9.826615448E0;9.826715121E0
7.887471538E1;6.376739502E-2;-6.436614990E-3;-9.807754669E0;9.807964078E0
7.888475638E1;4.685256958E-2;-9.580078125E-3;-9.783205719E0;9.783322599E0
7.889479737E1;1.212478638E-2;-1.347198486E-3;-9.772128754E0;9.772136368E0
7.890483825E1;8.382568359E-3;-2.903961182E-2;-9.760902100E0;9.760948897E0
7.891488025E1;-7.933502197E-3;-1.437011719E-2;-9.786349182E0;9.786362948E0
7.892492125E1;-7.185058594E-3;-8.981323242E-4;-9.809101868E0;9.809104540E0
7.893496225E1;3.113525391E-2;-6.436614990E-3;-9.783056030E0;9.783107693E0
7.894500325E1;3.921844482E-2;1.377136230E-2;-9.764045563E0;9.764134037E0
7.895504525E1;3.936813354E-2;1.975891113E-2;-9.772727509E0;9.772826777E0
7.896508625E1;4.595443726E-2;3.293151855E-3;-9.755662994E0;9.755771785E0
7.897512725E1;2.679428101E-2;-1.227447510E-2;-9.752070465E0;9.752114999E0
7.898516825E1;1.451980591E-2;1.945953369E-2;-9.738748169E0;9.738778435E0
7.899521025E1;-2.993774414E-4;3.068618774E-2;-9.749226379E0;9.749274677E0
7.900525125E1;1.781295776E-2;2.080673218E-2;-9.728120270E0;9.728158829E0
7.901529225E1;4.894821167E-2;6.137237549E-3;-9.731263733E0;9.731388772E0
7.902533325E1;4.849914551E-2;3.891906738E-3;-9.742041321E0;9.742162820E0
7.903537525E1;6.256988525E-2;-4.790039062E-3;-9.722432098E0;9.722634614E0
7.904541625E1;4.116439819E-2;-2.993774414E-3;-9.719588013E0;9.719675643E0
7.905545725E1;4.430786133E-2;-2.559677124E-2;-9.691296844E0;9.691431933E0
7.906549825E1;3.053649902E-2;-4.026626587E-2;-9.675579529E0;9.675711502E0
7.907554025E1;-1.945953369E-3;-4.340972900E-3;-9.681866455E0;9.681867624E0
7.908558125E1;2.290237427E-2;-3.128494263E-2;-9.673334198E0;9.673411899E0
7.909562225E1;3.248245239E-2;-5.014572144E-2;-9.667346649E0;9.667531274E0
7.910566325E1;3.622467041E-2;-4.640350342E-2;-9.651779022E0;9.651958548E0
7.911570525E1;4.700225830E-2;-3.712280273E-2;-9.646839294E0;9.647025225E0
7.912574625E1;3.308120728E-2;-1.481918335E-2;-9.642498322E0;9.642566456E0
7.913578725E1;3.113525391E-2;-1.945953369E-3;-9.630523224E0;9.630573750E0
7.914582825E1;1.347198486E-2;6.885681152E-3;-9.649683380E0;9.649695241E0
7.915587025E1;2.185455322E-2;5.388793945E-3;-9.663005676E0;9.663031893E0
7.916591125E1;2.709365845E-2;1.287322998E-2;-9.664053497E0;9.664100050E0
7.917595225E1;2.903961182E-2;9.280700684E-3;-9.657916260E0;9.657964377E0
7.918599325E1;5.149291992E-2;1.302291870E-2;-9.631121979E0;9.631268436E0
7.919603525E1;4.011657715E-2;4.340972900E-3;-9.610464935E0;9.610549644E0
7.920607625E1;4.131408691E-2;1.871109009E-2;-9.640702057E0;9.640808737E0
7.921611725E1;1.392105103E-2;2.290237427E-2;-9.654024353E0;9.654061556E0
7.922615825E1;1.796264648E-3;3.203338623E-2;-9.659862213E0;9.659915493E0
7.923620025E1;2.574645996E-2;6.885681152E-3;-9.638756104E0;9.638792949E0
7.924624125E1;5.179229736E-2;1.496887207E-3;-9.624984741E0;9.625124204E0
7.925628225E1;5.718109131E-2;1.796264648E-3;-9.644294586E0;9.644464266E0
7.926632325E1;5.224136353E-2;-1.347198486E-3;-9.672436066E0;9.672577238E0
7.927636525E1;4.251159668E-2;-1.287322998E-2;-9.663454742E0;9.663556825E0
7.928640625E1;4.939727783E-2;-4.685256958E-2;-9.662406921E0;9.662646779E0
7.929644725E1;4.415817261E-2;-6.436614990E-2;-9.662556610E0;9.662871891E0
7.930648825E1;3.802093506E-2;-7.379653931E-2;-9.701325989E0;9.701681167E0
7.931653025E1;2.005828857E-2;-4.236190796E-2;-9.702224121E0;9.702337335E0
7.932657125E1;3.098556519E-2;-4.011657715E-2;-9.719138947E0;9.719271130E0
7.933661225E1;4.281097412E-2;-2.454895020E-2;-9.694889374E0;9.695014977E0
7.934665325E1;3.832031250E-2;3.442840576E-3;-9.699679413E0;9.699755719E0
7.935669525E1;3.293151855E-2;1.107696533E-2;-9.731712799E0;9.731774822E0
7.936673625E1;1.975891113E-2;3.742218018E-3;-9.723779297E0;9.723800092E0
7.937677725E1;1.332229614E-2;-1.975891113E-2;-9.726024628E0;9.726053822E0
7.938681825E1;3.891906738E-3;-1.811233521E-2;-9.735305328E0;9.735322955E0
7.939686025E1;-2.245330811E-3;-8.532257080E-3;-9.777068481E0;9.777072462E0
7.940690125E1;1.212478638E-2;-0.000000000E0;-9.781708832E0;9.781716346E0
7.941694225E1;3.218307495E-2;-4.340972900E-3;-9.771679688E0;9.771733649E0
7.942698325E1;6.256988525E-2;-1.077758789E-2;-9.758207703E0;9.758414252E0
7.943702525E1;5.882766724E-2;2.844085693E-3;-9.762848053E0;9.763025704E0
7.944706625E1;1.886077881E-2;3.218307495E-2;-9.805659027E0;9.805729980E0
7.945710725E1;-7.484436035E-3;4.056564331E-2;-9.826016693E0;9.826103279E0
7.946714825E1;9.729766846E-3;2.769241333E-2;-9.834399261E0;9.834443064E0
7.947719025E1;2.514770508E-2;1.182540894E-2;-9.827214203E0;9.827253494E0
7.948723125E1;3.472778320E-2;1.242416382E-2;-9.834099884E0;9.834169050E0
7.949727225E1;1.287322998E-2;-1.945953369E-2;-9.847122803E0;9.847150445E0
7.950731325E1;2.080673218E-2;-1.377136230E-2;-9.856104126E0;9.856135709E0
7.951735525E1;3.577560425E-2;-2.739303589E-2;-9.848170624E0;9.848273702E0
7.952739625E1;4.655319214E-2;-4.221221924E-2;-9.851463776E0;9.851664204E0
7.953743725E1;5.029541016E-2;-1.706451416E-2;-9.855355682E0;9.855498793E0
7.954747825E1;2.844085693E-2;-1.975891113E-2;-9.838740234E0;9.838801182E0
7.955752025E1;9.580078125E-3;-2.305206299E-2;-9.882000275E0;9.882031805E0
7.956756125E1;1.047821045E-2;-3.323089600E-2;-9.889933777E0;9.889995157E0
7.957760225E1;2.469863892E-2;-2.574645996E-2;-9.881251831E0;9.881316241E0
7.958764325E1;3.951782227E-2;-2.664459229E-2;-9.879305878E0;9.879420844E0
7.959768525E1;3.697311401E-2;-2.799179077E-2;-9.875713348E0;9.875822229E0
7.960772625E1;3.637435913E-2;-2.350112915E-2;-9.869576111E0;9.869671119E0
7.961776725E1;5.149291992E-2;-2.604583740E-2;-9.873917084E0;9.874085704E0
7.962780825E1;1.302291870E-2;9.131011963E-3;-9.891131287E0;9.891144074E0
7.963785025E1;1.287322998E-2;1.137634277E-2;-9.874964905E0;9.874979849E0
7.964789125E1;5.388793945E-3;1.616638184E-2;-9.871671753E0;9.871686461E0
7.965793225E1;-7.634124756E-3;1.302291870E-2;-9.883646851E0;9.883658379E0
7.966797325E1;1.122665405E-2;1.571731567E-2;-9.859397278E0;9.859416197E0
7.967801525E1;4.715194702E-2;-4.191284180E-3;-9.836644592E0;9.836758496E0
7.968805625E1;5.164260864E-2;-6.436614990E-3;-9.833201752E0;9.833339467E0
7.969809725E1;4.550537109E-2;-7.484436035E-4;-9.846374359E0;9.846479539E0
7.970813825E1;3.637435913E-2;-6.885681152E-3;-9.844727783E0;9.844797389E0
7.971818025E1;3.847000122E-2;-2.888992310E-2;-9.813891907E0;9.814009829E0
7.972822125E1;2.589614868E-2;-3.143463135E-2;-9.820029144E0;9.820113601E0
7.973826225E1;-5.388793945E-3;-8.981323242E-3;-9.817783813E0;9.817789400E0
7.974830325E1;1.332229614E-2;-4.041595459E-3;-9.834548950E0;9.834558804E0
7.975834525E1;2.065704346E-2;1.092727661E-2;-9.818681946E0;9.818709756E0
7.976838625E1;2.574645996E-2;-5.388793945E-3;-9.825567627E0;9.825602837E0
7.977842725E1;3.682342529E-2;-5.837860107E-3;-9.815837860E0;9.815908666E0
7.978846825E1;2.963836670E-2;-2.993774414E-4;-9.804760895E0;9.804805695E0
7.979851025E1;2.185455322E-2;-1.856140137E-2;-9.822274475E0;9.822316326E0
7.980855125E1;1.511856079E-2;-1.586700439E-2;-9.833650818E0;9.833675241E0
7.981859225E1;1.287322998E-2;-2.948867798E-2;-9.826465759E0;9.826518438E0
7.982863325E1;1.826202393E-2;-1.676513672E-2;-9.833650818E0;9.833682066E0
7.983867525E1;3.532653809E-2;-1.092727661E-2;-9.804611206E0;9.804680937E0
7.984871625E1;4.026626587E-2;-4.490661621E-4;-9.810898132E0;9.810980773E0
7.985875725E1;5.837860107E-2;2.245330811E-3;-9.814939728E0;9.815113599E0
7.986879825E1;6.780899048E-2;1.347198486E-3;-9.801318054E0;9.801552707E0
7.987884025E1;5.313949585E-2;-2.110610962E-2;-9.836045837E0;9.836212024E0
7.988888125E1;3.412902832E-2;-1.422042847E-2;-9.830806732E0;9.830876259E0
7.989892225E1;4.849914551E-2;-2.409988403E-2;-9.834249573E0;9.834398692E0
7.990896263E1;4.805007935E-2;-1.496887207E-2;-9.826465759E0;9.826594639E0
7.991900463E1;7.304809570E-2;-1.017883301E-2;-9.812694397E0;9.812971566E0
7.992904563E1;7.125183105E-2;4.790039062E-3;-9.796528015E0;9.796788296E0
7.993908662E1;4.805007935E-2;-1.197509766E-3;-9.779912567E0;9.780030678E0
7.994912763E1;2.409988403E-2;5.089416504E-3;-9.755812683E0;9.755843778E0
7.995916962E1;2.694396973E-3;-2.275268555E-2;-9.765841827E0;9.765868704E0
7.996921063E1;5.987548828E-3;-1.691482544E-2;-9.777966614E0;9.777983077E0
7.997925163E1;1.092727661E-2;-4.760101318E-2;-9.788295135E0;9.788416977E0
7.998929262E1;2.469863892E-2;-4.071533203E-2;-9.784852295E0;9.784968175E0
7.999933462E1;2.709365845E-2;-2.859054565E-2;-9.815239105E0;9.815318139E0
8.000937562E1;2.814147949E-2;5.688171387E-3;-9.831704865E0;9.831746785E0
8.001941663E1;5.463638306E-2;2.844085693E-3;-9.814640350E0;9.814792837E0
8.002945763E1;3.158432007E-2;-4.131408691E-2;-9.806257782E0;9.806395674E0
8.003949963E1;1.077758789E-2;-4.939727783E-3;-9.791139221E0;9.791146399E0
8.004954062E1;2.035766602E-2;-1.826202393E-2;-9.784403229E0;9.784441450E0
8.005958162E1;2.245330811E-2;5.987548828E-4;-9.786049805E0;9.786075582E0
8.006962263E1;3.098556519E-2;-1.257385254E-2;-9.802066498E0;9.802123537E0
8.007966463E1;2.724334717E-2;1.347198486E-3;-9.814790039E0;9.814827942E0
8.008970563E1;3.008743286E-2;6.436614990E-3;-9.814191284E0;9.814239514E0
8.009974662E1;3.936813354E-2;1.496887207E-4;-9.837542725E0;9.837621498E0
8.010978763E1;3.158432007E-2;-1.017883301E-2;-9.824968872E0;9.825024912E0
8.011982962E1;1.661544800E-2;1.347198486E-3;-9.825268250E0;9.825282391E0
8.012987063E1;1.377136230E-2;-1.317260742E-2;-9.816885681E0;9.816904178E0
8.013991163E1;3.233276367E-2;-5.089416504E-3;-9.798923035E0;9.798977699E0
8.014995262E1;2.754272461E-2;-1.826202393E-2;-9.817783813E0;9.817839432E0
8.015999463E1;2.275268555E-2;-1.287322998E-2;-9.816586304E0;9.816621112E0
8.017003562E1;4.326004028E-2;-2.125579834E-2;-9.818981323E0;9.819099626E0
8.018007663E1;5.448669434E-2;-2.784210205E-2;-9.814640350E0;9.814831083E0
8.019011763E1;3.487747192E-2;-1.466949463E-2;-9.794132996E0;9.794206082E0
8.020015963E1;3.607498169E-2;-4.071533203E-2;-9.798923035E0;9.799074027E0
8.021020063E1;4.281097412E-2;-1.317260742E-2;-9.815987549E0;9.816089744E0
8.022024162E1;3.547622681E-2;-4.894821167E-2;-9.794282684E0;9.794469245E0
8.023028263E1;3.487747192E-2;-4.490661621E-2;-9.803862762E0;9.804027647E0
8.024032462E1;7.933502197E-3;-5.209167480E-2;-9.815239105E0;9.815380542E0
8.025036563E1;1.302291870E-2;-2.559677124E-2;-9.842033386E0;9.842075288E0
8.026040662E1;2.335144043E-2;3.697311401E-2;-9.832902374E0;9.832999614E0
8.027044762E1;7.379653931E-2;9.924362183E-2;-9.833501129E0;9.834278808E0
8.028048962E1;7.753875732E-2;9.265731812E-2;-9.806108093E0;9.806852379E0
8.029053063E1;5.343887329E-2;6.137237549E-2;-9.817933502E0;9.818270751E0
8.030057163E1;1.332229614E-2;9.879455566E-3;-9.842931519E0;9.842945492E0
8.031061262E1;-4.939727783E-3;-1.751358032E-2;-9.849517822E0;9.849534632E0
8.032065463E1;-1.047821045E-2;-3.891906738E-2;-9.843530273E0;9.843612789E0
8.033069562E1;1.152603149E-2;-4.326004028E-2;-9.798324280E0;9.798426556E0
8.034073663E1;4.086502075E-2;-4.640350342E-2;-9.789193268E0;9.789388544E0
8.035077763E1;5.059478760E-2;-4.131408691E-2;-9.777068481E0;9.777286678E0
8.036081963E1;5.269042969E-2;-6.436614990E-3;-9.768536224E0;9.768680447E0
8.037086063E1;4.191284180E-2;2.155517578E-2;-9.781858521E0;9.781972062E0
8.038090162E1;2.005828857E-2;4.266128540E-2;-9.791588287E0;9.791701768E0
8.039094263E1;1.062789917E-2;6.885681152E-3;-9.807904358E0;9.807912533E0
8.040098462E1;-1.347198486E-3;-1.631607056E-2;-9.818831635E0;9.818845283E0
8.041102563E1;1.811233521E-2;-4.745132446E-2;-9.826465759E0;9.826597020E0
8.042106663E1;4.236190796E-2;-4.385879517E-2;-9.793534241E0;9.793724064E0
8.043110762E1;5.358856201E-2;-2.709365845E-2;-9.806856537E0;9.807040376E0
8.044114962E1;5.987548828E-2;-7.783813477E-3;-9.793534241E0;9.793720365E0
8.045119062E1;4.834945679E-2;-1.721420288E-2;-9.805958405E0;9.806092710E0
8.046123163E1;1.047821045E-2;-1.481918335E-2;-9.821825409E0;9.821842178E0
8.047127263E1;7.634124756E-3;-5.239105225E-3;-9.837991791E0;9.837996148E0
8.048131463E1;2.978805542E-2;-4.640350342E-3;-9.835746460E0;9.835792662E0
8.049135562E1;4.640350342E-2;-9.131011963E-3;-9.817933502E0;9.818047408E0
8.050139662E1;5.583389282E-2;2.993774414E-4;-9.807604980E0;9.807763913E0
8.051143763E1;3.173400879E-2;2.918930054E-2;-9.830507355E0;9.830601910E0
8.052147963E1;2.529739380E-2;4.864883423E-2;-9.835596771E0;9.835749616E0
8.053152063E1;9.879455566E-3;3.053649902E-2;-9.813592529E0;9.813645012E0
8.054156162E1;1.661544800E-2;2.020797729E-2;-9.833351440E0;9.833386242E0
8.055160262E1;2.933898926E-2;4.340972900E-3;-9.864037628E0;9.864082215E0
8.056164462E1;5.433700562E-2;-4.550537109E-2;-9.846374359E0;9.846629437E0
8.057168563E1;7.229965210E-2;-6.586303711E-2;-9.825567627E0;9.826054364E0
8.058172663E1;4.206253052E-2;-4.879852295E-2;-9.810000000E0;9.810211545E0
8.059176762E1;3.053649902E-2;-2.963836670E-2;-9.807754669E0;9.807846989E0
8.060180963E1;3.038681030E-2;3.742218018E-3;-9.793833618E0;9.793881473E0
8.061185062E1;2.095642090E-2;6.286926270E-3;-9.793234863E0;9.793259303E0
8.062189163E1;1.332229614E-2;3.248245239E-2;-9.814790039E0;9.814852832E0
8.063193263E1;1.122665405E-2;-1.182540894E-2;-9.826316071E0;9.826329599E0
8.064197463E1;1.227447510E-2;-6.286926270E-3;-9.830806732E0;9.830816405E0
8.065201563E1;3.457809448E-2;-1.796264648E-3;-9.812395020E0;9.812456109E0
8.066205662E1;3.248245239E-2;-1.362167358E-2;-9.782008209E0;9.782071624E0
8.067209763E1;2.574645996E-2;-9.430389404E-3;-9.797426147E0;9.797464515E0
8.068213962E1;2.439926147E-2;-4.041595459E-3;-9.820328522E0;9.820359664E0
8.069218063E1;2.903961182E-2;1.047821045E-2;-9.829609222E0;9.829657703E0
8.070222163E1;3.098556519E-2;7.334747314E-3;-9.819280701E0;9.819332329E0
8.071226262E1;4.131408691E-2;-7.933502197E-3;-9.810000000E0;9.810090203E0
8.072230462E1;2.844085693E-2;-1.661544800E-2;-9.818681946E0;9.818737195E0
8.073234562E1;2.769241333E-2;-2.963836670E-2;-9.824819183E0;9.824902915E0
8.074238663E1;3.412902832E-2;-3.203338623E-2;-9.813742218E0;9.813853843E0
8.075242763E1;2.619552612E-2;-2.933898926E-2;-9.802515564E0;9.802594471E0
8.076246963E1;2.110610962E-2;2.993774414E-3;-9.783056030E0;9.783079256E0
8.077251062E1;3.323089600E-2;6.586303711E-3;-9.777816925E0;9.777875612E0
8.078255162E1;3.143463135E-2;-3.891906738E-3;-9.793384552E0;9.793435774E0
8.079259263E1;2.829116821E-2;-1.182540894E-2;-9.804012451E0;9.804060402E0
8.080263463E1;3.981719971E-2;-1.511856079E-2;-9.805060272E0;9.805152774E0
8.081267563E1;3.876937866E-2;-2.529739380E-2;-9.790241089E0;9.790350535E0
8.082271662E1;4.580474854E-2;-2.724334717E-2;-9.817185059E0;9.817329716E0
8.083275763E1;3.173400879E-2;1.930984497E-2;-9.814939728E0;9.815010024E0
8.084279962E1;1.152603149E-2;8.681945801E-3;-9.808203735E0;9.808214350E0
8.085284063E1;3.128494263E-2;-2.230361938E-2;-9.800120544E0;9.800195859E0
8.086288163E1;3.412902832E-2;-4.415817261E-2;-9.818981323E0;9.819139930E0
8.087292262E1;1.901046753E-2;-4.864883423E-2;-9.821975098E0;9.822113974E0
8.088296463E1;2.664459229E-2;-2.290237427E-2;-9.813891907E0;9.813954800E0
8.089300562E1;4.625381470E-2;1.047821045E-3;-9.797276459E0;9.797385698E0
8.090304667E1;5.179229736E-2;-1.826202393E-2;-9.778864746E0;9.779018952E0
8.091308767E1;5.822891235E-2;-1.811233521E-2;-9.800270233E0;9.800459954E0
8.092312967E1;4.445755005E-2;-1.541793823E-2;-9.818083191E0;9.818195951E0
8.093317067E1;7.484436035E-3;-1.347198486E-2;-9.803713074E0;9.803725187E0
8.094321167E1;1.945953369E-2;-2.335144043E-2;-9.816286926E0;9.816333989E0
8.095325267E1;2.589614868E-2;-1.377136230E-2;-9.800120544E0;9.800164435E0
8.096329467E1;3.308120728E-2;8.681945801E-3;-9.805060272E0;9.805119922E0
8.097333567E1;3.188369751E-2;8.232879639E-3;-9.826016693E0;9.826071870E0
8.098337667E1;2.320175171E-2;3.023712158E-2;-9.827513580E0;9.827587485E0
8.099341767E1;9.131011963E-3;4.879852295E-2;-9.815688171E0;9.815813718E0
8.100345967E1;1.377136230E-2;3.218307495E-2;-9.821975098E0;9.822037478E0
8.101350067E1;1.706451416E-2;2.574645996E-2;-9.827363892E0;9.827412433E0
8.102354167E1;2.125579834E-2;8.981323242E-3;-9.805958405E0;9.805985555E0
8.103358267E1;3.861968994E-2;-2.125579834E-2;-9.811646576E0;9.811745605E0
8.104362467E1;3.023712158E-2;-2.559677124E-2;-9.833201752E0;9.833281556E0
8.105366567E1;6.122268677E-2;-3.832031250E-2;-9.827663269E0;9.827928673E0
8.106370667E1;5.822891235E-2;-3.906875610E-2;-9.816436615E0;9.816687058E0
8.107374867E1;4.296066284E-2;-1.975891113E-2;-9.825118561E0;9.825232352E0
8.108378967E1;3.936813354E-2;-2.125579834E-2;-9.810898132E0;9.811000144E0
8.109383067E1;4.460723877E-2;-3.308120728E-2;-9.817933502E0;9.818090569E0
8.110387167E1;2.829116821E-2;-3.577560425E-2;-9.825268250E0;9.825374113E0
8.111391267E1;4.834945679E-2;-3.338058472E-2;-9.826465759E0;9.826641402E0
8.112395467E1;5.224136353E-2;-2.005828857E-2;-9.814041595E0;9.814201136E0
8.113399567E1;4.236190796E-2;-1.766326904E-2;-9.803413696E0;9.803521134E0
8.114403667E1;1.960922241E-2;4.790039062E-3;-9.812245331E0;9.812266094E0
8.115407767E1;-9.131011963E-3;2.200424194E-2;-9.825567627E0;9.825596509E0
8.116411967E1;8.981323242E-4;1.257385254E-2;-9.831405487E0;9.831413569E0
8.117416067E1;2.380050659E-2;1.242416382E-2;-9.833650818E0;9.833687469E0
8.118420167E1;4.026626587E-2;-2.095642090E-3;-9.807006226E0;9.807089113E0
8.119424267E1;4.326004028E-2;2.694396973E-3;-9.810598755E0;9.810694502E0
8.120428467E1;4.415817261E-2;2.245330811E-3;-9.810149689E0;9.810249329E0
8.121432567E1;4.176315308E-2;1.347198486E-2;-9.806706848E0;9.806805028E0
8.122436667E1;3.682342529E-2;1.122665405E-2;-9.814939728E0;9.815015225E0
8.123440767E1;2.709365845E-2;1.736389160E-2;-9.832902374E0;9.832955033E0
8.124444967E1;8.532257080E-3;1.541793823E-2;-9.832453308E0;9.832469098E0
8.125449067E1;2.424957275E-2;-2.095642090E-3;-9.825717316E0;9.825747463E0
8.126453167E1;4.879852295E-2;-1.616638184E-2;-9.815538483E0;9.815673097E0
8.127457267E1;5.044509888E-2;-3.248245239E-2;-9.806407471E0;9.806591013E0
8.128461467E1;3.158432007E-2;-3.218307495E-2;-9.815388794E0;9.815492372E0
8.129465567E1;2.754272461E-2;-2.589614868E-2;-9.819729767E0;9.819802539E0
8.130469667E1;1.047821045E-2;-5.239105225E-3;-9.813742218E0;9.813749210E0
8.131473767E1;2.993774414E-3;-1.227447510E-2;-9.811047821E0;9.811055956E0
8.132477967E1;8.382568359E-3;-1.511856079E-2;-9.805659027E0;9.805674265E0
8.133482067E1;2.769241333E-2;-1.751358032E-2;-9.780810699E0;9.780865582E0
8.134486167E1;2.395019531E-3;-1.212478638E-2;-9.732610931E0;9.732618779E0
8.135490267E1;-6.586303711E-3;-1.212478638E-2;-9.712702332E0;9.712712133E0
8.136494467E1;-1.526824951E-2;-4.191284180E-2;-9.749226379E0;9.749328428E0
8.137498567E1;-3.966751099E-2;-5.164260864E-2;-9.784403229E0;9.784619922E0
8.138502667E1;-2.035766602E-2;-1.422042847E-2;-9.810449066E0;9.810480495E0
8.139506767E1;8.981323242E-4;-2.844085693E-2;-9.811496887E0;9.811538149E0
8.140510967E1;5.927673340E-2;-3.592529297E-2;-9.819430389E0;9.819675022E0
8.141515067E1;8.831634521E-2;-1.975891113E-2;-9.831555176E0;9.831971693E0
8.142519167E1;8.427474976E-2;-7.484436035E-3;-9.837542725E0;9.837906541E0
8.143523267E1;7.110214233E-2;2.544708252E-3;-9.843829651E0;9.844086762E0
8.144527467E1;2.814147949E-2;-3.143463135E-3;-9.834249573E0;9.834290340E0
8.145531567E1;1.257385254E-2;-8.981323242E-4;-9.815688171E0;9.815696266E0
8.146535667E1;2.020797729E-2;-2.963836670E-2;-9.812844086E0;9.812909652E0
8.147539767E1;1.930984497E-2;-4.221221924E-2;-9.819430389E0;9.819540107E0
8.148543967E1;3.457809448E-2;-3.742218018E-2;-9.821526031E0;9.821658193E0
8.149548067E1;4.041595459E-2;-4.281097412E-2;-9.800270233E0;9.800447075E0
8.150552167E1;4.071533203E-2;-6.481521606E-2;-9.813143463E0;9.813441974E0
8.151556267E1;4.071533203E-2;-4.670288086E-2;-9.814191284E0;9.814386861E0
8.152560467E1;2.799179077E-2;-1.901046753E-2;-9.806706848E0;9.806765223E0
8.153564567E1;2.185455322E-2;-2.050735474E-2;-9.797426147E0;9.797471985E0
8.154568667E1;9.879455566E-3;1.796264648E-3;-9.785301361E0;9.785306513E0
8.155572767E1;1.002914429E-2;8.232879639E-3;-9.812095642E0;9.812104221E0
8.156576967E1;5.089416504E-3;1.437011719E-2;-9.810598755E0;9.810610599E0
8.157581067E1;2.245330811E-3;1.691482544E-2;-9.806257782E0;9.806272627E0
8.158585167E1;2.844085693E-2;6.047424316E-2;-9.791737976E0;9.791966024E0
8.159589267E1;4.580474854E-2;6.586303711E-2;-9.798923035E0;9.799251433E0
8.160593467E1;3.682342529E-2;4.580474854E-2;-9.804910583E0;9.805086720E0
8.161597567E1;1.272354126E-2;4.924758911E-2;-9.812395020E0;9.812526853E0
8.162601667E1;1.691482544E-2;4.191284180E-2;-9.828262024E0;9.828365948E0
8.163605767E1;-1.496887207E-3;1.496887207E-4;-9.819430389E0;9.819430505E0
8.164609967E1;3.532653809E-2;-2.739303589E-2;-9.812245331E0;9.812347159E0
8.165614067E1;5.179229736E-2;-5.029541016E-2;-9.806706848E0;9.806972585E0
8.166618167E1;3.847000122E-2;-1.691482544E-2;-9.796528015E0;9.796618151E0
8.167622267E1;4.490661621E-2;3.442840576E-3;-9.789342957E0;9.789446561E0
8.168626467E1;1.960922241E-2;-1.362167358E-2;-9.798024902E0;9.798053993E0
8.169630567E1;1.182540894E-2;-2.080673218E-2;-9.815688171E0;9.815717347E0
8.170634667E1;2.454895020E-2;4.191284180E-3;-9.829309845E0;9.829341394E0
8.171638767E1;4.326004028E-2;-1.975891113E-2;-9.814191284E0;9.814306517E0
8.172642967E1;3.727249146E-2;-1.901046753E-2;-9.823322296E0;9.823411402E0
8.173647067E1;1.751358032E-2;-9.879455566E-3;-9.813592529E0;9.813613130E0
8.174651167E1;3.457809448E-2;-2.859054565E-2;-9.794282684E0;9.794385451E0
8.175655267E1;9.430389404E-3;-1.407073975E-2;-9.807006226E0;9.807020854E0
8.176659467E1;-3.293151855E-3;-9.879455566E-3;-9.815089417E0;9.815094941E0
8.177663567E1;2.469863892E-2;-1.841171265E-2;-9.813442841E0;9.813491193E0
8.178667667E1;3.861968994E-2;-1.736389160E-2;-9.803862762E0;9.803954205E0
8.179671767E1;4.056564331E-2;1.945953369E-3;-9.805659027E0;9.805743129E0
8.180675967E1;3.847000122E-2;2.320175171E-2;-9.814939728E0;9.815042543E0
8.181680067E1;1.721420288E-2;1.407073975E-2;-9.814490662E0;9.814515844E0
8.182684167E1;1.407073975E-2;-1.212478638E-2;-9.817484436E0;9.817502007E0
8.183688267E1;1.062789917E-2;-1.960922241E-2;-9.818083191E0;9.818108525E0
8.184692467E1;2.335144043E-2;-4.610412598E-2;-9.793384552E0;9.793520913E0
8.185696567E1;2.679428101E-2;-2.544708252E-2;-9.801318054E0;9.801387712E0
8.186700667E1;2.380050659E-2;-2.395019531E-2;-9.819131012E0;9.819189066E0
8.187704767E1;2.484832764E-2;-1.631607056E-2;-9.817484436E0;9.817529440E0
8.188708967E1;3.772155762E-2;-2.275268555E-2;-9.811945953E0;9.812044843E0
8.189713067E1;3.607498169E-2;1.422042847E-2;-9.806108093E0;9.806184761E0
8.190717192E1;2.439926147E-2;2.933898926E-2;-9.813891907E0;9.813966092E0
8.191721292E1;2.320175171E-2;2.769241333E-2;-9.802964630E0;9.803031201E0
8.192725492E1;8.232879639E-3;7.484436035E-3;-9.820777588E0;9.820783891E0
8.193729592E1;2.409988403E-2;-1.272354126E-2;-9.824070740E0;9.824108539E0
8.194733692E1;3.233276367E-2;-2.395019531E-2;-9.818232880E0;9.818315329E0
8.195737792E1;4.101470947E-2;-3.966751099E-2;-9.803713074E0;9.803879117E0
8.196741992E1;3.757186890E-2;-3.936813354E-2;-9.794132996E0;9.794284182E0
8.197746092E1;2.335144043E-2;-4.939727783E-3;-9.792636108E0;9.792665196E0
8.198750192E1;1.930984497E-2;-8.083190918E-3;-9.792486420E0;9.792508794E0
8.199754292E1;4.790039062E-3;-5.388793945E-3;-9.779463501E0;9.779466159E0
8.200758492E1;7.783813477E-3;-1.841171265E-2;-9.777966614E0;9.777987046E0
8.201762592E1;2.185455322E-2;-3.442840576E-3;-9.779014435E0;9.779039462E0
8.202766692E1;3.023712158E-2;2.844085693E-3;-9.760602722E0;9.760649972E0
8.203770792E1;2.275268555E-2;-2.844085693E-3;-9.779613190E0;9.779640071E0
8.204774992E1;3.517684937E-2;-5.837860107E-3;-9.753417664E0;9.753482845E0
8.205779092E1;1.960922241E-2;-2.454895020E-2;-9.746831360E0;9.746882000E0
8.206783192E1;2.604583740E-2;-3.098556519E-2;-9.754615173E0;9.754699158E0
8.207787392E1;4.026626587E-2;-1.242416382E-2;-9.833501129E0;9.833591419E0
8.208791492E1;5.149291992E-2;-2.514770508E-2;-9.972112885E0;9.972277539E0
8.209795592E1;7.783813477E-2;-5.029541016E-2;-1.000115250E1;1.000158186E1
8.210799692E1;6.271957397E-2;-6.062393188E-2;-9.924661560E0;9.925044891E0
8.211803792E1;5.343887329E-2;-2.634521484E-2;-9.829459534E0;9.829640101E0
8.212807992E1;4.236190796E-2;2.799179077E-2;-9.790839844E0;9.790971500E0
8.213812092E1;2.649490356E-2;3.053649902E-2;-9.788295135E0;9.788378626E0
8.214816192E1;7.933502197E-3;3.143463135E-3;-9.779912567E0;9.779916290E0
8.215820292E1;-0.000000000E0;-3.068618774E-2;-9.775272217E0;9.775320381E0
8.216824492E1;7.185058594E-3;-3.128494263E-2;-9.805659027E0;9.805711567E0
8.217828592E1;-2.095642090E-3;1.392105103E-2;-9.823022919E0;9.823033007E0
8.218832692E1;5.538482666E-3;6.227050781E-2;-9.813143463E0;9.813342597E0
8.219836792E1;2.454895020E-2;7.903564453E-2;-9.801767120E0;9.802116504E0
8.220840992E1;2.903961182E-2;2.350112915E-2;-9.782008209E0;9.782079544E0
8.221845092E1;5.987548828E-4;-5.538482666E-3;-9.790540466E0;9.790542051E0
8.222849192E1;1.496887207E-3;-4.805007935E-2;-9.823172607E0;9.823290239E0
8.223853292E1;7.783813477E-3;-4.340972900E-2;-9.820029144E0;9.820128176E0
8.224857492E1;1.945953369E-2;-4.939727783E-2;-9.826615448E0;9.826758872E0
8.225861592E1;3.787124634E-2;-2.200424194E-2;-9.816885681E0;9.816983391E0
8.226865692E1;4.056564331E-2;-1.092727661E-2;-9.806557159E0;9.806647149E0
8.227869792E1;4.206253052E-2;6.586303711E-3;-9.785001984E0;9.785094606E0
8.228873992E1;2.409988403E-2;4.041595459E-3;-9.782307587E0;9.782338108E0
8.229878092E1;2.529739380E-2;-2.649490356E-2;-9.804012451E0;9.804080889E0
8.230882192E1;5.224136353E-2;-3.472778320E-2;-9.824669495E0;9.824869763E0
8.231886292E1;5.224136353E-2;-3.876937866E-2;-9.821526031E0;9.821741486E0
8.232890492E1;4.355941772E-2;-2.335144043E-2;-9.836045837E0;9.836170008E0
8.233894592E1;2.484832764E-2;-2.424957275E-2;-9.812544708E0;9.812606134E0
8.234898692E1;1.586700439E-2;-3.278182983E-2;-9.785900116E0;9.785967887E0
8.235902792E1;2.604583740E-2;-1.242416382E-2;-9.796228638E0;9.796271141E0
8.236906992E1;2.365081787E-2;1.751358032E-2;-9.800419922E0;9.800464108E0
8.237911092E1;5.837860107E-3;5.224136353E-2;-9.812844086E0;9.812984882E0
8.238915192E1;-2.844085693E-3;4.625381470E-2;-9.819580078E0;9.819689426E0
8.239919292E1;2.978805542E-2;2.245330811E-2;-9.808952179E0;9.809023108E0
8.240923492E1;2.918930054E-2;6.885681152E-3;-9.784702606E0;9.784748567E0
8.241927592E1;2.469863892E-2;-1.646575928E-2;-9.791139221E0;9.791184218E0
8.242931692E1;3.308120728E-2;-2.544708252E-2;-9.797276459E0;9.797365357E0
8.243935792E1;4.161346436E-2;-3.502716064E-2;-9.794582062E0;9.794733092E0
8.244939992E1;5.149291992E-2;-2.784210205E-2;-9.811646576E0;9.811821199E0
8.245944092E1;5.418731689E-2;-2.095642090E-2;-9.808503113E0;9.808675178E0
8.246948192E1;4.385879517E-2;-1.721420288E-2;-9.816436615E0;9.816549686E0
8.247952292E1;2.035766602E-2;-1.691482544E-2;-9.838590546E0;9.838626148E0
8.248956492E1;1.556762695E-2;-2.050735474E-2;-9.848919067E0;9.848952721E0
8.249960592E1;2.454895020E-2;-1.362167358E-2;-9.833800507E0;9.833840583E0
8.250964692E1;1.841171265E-2;-6.586303711E-3;-9.793085175E0;9.793104697E0
8.251968792E1;1.736389160E-2;-1.496887207E-3;-9.784103851E0;9.784119374E0
8.252972992E1;1.586700439E-2;3.293151855E-3;-9.812993774E0;9.813007155E0
8.253977092E1;1.257385254E-2;-8.083190918E-3;-9.801617432E0;9.801628830E0
8.254981192E1;1.616638184E-2;-6.586303711E-3;-9.808802490E0;9.808818024E0
8.255985292E1;2.245330811E-2;1.197509766E-3;-9.818382568E0;9.818408315E0
8.256989492E1;2.454895020E-2;-4.191284180E-3;-9.821825409E0;9.821856982E0
8.257993592E1;3.577560425E-2;-2.260299683E-2;-9.821376343E0;9.821467510E0
8.258997692E1;2.305206299E-2;-2.275268555E-2;-9.809700623E0;9.809754094E0
8.260001792E1;3.023712158E-2;-2.050735474E-2;-9.803413696E0;9.803481776E0
8.261005992E1;4.161346436E-2;-1.616638184E-2;-9.796228638E0;9.796330362E0
8.262010092E1;2.215393066E-2;-1.212478638E-2;-9.790540466E0;9.790573039E0
8.263014192E1;3.248245239E-2;-1.781295776E-2;-9.797426147E0;9.797496187E0
8.264018292E1;2.514770508E-2;-1.945953369E-2;-9.800120544E0;9.800172129E0
8.265022492E1;2.799179077E-2;-3.233276367E-2;-9.814939728E0;9.815032899E0
8.266026592E1;3.038681030E-2;-2.185455322E-2;-9.823921051E0;9.823992355E0
8.267030692E1;4.161346436E-2;-3.727249146E-2;-9.815837860E0;9.815996832E0
8.268034792E1;1.721420288E-2;-2.095642090E-2;-9.826316071E0;9.826353496E0
8.269038992E1;3.457809448E-2;2.335144043E-2;-9.815837860E0;9.815926540E0
8.270043092E1;3.248245239E-2;1.511856079E-2;-9.822424164E0;9.822489508E0
8.271047192E1;1.466949463E-2;1.736389160E-2;-9.821226654E0;9.821252959E0
8.272051292E1;2.499801636E-2;1.796264648E-2;-9.816735992E0;9.816784255E0
8.273055492E1;2.859054565E-2;1.616638184E-2;-9.804910583E0;9.804965595E0
8.274059592E1;3.517684937E-2;-9.580078125E-3;-9.824968872E0;9.825036515E0
8.275063692E1;3.652404785E-2;-2.859054565E-2;-9.818382568E0;9.818492129E0
8.276067792E1;3.098556519E-2;-3.038681030E-2;-9.811646576E0;9.811742556E0
8.277071992E1;2.080673218E-2;-2.140548706E-2;-9.828112335E0;9.828157670E0
8.278076092E1;1.347198486E-2;-8.831634521E-3;-9.836794281E0;9.836807471E0
8.279080192E1;2.200424194E-2;-1.167572021E-2;-9.845925293E0;9.845956804E0
8.280084292E1;4.655319214E-2;-6.586303711E-3;-9.825567627E0;9.825680117E0
8.281088492E1;4.640350342E-2;1.167572021E-2;-9.823022919E0;9.823139461E0
8.282092592E1;3.323089600E-2;2.395019531E-2;-9.829309845E0;9.829395197E0
8.283096692E1;1.856140137E-2;1.032852173E-2;-9.822124786E0;9.822147755E0
8.284100792E1;1.856140137E-2;1.856140137E-2;-9.823172607E0;9.823207680E0
8.285104992E1;2.095642090E-2;1.002914429E-2;-9.811347198E0;9.811374705E0
8.286109092E1;2.305206299E-2;3.442840576E-3;-9.811945953E0;9.811973636E0
8.287113192E1;2.035766602E-2;-9.131011963E-3;-9.794132996E0;9.794158409E0
8.288117292E1;1.796264648E-2;-2.409988403E-2;-9.799372101E0;9.799418199E0
8.289121492E1;2.110610962E-2;-2.260299683E-2;-9.800419922E0;9.800468714E0
8.290125592E1;2.439926147E-2;-3.921844482E-2;-9.800120544E0;9.800229390E0
8.291129725E1;1.721420288E-2;-5.044509888E-2;-9.798174591E0;9.798319568E0
8.292133825E1;3.293151855E-2;-5.179229736E-2;-9.802814941E0;9.803007074E0
8.293138025E1;3.682342529E-2;-4.625381470E-2;-9.808203735E0;9.808381920E0
8.294142125E1;3.682342529E-2;-3.038681030E-2;-9.807455292E0;9.807571495E0
8.295146225E1;4.760101318E-2;-1.990859985E-2;-9.805209961E0;9.805345715E0
8.296150325E1;4.969665527E-2;-2.020797729E-2;-9.802216187E0;9.802362995E0
8.297154525E1;2.544708252E-3;-2.874023438E-2;-9.803413696E0;9.803456155E0
8.298158625E1;-5.538482666E-3;-3.906875610E-2;-9.811945953E0;9.812025297E0
8.299162725E1;-2.993774414E-3;-2.709365845E-2;-9.833201752E0;9.833239533E0
8.300166825E1;2.844085693E-2;2.365081787E-2;-9.817933502E0;9.818003183E0
8.301171025E1;4.730163574E-2;1.571731567E-2;-9.779014435E0;9.779141465E0
8.302175125E1;4.849914551E-2;1.736389160E-2;-9.789492645E0;9.789628181E0
8.303179225E1;3.293151855E-2;4.490661621E-3;-9.817484436E0;9.817540695E0
8.304183325E1;2.230361938E-2;1.032852173E-2;-9.837243347E0;9.837274053E0
8.305187525E1;2.484832764E-2;3.412902832E-2;-9.801318054E0;9.801408972E0
8.306191625E1;3.847000122E-2;1.422042847E-2;-9.830058289E0;9.830143850E0
8.307195725E1;5.373825073E-2;-4.026626587E-2;-9.850415955E0;9.850644834E0
8.308199825E1;5.718109131E-2;-3.697311401E-2;-9.830357666E0;9.830593498E0
8.309204025E1;4.355941772E-2;-4.206253052E-2;-9.818232880E0;9.818419606E0
8.310208125E1;2.380050659E-2;-1.511856079E-2;-9.823471985E0;9.823512451E0
8.311212225E1;2.155517578E-2;1.287322998E-2;-9.831854553E0;9.831886609E0
8.312216325E1;3.487747192E-2;1.691482544E-2;-9.809101868E0;9.809178457E0
8.313220525E1;3.293151855E-2;2.814147949E-2;-9.814790039E0;9.814885630E0
8.314224625E1;2.275268555E-2;2.155517578E-2;-9.824519806E0;9.824569799E0
8.315228725E1;3.278182983E-2;-2.694396973E-3;-9.825268250E0;9.825323307E0
8.316232825E1;4.355941772E-2;-2.544708252E-3;-9.816885681E0;9.816982651E0
8.317237025E1;4.266128540E-2;-2.993774414E-3;-9.817933502E0;9.818026645E0
8.318241125E1;4.400848389E-2;7.933502197E-3;-9.815089417E0;9.815191284E0
8.319245225E1;3.263214111E-2;1.047821045E-3;-9.795031128E0;9.795085541E0
8.320249325E1;7.484436035E-4;-3.891906738E-3;-9.822723541E0;9.822724341E0
8.321253525E1;-7.185058594E-3;-3.143463135E-3;-9.822424164E0;9.822427295E0
8.322257625E1;1.856140137E-2;-1.871109009E-2;-9.819580078E0;9.819615448E0
8.323261725E1;3.427871704E-2;-2.290237427E-2;-9.811945953E0;9.812032559E0
8.324265825E1;4.071533203E-2;-1.631607056E-2;-9.805060272E0;9.805158382E0
8.325270025E1;2.724334717E-2;-2.993774414E-2;-9.799222412E0;9.799306014E0
8.326274125E1;2.784210205E-2;-2.814147949E-2;-9.801018677E0;9.801098624E0
8.327278225E1;4.101470947E-2;-3.832031250E-2;-9.793534241E0;9.793695093E0
8.328282325E1;3.532653809E-2;-2.844085693E-2;-9.803114319E0;9.803219226E0
8.329286525E1;2.215393066E-2;-1.317260742E-2;-9.817185059E0;9.817218893E0
8.330290625E1;7.484436035E-3;-7.484436035E-3;-9.800419922E0;9.800425638E0
8.331294725E1;8.532257080E-3;-1.362167358E-2;-9.812844086E0;9.812857250E0
8.332298825E1;2.305206299E-2;-5.688171387E-3;-9.801467743E0;9.801496501E0
8.333303025E1;2.469863892E-2;-2.694396973E-3;-9.796378326E0;9.796409832E0
8.334307125E1;1.062789917E-2;-7.484436035E-3;-9.762398987E0;9.762407641E0
8.335311225E1;2.499801636E-2;-2.275268555E-2;-9.785750427E0;9.785808807E0
8.336315325E1;1.646575928E-2;-1.945953369E-2;-9.799521790E0;9.799554944E0
8.337319525E1;2.080673218E-2;-4.056564331E-2;-9.802365875E0;9.802471895E0
8.338323625E1;4.520599365E-2;-3.847000122E-2;-9.809550934E0;9.809730529E0
8.339327725E1;2.784210205E-2;-1.676513672E-2;-9.781559143E0;9.781613135E0
8.340331825E1;5.044509888E-2;-6.885681152E-3;-9.816735992E0;9.816868017E0
8.341336025E1;4.805007935E-2;5.538482666E-3;-9.815089417E0;9.815208594E0
8.342340125E1;3.891906738E-2;4.041595459E-3;-9.812844086E0;9.812922097E0
8.343344225E1;2.574645996E-2;-9.131011963E-3;-9.807754669E0;9.807792713E0
8.344348325E1;2.155517578E-2;-2.125579834E-2;-9.806407471E0;9.806454197E0
8.345352525E1;-2.245330811E-3;-3.607498169E-2;-9.805060272E0;9.805126893E0
8.346356625E1;1.975891113E-2;-3.038681030E-2;-9.810000000E0;9.810066961E0
8.347360725E1;3.472778320E-2;2.993774414E-4;-9.812544708E0;9.812606166E0
8.348364825E1;2.170486450E-2;8.532257080E-3;-9.813742218E0;9.813769929E0
8.349369025E1;2.215393066E-2;2.529739380E-2;-9.804012451E0;9.804070119E0
8.350373125E1;2.215393066E-2;1.422042847E-2;-9.782756653E0;9.782792073E0
8.351377225E1;1.871109009E-2;2.395019531E-3;-9.809550934E0;9.809569071E0
8.352381325E1;2.095642090E-2;-7.783813477E-3;-9.826914825E0;9.826940253E0
8.353385525E1;1.916015625E-2;-1.751358032E-2;-9.813891907E0;9.813926237E0
8.354389625E1;2.005828857E-2;-1.422042847E-2;-9.812844086E0;9.812874890E0
8.355393725E1;3.936813354E-2;-1.137634277E-2;-9.817634125E0;9.817719648E0
8.356397825E1;5.224136353E-2;-9.729766846E-3;-9.803413696E0;9.803557718E0
8.357402025E1;3.532653809E-2;-1.646575928E-3;-9.801617432E0;9.801681231E0
8.358406125E1;2.200424194E-2;-6.286926270E-3;-9.791139221E0;9.791165965E0
8.359410225E1;2.484832764E-2;-1.197509766E-3;-9.800270233E0;9.800301807E0
8.360414325E1;4.116439819E-2;-2.155517578E-2;-9.797276459E0;9.797386649E0
8.361418525E1;3.532653809E-2;-2.035766602E-2;-9.807305603E0;9.807390356E0
8.362422625E1;2.350112915E-2;-2.305206299E-2;-9.817185059E0;9.817240253E0
8.363426725E1;3.173400879E-2;-1.227447510E-2;-9.817933502E0;9.817992461E0
8.364430825E1;4.131408691E-2;-5.538482666E-3;-9.807455292E0;9.807543873E0
8.365435025E1;3.023712158E-2;-1.437011719E-2;-9.816586304E0;9.816643390E0
8.366439125E1;2.963836670E-2;-2.185455322E-2;-9.809850311E0;9.809919428E0
8.367443225E1;1.481918335E-2;-3.278182983E-2;-9.791288910E0;9.791355002E0
8.368447325E1;1.871109009E-2;-1.886077881E-2;-9.827812958E0;9.827848868E0
8.369451525E1;2.110610962E-2;-9.430389404E-3;-9.815688171E0;9.815715393E0
8.370455625E1;4.071533203E-2;-6.286926270E-3;-9.819430389E0;9.819516813E0
8.371459725E1;2.739303589E-2;-7.484436035E-3;-9.807754669E0;9.807795779E0
8.372463825E1;4.550537109E-2;-7.185058594E-3;-9.814340973E0;9.814449098E0
8.373468025E1;2.888992310E-2;-1.466949463E-2;-9.820627899E0;9.820681349E0
8.374472125E1;3.353027344E-2;6.436614990E-3;-9.812395020E0;9.812454419E0
8.375476225E1;2.963836670E-2;1.437011719E-2;-9.806557159E0;9.806612476E0
8.376480325E1;1.556762695E-2;4.340972900E-3;-9.808652802E0;9.808666116E0
8.377484525E1;2.454895020E-2;-1.347198486E-3;-9.816735992E0;9.816766780E0
8.378488625E1;3.083587646E-2;1.272354126E-2;-9.821076965E0;9.821133616E0
8.379492725E1;4.056564331E-2;1.437011719E-2;-9.800719299E0;9.800813785E0
8.380496825E1;3.263214111E-2;2.245330811E-2;-9.823921051E0;9.824000907E0
8.381501025E1;3.038681030E-2;4.490661621E-3;-9.804910583E0;9.804958698E0
8.382505125E1;3.442840576E-2;-9.729766846E-3;-9.799970856E0;9.800036161E0
8.383509225E1;2.814147949E-2;-2.993774414E-4;-9.805958405E0;9.805998790E0
8.384513325E1;2.829116821E-2;-1.212478638E-2;-9.829010468E0;9.829058662E0
8.385517525E1;3.173400879E-2;-1.496887207E-3;-9.829609222E0;9.829660561E0
8.386521625E1;2.514770508E-2;-2.844085693E-3;-9.808802490E0;9.808835139E0
8.387525725E1;2.484832764E-2;5.837860107E-3;-9.812245331E0;9.812278530E0
8.388529825E1;2.275268555E-2;1.407073975E-2;-9.802066498E0;9.802103004E0
8.389534025E1;2.604583740E-2;2.065704346E-2;-9.800120544E0;9.800176926E0
8.390538125E1;1.646575928E-2;4.176315308E-2;-9.792336731E0;9.792439631E0
8.391542225E1;5.388793945E-3;3.412902832E-2;-9.797725525E0;9.797786449E0
8.392546325E1;1.422042847E-2;3.083587646E-2;-9.795929260E0;9.795988115E0
8.393550525E1;9.879455566E-3;1.856140137E-2;-9.807904358E0;9.807926897E0
8.394554625E1;1.781295776E-2;2.395019531E-3;-9.807006226E0;9.807022695E0
8.395558725E1;3.921844482E-2;-2.814147949E-2;-9.810449066E0;9.810567818E0
8.396562825E1;4.326004028E-2;-5.104385376E-2;-9.812544708E0;9.812772827E0
8.397567025E1;5.388793945E-2;-7.229965210E-2;-9.804162140E0;9.804576810E0
8.398571125E1;5.343887329E-2;-8.906478882E-2;-9.818981323E0;9.819530665E0
8.399575225E1;5.718109131E-2;-4.670288086E-2;-9.823022919E0;9.823300367E0
8.400579325E1;7.095245361E-2;-3.203338623E-2;-9.814640350E0;9.814949088E0
8.401583525E1;6.391708374E-2;-1.437011719E-2;-9.823921051E0;9.824139490E0
8.402587625E1;6.331832886E-2;-4.490661621E-3;-9.812993774E0;9.813199080E0
8.403591725E1;4.056564331E-2;2.544708252E-2;-9.826316071E0;9.826432753E0
8.404595825E1;1.197509766E-2;1.826202393E-2;-9.832004242E0;9.832028495E0
8.405600025E1;1.601669312E-2;9.879455566E-3;-9.817634125E0;9.817652161E0
8.406604125E1;4.790039062E-3;1.826202393E-2;-9.826615448E0;9.826633585E0
8.407608225E1;1.272354126E-2;1.377136230E-2;-9.810299377E0;9.810317294E0
8.408612325E1;3.068618774E-2;3.442840576E-3;-9.804910583E0;9.804959207E0
8.409616525E1;4.355941772E-2;-9.131011963E-3;-9.812844086E0;9.812945014E0
8.410620625E1;4.700225830E-2;-1.706451416E-2;-9.800120544E0;9.800248114E0
8.411624725E1;3.876937866E-2;-1.167572021E-2;-9.798923035E0;9.799006686E0
8.412628825E1;1.347198486E-2;-1.347198486E-2;-9.800569611E0;9.800588129E0
8.413632925E1;2.245330811E-3;-1.137634277E-2;-9.803862762E0;9.803869620E0
8.414637125E1;1.182540894E-2;-1.856140137E-2;-9.795480194E0;9.795504918E0
8.415641225E1;1.092727661E-2;-2.739303589E-2;-9.801467743E0;9.801512113E0
8.416645325E1;2.290237427E-2;-1.212478638E-2;-9.783954163E0;9.783988480E0
8.417649525E1;3.487747192E-2;-1.092727661E-2;-9.807904358E0;9.807972458E0
8.418653625E1;2.634521484E-2;-1.197509766E-2;-9.818382568E0;9.818425216E0
8.419657725E1;2.110610962E-2;-1.886077881E-2;-9.823471985E0;9.823512764E0
8.420661825E1;1.556762695E-2;-4.490661621E-3;-9.807006226E0;9.807019610E0
8.421665925E1;4.505630493E-2;-1.152603149E-2;-9.820927277E0;9.821037394E0
8.422670125E1;2.859054565E-2;4.340972900E-3;-9.810000000E0;9.810042623E0
8.423674225E1;3.128494263E-2;-6.436614990E-3;-9.825268250E0;9.825320165E0
8.424678325E1;4.430786133E-2;-1.152603149E-2;-9.835896149E0;9.836002698E0
8.425682425E1;4.206253052E-2;1.092727661E-2;-9.826316071E0;9.826412172E0
8.426686625E1;2.784210205E-2;1.302291870E-2;-9.808054047E0;9.808102210E0
8.427690725E1;3.263214111E-2;-5.239105225E-3;-9.818083191E0;9.818138818E0
8.428694825E1;5.478607178E-2;-4.176315308E-2;-9.817783813E0;9.818025498E0
8.429698925E1;4.849914551E-2;-4.879852295E-2;-9.799821167E0;9.800062672E0
8.430703125E1;3.532653809E-2;-2.499801636E-2;-9.812095642E0;9.812191078E0
8.431707225E1;3.188369751E-2;-1.631607056E-2;-9.824519806E0;9.824585091E0
8.432711325E1;2.065704346E-2;6.735992432E-3;-9.820927277E0;9.820951311E0
8.433715425E1;1.302291870E-2;1.826202393E-2;-9.813293152E0;9.813318785E0
8.434719625E1;-5.837860107E-3;6.137237549E-3;-9.801168365E0;9.801172026E0
8.435723725E1;1.182540894E-2;1.167572021E-2;-9.796528015E0;9.796542110E0
8.436727825E1;1.077758789E-2;4.490661621E-4;-9.792636108E0;9.792642049E0
8.437731925E1;2.005828857E-2;3.891906738E-3;-9.786049805E0;9.786071135E0
8.438736125E1;-5.837860107E-3;3.442840576E-3;-9.797875214E0;9.797877558E0
8.439740225E1;3.143463135E-3;-1.227447510E-2;-9.811047821E0;9.811056003E0
8.440744325E1;2.993774414E-3;-1.227447510E-2;-9.814041595E0;9.814049728E0
8.441748425E1;1.182540894E-2;-2.424957275E-2;-9.808952179E0;9.808989282E0
8.442752625E1;1.002914429E-2;-1.960922241E-2;-9.827214203E0;9.827238885E0
8.443756725E1;1.751358032E-2;-4.086502075E-2;-9.804311829E0;9.804412635E0
8.444760825E1;4.355941772E-2;-2.200424194E-2;-9.791139221E0;9.791260841E0
8.445764925E1;4.819976807E-2;-1.122665405E-2;-9.793234863E0;9.793359911E0
8.446769125E1;2.784210205E-2;-3.742218018E-2;-9.809401245E0;9.809512138E0
8.447773225E1;1.437011719E-2;3.143463135E-3;-9.813143463E0;9.813154488E0
8.448777325E1;1.631607056E-2;1.751358032E-2;-9.814191284E0;9.814220473E0
8.449781425E1;9.729766846E-3;2.709365845E-2;-9.830657043E0;9.830699194E0
8.450785625E1;2.125579834E-2;2.948867798E-2;-9.837842102E0;9.837909260E0
8.451789725E1;2.245330811E-2;8.981323242E-4;-9.830207977E0;9.830233661E0
8.452793825E1;1.945953369E-2;-4.490661621E-4;-9.847122803E0;9.847142041E0
8.453797925E1;3.338058472E-2;-2.799179077E-2;-9.840985565E0;9.841081988E0
8.454802125E1;2.709365845E-2;-3.697311401E-2;-9.822573853E0;9.822680803E0
8.455806225E1;2.799179077E-2;-2.814147949E-2;-9.795330505E0;9.795410925E0
8.456810325E1;2.155517578E-2;2.993774414E-3;-9.781259766E0;9.781283975E0
8.457814425E1;2.469863892E-2;6.735992432E-3;-9.798923035E0;9.798956477E0
8.458818625E1;3.607498169E-2;7.035369873E-3;-9.806557159E0;9.806626037E0
8.459822725E1;4.924758911E-2;-5.089416504E-3;-9.808054047E0;9.808179006E0
8.460826825E1;4.071533203E-2;-1.661544800E-2;-9.800419922E0;9.800518581E0
8.461830925E1;4.385879517E-2;-4.116439819E-2;-9.810898132E0;9.811082523E0
8.462835125E1;2.993774414E-2;-4.370910645E-2;-9.827064514E0;9.827207320E0
8.463839225E1;3.412902832E-2;-2.380050659E-2;-9.803563385E0;9.803651682E0
8.464843325E1;7.484436035E-4;-1.347198486E-3;-9.798473969E0;9.798474090E0
8.465847425E1;5.688171387E-3;3.023712158E-2;-9.814191284E0;9.814239512E0
8.466851625E1;1.496887207E-3;3.802093506E-2;-9.803413696E0;9.803487539E0
8.467855725E1;2.155517578E-2;4.370910645E-2;-9.795629883E0;9.795751115E0
8.468859825E1;2.424957275E-2;1.841171265E-2;-9.782457275E0;9.782504658E0
8.469863925E1;1.990859985E-2;5.239105225E-3;-9.815837860E0;9.815859448E0
8.470868125E1;2.574645996E-2;-1.167572021E-2;-9.823921051E0;9.823961727E0
8.471872225E1;3.577560425E-2;-5.059478760E-2;-9.825417938E0;9.825613334E0
8.472876325E1;2.380050659E-2;-3.023712158E-2;-9.821376343E0;9.821451726E0
8.473880425E1;3.562591553E-2;-1.901046753E-2;-9.799521790E0;9.799604987E0
8.474884625E1;5.523513794E-2;-8.831634521E-3;-9.816436615E0;9.816595985E0
8.475888725E1;3.532653809E-2;9.729766846E-3;-9.802964630E0;9.803033111E0
8.476892825E1;1.272354126E-2;1.062789917E-2;-9.817035370E0;9.817049368E0
8.477896925E1;2.185455322E-2;3.742218018E-3;-9.807006226E0;9.807031291E0
8.478901125E1;2.320175171E-2;-4.640350342E-3;-9.814490662E0;9.814519183E0
8.479905225E1;2.275268555E-2;-2.275268555E-2;-9.800868988E0;9.800921808E0
8.480909325E1;3.083587646E-2;-2.619552612E-2;-9.811047821E0;9.811131250E0
8.481913425E1;2.335144043E-2;-1.661544800E-2;-9.809850311E0;9.809892175E0
8.482917625E1;1.496887207E-4;-9.280700684E-3;-9.801318054E0;9.801322449E0
8.483921725E1;3.188369751E-2;-1.945953369E-3;-9.810898132E0;9.810950133E0
8.484925825E1;2.215393066E-2;1.945953369E-2;-9.802066498E0;9.802110849E0
8.485929925E1;2.365081787E-2;2.035766602E-2;-9.808652802E0;9.808702441E0
8.486934125E1;1.841171265E-2;1.721420288E-2;-9.796977081E0;9.797009506E0
8.487938225E1;1.736389160E-2;1.152603149E-2;-9.812395020E0;9.812417152E0
8.488942325E1;7.185058594E-3;3.891906738E-3;-9.827363892E0;9.827367289E0
8.489946425E1;2.993774414E-4;-6.436614990E-3;-9.811197510E0;9.811199626E0
8.490950579E1;1.736389160E-2;-3.547622681E-2;-9.802515564E0;9.802595138E0
8.491954679E1;3.233276367E-2;-9.280700684E-3;-9.808503113E0;9.808560794E0
8.492958779E1;4.550537109E-2;6.436614990E-3;-9.803713074E0;9.803820796E0
8.493962879E1;5.448669434E-2;-2.993774414E-3;-9.800868988E0;9.801020900E0
8.494967079E1;2.874023438E-2;-4.340972900E-3;-9.812095642E0;9.812138693E0
8.495971179E1;2.978805542E-2;-1.017883301E-2;-9.820029144E0;9.820079599E0
8.496975279E1;2.185455322E-2;-2.065704346E-2;-9.809850311E0;9.809896404E0
8.497979379E1;3.293151855E-2;-1.212478638E-2;-9.824819183E0;9.824881856E0
8.498983579E1;4.760101318E-2;-1.526824951E-2;-9.831555176E0;9.831682265E0
8.499987679E1;6.286926270E-2;-2.544708252E-2;-9.824519806E0;9.824753916E0
8.500991779E1;5.463638306E-2;-1.871109009E-2;-9.808503113E0;9.808673129E0
8.501995879E1;2.769241333E-2;-5.837860107E-3;-9.822573853E0;9.822614623E0
8.503000079E1;4.415817261E-2;-5.688171387E-3;-9.824819183E0;9.824920065E0
8.504004179E1;3.427871704E-2;-1.571731567E-2;-9.820927277E0;9.820999676E0
8.505008279E1;9.131011963E-3;-3.188369751E-2;-9.809550934E0;9.809606999E0
8.506012379E1;8.382568359E-3;-1.451980591E-2;-9.819131012E0;9.819145325E0
8.507016579E1;-7.484436035E-4;-6.735992432E-3;-9.804012451E0;9.804014794E0
8.508020679E1;2.948867798E-2;-4.340972900E-3;-9.808652802E0;9.808698089E0
8.509024779E1;3.667373657E-2;7.484436035E-3;-9.805060272E0;9.805131714E0
8.510028879E1;3.442840576E-2;1.930984497E-2;-9.808652802E0;9.808732230E0
8.511033079E1;2.634521484E-2;1.182540894E-2;-9.817933502E0;9.817975971E0
8.512037179E1;9.580078125E-3;-1.721420288E-2;-9.828411713E0;9.828431457E0
8.513041279E1;-1.137634277E-2;-1.916015625E-2;-9.811197510E0;9.811222814E0
8.514045379E1;2.559677124E-2;-6.586303711E-3;-9.816137238E0;9.816172820E0
8.515049479E1;2.948867798E-2;2.230361938E-2;-9.807455292E0;9.807524985E0
8.516053679E1;4.340972900E-2;4.400848389E-2;-9.781858521E0;9.782053837E0
8.517057779E1;5.568420410E-2;2.439926147E-2;-9.792486420E0;9.792675137E0
8.518061879E1;6.092330933E-2;-1.496887207E-3;-9.805808716E0;9.805998086E0
8.519066079E1;4.340972900E-2;-3.158432007E-2;-9.822424164E0;9.822570867E0
8.520070179E1;2.170486450E-2;-2.095642090E-2;-9.861193542E0;9.861239697E0
8.521074279E1;2.619552612E-2;-3.278182983E-2;-9.833501129E0;9.833590662E0
8.522078379E1;2.544708252E-2;-3.203338623E-2;-9.827962646E0;9.828047796E0
8.523082479E1;3.517684937E-2;-2.933898926E-2;-9.827214203E0;9.827320956E0
8.524086679E1;4.730163574E-2;-2.035766602E-2;-9.803862762E0;9.803998008E0
8.525090779E1;6.017486572E-2;-8.981323242E-4;-9.808802490E0;9.808987109E0
8.526094879E1;5.209167480E-2;-1.841171265E-2;-9.809101868E0;9.809257463E0
8.527098979E1;4.775070190E-2;-1.437011719E-2;-9.817783813E0;9.817910452E0
8.528103179E1;2.918930054E-2;-1.960922241E-2;-9.823172607E0;9.823235547E0
8.529107279E1;2.439926147E-2;-9.280700684E-3;-9.822274475E0;9.822309164E0
8.530111379E1;1.901046753E-2;3.891906738E-3;-9.836943970E0;9.836963109E0
8.531115479E1;2.155517578E-2;-5.837860107E-3;-9.836045837E0;9.836071188E0
8.532119679E1;3.203338623E-2;-1.347198486E-2;-9.836794281E0;9.836855664E0
8.533123779E1;2.050735474E-2;-2.305206299E-2;-9.807604980E0;9.807653512E0
8.534127879E1;2.050735474E-2;-1.601669312E-2;-9.784852295E0;9.784886894E0
8.535131979E1;2.215393066E-2;-2.080673218E-2;-9.790839844E0;9.790887016E0
8.536136179E1;1.032852173E-2;-2.754272461E-2;-9.784552917E0;9.784597134E0
8.537140279E1;-1.137634277E-2;-1.227447510E-2;-9.786498871E0;9.786513181E0
8.538144379E1;4.939727783E-3;2.125579834E-2;-9.803413696E0;9.803437984E0
8.539148479E1;3.442840576E-3;8.083190918E-3;-9.801318054E0;9.801321992E0
8.540152679E1;3.427871704E-2;-1.047821045E-2;-9.782157898E0;9.782223570E0
8.541156779E1;4.924758911E-2;-6.436614990E-3;-9.799072723E0;9.799198589E0
8.542160879E1;4.056564331E-2;1.496887207E-3;-9.791887665E0;9.791971806E0
8.543164979E1;3.053649902E-2;-7.334747314E-3;-9.810598755E0;9.810649021E0
8.544169179E1;8.232879639E-3;-2.035766602E-2;-9.816885681E0;9.816910242E0
8.545173279E1;4.191284180E-3;-1.526824951E-2;-9.827812958E0;9.827825712E0
8.546177379E1;1.451980591E-2;-9.280700684E-3;-9.812245331E0;9.812260463E0
8.547181479E1;2.903961182E-2;-8.382568359E-3;-9.795480194E0;9.795526826E0
8.548185679E1;5.254074097E-2;-8.981323242E-3;-9.815538483E0;9.815683211E0
8.549189779E1;4.595443726E-2;-0.000000000E0;-9.817035370E0;9.817142928E0
8.550193879E1;4.640350342E-2;-1.841171265E-2;-9.812544708E0;9.812671702E0
8.551197979E1;4.505630493E-2;-2.260299683E-2;-9.821076965E0;9.821206327E0
8.552202179E1;4.041595459E-2;-1.526824951E-2;-9.819280701E0;9.819375746E0
8.553206279E1;2.694396973E-2;-1.062789917E-2;-9.814041595E0;9.814084337E0
8.554210379E1;2.395019531E-2;-2.993774414E-3;-9.821226654E0;9.821256313E0
8.555214479E1;2.649490356E-2;2.125579834E-2;-9.812544708E0;9.812603500E0
8.556218679E1;9.430389404E-3;2.784210205E-2;-9.810449066E0;9.810493107E0
8.557222779E1;2.829116821E-2;1.002914429E-2;-9.803862762E0;9.803908712E0
8.558226879E1;2.035766602E-2;1.347198486E-2;-9.808652802E0;9.808683179E0
8.559230979E1;2.290237427E-2;-1.107696533E-2;-9.795180817E0;9.795213854E0
8.560235179E1;1.092727661E-2;-1.631607056E-2;-9.805060272E0;9.805079937E0
8.561239279E1;2.020797729E-2;-1.871109009E-2;-9.811047821E0;9.811086475E0
8.562243379E1;1.796264648E-2;-3.278182983E-2;-9.814490662E0;9.814561847E0
8.563247479E1;2.454895020E-2;-2.963836670E-2;-9.820627899E0;9.820703306E0
8.564251679E1;3.487747192E-2;-3.233276367E-2;-9.807305603E0;9.807420917E0
8.565255779E1;4.296066284E-2;-1.556762695E-2;-9.807305603E0;9.807412052E0
8.566259879E1;4.954696655E-2;1.182540894E-2;-9.801767120E0;9.801899480E0
8.567263979E1;5.493576050E-2;1.811233521E-2;-9.791737976E0;9.791908833E0
8.568268179E1;3.412902832E-2;1.526824951E-2;-9.802066498E0;9.802137804E0
8.569272279E1;1.826202393E-2;6.286926270E-3;-9.810748444E0;9.810767455E0
8.570276379E1;2.604583740E-2;-2.290237427E-2;-9.835896149E0;9.835957297E0
8.571280479E1;2.005828857E-2;-3.113525391E-2;-9.822424164E0;9.822493990E0
8.572284679E1;4.041595459E-2;-1.197509766E-2;-9.801168365E0;9.801259010E0
8.573288779E1;3.053649902E-2;1.646575928E-2;-9.810598755E0;9.810660096E0
8.574292879E1;3.218307495E-2;-3.891906738E-3;-9.812694397E0;9.812747945E0
8.575296979E1;4.146377563E-2;-2.993774414E-3;-9.829609222E0;9.829697130E0
8.576301179E1;4.505630493E-2;-1.886077881E-2;-9.832153931E0;9.832275256E0
8.577305279E1;2.933898926E-2;-2.589614868E-2;-9.835147705E0;9.835225558E0
8.578309379E1;3.936813354E-2;-2.559677124E-2;-9.804461517E0;9.804573968E0
8.579313479E1;3.008743286E-2;-3.263214111E-2;-9.808952179E0;9.809052603E0
8.580317679E1;3.832031250E-2;-1.721420288E-2;-9.819430389E0;9.819520250E0
8.581321779E1;3.263214111E-2;-1.975891113E-2;-9.822573853E0;9.822647930E0
8.582325879E1;3.098556519E-2;-2.185455322E-2;-9.847721558E0;9.847794555E0
8.583329979E1;3.547622681E-2;-5.089416504E-3;-9.831106110E0;9.831171436E0
8.584334179E1;5.523513794E-2;-1.287322998E-2;-9.823172607E0;9.823336333E0
8.585338279E1;3.098556519E-2;-1.377136230E-2;-9.810748444E0;9.810807040E0
8.586342379E1;2.679428101E-2;-1.496887207E-3;-9.792336731E0;9.792373503E0
8.587346479E1;2.844085693E-2;4.191284180E-3;-9.802365875E0;9.802408031E0
8.588350679E1;2.679428101E-2;-9.879455566E-3;-9.811945953E0;9.811987512E0
8.589354779E1;1.886077881E-2;3.592529297E-3;-9.821675720E0;9.821694487E0
8.590358879E1;2.589614868E-2;-1.002914429E-2;-9.813742218E0;9.813781509E0
8.591363025E1;2.125579834E-2;-8.532257080E-3;-9.820328522E0;9.820355232E0
8.592367225E1;2.260299683E-2;-1.466949463E-2;-9.821675720E0;9.821712684E0
8.593371325E1;3.861968994E-2;-6.885681152E-3;-9.825867004E0;9.825945312E0
8.594375425E1;2.589614868E-2;-3.742218018E-3;-9.823471985E0;9.823506831E0
8.595379525E1;2.784210205E-2;2.544708252E-3;-9.823172607E0;9.823212394E0
8.596383625E1;2.050735474E-2;-4.041595459E-3;-9.799671478E0;9.799693769E0
8.597387825E1;1.422042847E-2;-1.496887207E-4;-9.816735992E0;9.816746293E0
8.598391925E1;1.781295776E-2;5.538482666E-3;-9.802814941E0;9.802832690E0
8.599396025E1;1.856140137E-2;-7.035369873E-3;-9.800419922E0;9.800440024E0
8.600400125E1;5.837860107E-3;-2.005828857E-2;-9.779613190E0;9.779635502E0
8.601404325E1;-1.182540894E-2;6.436614990E-3;-9.757608948E0;9.757618236E0
8.602408425E1;-3.682342529E-2;7.634124756E-3;-9.715097351E0;9.715170137E0
8.603412525E1;-3.338058472E-2;-1.167572021E-2;-9.779164124E0;9.779228065E0
8.604416625E1;-4.849914551E-2;-2.200424194E-2;-9.823022919E0;9.823167290E0
8.605420825E1;2.395019531E-3;-4.864883423E-2;-9.813143463E0;9.813264343E0
8.606424925E1;6.167175293E-2;-5.867797852E-2;-9.827513580E0;9.827882258E0
8.607429025E1;7.469467163E-2;-3.981719971E-2;-9.838740234E0;9.839104334E0
8.608433125E1;7.679031372E-2;-2.215393066E-2;-9.836045837E0;9.836370533E0
8.609437325E1;8.891510010E-2;-3.876937866E-2;-9.844428406E0;9.844906277E0
8.610441425E1;5.373825073E-2;-2.499801636E-2;-9.813891907E0;9.814070871E0
8.611445525E1;4.400848389E-2;2.365081787E-2;-9.803413696E0;9.803541004E0
8.612449625E1;-2.245330811E-3;4.266128540E-2;-9.797875214E0;9.797968347E0
8.613453825E1;-2.095642090E-3;1.945953369E-3;-9.792187042E0;9.792187460E0
8.614457925E1;6.137237549E-3;-9.280700684E-3;-9.816286926E0;9.816293232E0
8.615462025E1;2.424957275E-2;-1.167572021E-2;-9.824370117E0;9.824406983E0
8.616466125E1;1.781295776E-2;-6.436614990E-3;-9.809850311E0;9.809868596E0
8.617470325E1;2.948867798E-2;-1.466949463E-2;-9.810598755E0;9.810654041E0
8.618474425E1;3.397933960E-2;-4.490661621E-3;-9.810149689E0;9.810209563E0
8.619478525E1;3.592529297E-2;2.290237427E-2;-9.809101868E0;9.809194391E0
8.620482625E1;3.637435913E-2;5.538482666E-3;-9.808802490E0;9.808871498E0
8.621486825E1;2.080673218E-2;8.981323242E-4;-9.820029144E0;9.820051228E0
8.622490925E1;1.945953369E-3;4.340972900E-3;-9.812395020E0;9.812396173E0
8.623495025E1;8.083190918E-3;-1.945953369E-2;-9.806557159E0;9.806579798E0
8.624499125E1;2.544708252E-2;-3.188369751E-2;-9.804311829E0;9.804396695E0
8.625503325E1;5.972579956E-2;-3.891906738E-2;-9.804162140E0;9.804421305E0
8.626507425E1;8.696914673E-2;-4.326004028E-2;-9.816885681E0;9.817366222E0
8.627511525E1;5.658233643E-2;-4.251159668E-2;-9.809401245E0;9.809656548E0
8.628515625E1;9.580078125E-3;-2.230361938E-2;-9.822124786E0;9.822154781E0
8.629519825E1;1.077758789E-2;1.496887207E-4;-9.802515564E0;9.802521490E0
8.630523925E1;1.975891113E-2;-3.442840576E-3;-9.803114319E0;9.803134836E0
8.631528025E1;4.116439819E-2;-5.239105225E-3;-9.801916809E0;9.802004646E0
8.632532125E1;2.844085693E-2;-2.709365845E-2;-9.795779572E0;9.795858327E0
8.633536325E1;3.847000122E-2;-3.218307495E-2;-9.805359650E0;9.805487930E0
8.634540425E1;6.436614990E-3;-2.978805542E-2;-9.826166382E0;9.826213641E0
8.635544525E1;-9.131011963E-3;-1.002914429E-2;-9.832752686E0;9.832762040E0
8.636548625E1;-1.137634277E-2;-1.077758789E-2;-9.824070740E0;9.824083239E0
8.637552825E1;-5.688171387E-3;1.422042847E-2;-9.802515564E0;9.802527529E0
8.638556925E1;2.978805542E-2;2.035766602E-2;-9.797126770E0;9.797193206E0
8.639561025E1;4.086502075E-2;2.215393066E-2;-9.812844086E0;9.812954183E0
8.640565125E1;2.918930054E-2;1.661544800E-2;-9.811347198E0;9.811404687E0
8.641569325E1;2.424957275E-2;-2.290237427E-2;-9.827214203E0;9.827270809E0
8.642573425E1;1.736389160E-2;-2.454895020E-2;-9.817783813E0;9.817829860E0
8.643577525E1;2.065704346E-2;-1.152603149E-2;-9.821825409E0;9.821853895E0
8.644581625E1;2.290237427E-2;-1.362167358E-2;-9.792785797E0;9.792822052E0
8.645585825E1;1.721420288E-2;-1.137634277E-2;-9.813592529E0;9.813614221E0
8.646589925E1;3.442840576E-2;-8.831634521E-3;-9.813143463E0;9.813207831E0
8.647594025E1;3.263214111E-2;-4.041595459E-3;-9.810748444E0;9.810803546E0
8.648598125E1;4.520599365E-2;-2.155517578E-2;-9.809850311E0;9.809978152E0
8.649602325E1;5.852828979E-2;-4.385879517E-2;-9.799821167E0;9.800094084E0
8.650606425E1;3.951782227E-2;-5.164260864E-2;-9.802216187E0;9.802431881E0
8.651610525E1;2.020797729E-2;-3.367996216E-2;-9.797126770E0;9.797205502E0
8.652614625E1;1.811233521E-2;-2.694396973E-2;-9.801767120E0;9.801820888E0
8.653618825E1;1.347198486E-2;-7.484436035E-4;-9.794282684E0;9.794291978E0
8.654622925E1;2.634521484E-2;-2.035766602E-2;-9.823022919E0;9.823079342E0
8.655627025E1;2.140548706E-2;-4.760101318E-2;-9.823022919E0;9.823161574E0
8.656631125E1;2.829116821E-2;-3.248245239E-2;-9.811347198E0;9.811441757E0
8.657635225E1;2.724334717E-2;-7.334747314E-3;-9.813592529E0;9.813633085E0
8.658639425E1;1.242416382E-2;4.340972900E-3;-9.812844086E0;9.812852911E0
8.659643525E1;2.679428101E-2;1.721420288E-2;-9.804910583E0;9.804962306E0
8.660647625E1;2.619552612E-2;1.332229614E-2;-9.790540466E0;9.790584575E0
8.661651725E1;1.017883301E-2;-1.182540894E-2;-9.805209961E0;9.805222375E0
8.662655925E1;2.739303589E-2;-2.409988403E-2;-9.821675720E0;9.821743488E0
8.663660025E1;3.143463135E-2;-2.335144043E-2;-9.823771362E0;9.823849409E0
8.664664125E1;2.694396973E-2;-1.751358032E-2;-9.805808716E0;9.805861373E0
8.665668225E1;3.397933960E-2;-1.751358032E-2;-9.811197510E0;9.811271982E0
8.666672425E1;3.203338623E-2;-2.305206299E-2;-9.811047821E0;9.811127197E0
8.667676525E1;3.308120728E-2;-1.466949463E-2;-9.811496887E0;9.811563623E0
8.668680625E1;1.197509766E-3;-2.275268555E-2;-9.827962646E0;9.827989057E0
8.669684725E1;7.484436035E-4;-2.514770508E-2;-9.820777588E0;9.820809814E0
8.670688925E1;1.901046753E-2;-2.080673218E-2;-9.820777588E0;9.820818028E0
8.671693025E1;3.562591553E-2;-1.422042847E-2;-9.811796265E0;9.811871247E0
8.672697125E1;6.526428223E-2;-2.679428101E-2;-9.792037354E0;9.792291504E0
8.673701225E1;6.735992432E-2;-4.176315308E-2;-9.800569611E0;9.800890072E0
8.674705425E1;4.565505981E-2;-5.478607178E-2;-9.804162140E0;9.804421511E0
8.675709525E1;3.233276367E-2;-6.077362061E-2;-9.807604980E0;9.807846568E0
8.676713625E1;3.577560425E-2;-4.984634399E-2;-9.827962646E0;9.828154167E0
8.677717725E1;3.487747192E-2;-4.161346436E-2;-9.822424164E0;9.822574233E0
8.678721925E1;3.203338623E-2;-2.050735474E-2;-9.815089417E0;9.815163113E0
8.679726025E1;3.622467041E-2;-2.499801636E-2;-9.809101868E0;9.809200609E0
8.680730125E1;4.221221924E-2;-3.921844482E-2;-9.782906342E0;9.783076022E0
8.681734225E1;3.308120728E-2;-2.544708252E-3;-9.798024902E0;9.798081079E0
8.682738425E1;1.167572021E-2;6.137237549E-2;-9.812993774E0;9.813192636E0
8.683742525E1;1.017883301E-2;9.789642334E-2;-9.824370117E0;9.824863130E0
8.684746625E1;-3.891906738E-3;6.750961304E-2;-9.807904358E0;9.808137468E0
8.685750725E1;9.280700684E-3;2.589614868E-2;-9.813891907E0;9.813930461E0
8.686754925E1;1.422042847E-2;1.347198486E-2;-9.844578094E0;9.844597583E0
8.687759025E1;-3.143463135E-3;1.871109009E-2;-9.825417938E0;9.825436257E0
8.688763125E1;-1.796264648E-2;2.155517578E-2;-9.810898132E0;9.810938255E0
8.689767225E1;-4.790039062E-3;1.871109009E-2;-9.826765137E0;9.826784118E0
8.690771425E1;-8.532257080E-3;5.149291992E-2;-9.814490662E0;9.814629451E0
8.691775479E1;1.047821045E-3;5.568420410E-2;-9.797426147E0;9.797584444E0
8.692779579E1;2.993774414E-4;3.562591553E-2;-9.771829376E0;9.771894323E0
8.693783679E1;2.335144043E-2;8.532257080E-3;-9.784253540E0;9.784285126E0
8.694787879E1;1.930984497E-2;1.257385254E-2;-9.815987549E0;9.816014595E0
8.695791979E1;2.709365845E-2;-1.871109009E-2;-9.831405487E0;9.831460625E0
8.696796079E1;4.281097412E-2;-2.634521484E-2;-9.810299377E0;9.810428162E0
8.697800179E1;5.343887329E-2;-1.811233521E-2;-9.811197510E0;9.811359760E0
8.698804379E1;2.903961182E-2;-7.185058594E-3;-9.807455292E0;9.807500916E0
8.699808479E1;3.906875610E-2;-8.532257080E-3;-9.808652802E0;9.808734319E0
8.700812579E1;3.098556519E-2;-4.790039062E-3;-9.809700623E0;9.809750728E0
8.701816679E1;3.158432007E-2;-1.541793823E-2;-9.803563385E0;9.803626386E0
8.702820879E1;5.239105225E-2;-3.757186890E-2;-9.791737976E0;9.791950217E0
8.703824979E1;6.002517700E-2;-3.682342529E-2;-9.816286926E0;9.816539513E0
8.704829079E1;3.442840576E-2;-4.236190796E-2;-9.827962646E0;9.828114246E0
8.705833179E1;1.437011719E-2;-1.736389160E-2;-9.806856537E0;9.806882437E0
8.706837379E1;-1.796264648E-3;-5.837860107E-3;-9.824519806E0;9.824521705E0
8.707841479E1;2.619552612E-2;-2.050735474E-2;-9.836644592E0;9.836700849E0
8.708845579E1;3.607498169E-2;-7.484436035E-3;-9.836494904E0;9.836563903E0
8.709849679E1;2.918930054E-2;-9.580078125E-3;-9.817783813E0;9.817831879E0
8.710853879E1;4.071533203E-2;-1.392105103E-2;-9.820328522E0;9.820422792E0
8.711857979E1;2.514770508E-2;-8.981323242E-3;-9.802665253E0;9.802701624E0
8.712862079E1;2.020797729E-2;-4.939727783E-3;-9.787247314E0;9.787269423E0
8.713866179E1;7.484436035E-3;-1.122665405E-2;-9.792037354E0;9.792046650E0
8.714870379E1;3.397933960E-2;-9.131011963E-3;-9.816286926E0;9.816349983E0
8.715874479E1;3.891906738E-2;-2.200424194E-2;-9.814640350E0;9.814742181E0
8.716878579E1;5.822891235E-2;-4.206253052E-2;-9.826465759E0;9.826728305E0
8.717882679E1;7.649093628E-2;-4.520599365E-2;-9.831106110E0;9.831507605E0
8.718886779E1;7.035369873E-2;-5.164260864E-2;-9.847422180E0;9.847808903E0
8.719890979E1;3.743714905E-1;-7.304809570E-2;-9.883347473E0;9.890705097E0
8.720895079E1;1.587598572E0;-6.182144165E-1;-9.834848328E0;9.981327563E0
8.721899179E1;4.658312988E-1;-6.939569092E-1;-9.818981323E0;9.854489800E0
8.722903279E1;-8.524772644E-1;8.771759033E-2;-9.840087433E0;9.877334284E0
8.723907479E1;-5.270539856E-1;5.221142578E-1;-9.842931519E0;9.870850525E0
8.724911579E1;1.540296936E-1;1.300794983E-1;-9.826914825E0;9.828982695E0
8.725915679E1;3.888912964E-1;-1.568737793E-1;-9.927206268E0;9.936059084E0
8.726919779E1;5.882766724E-2;-1.977388000E-1;-1.002570145E1;1.002782383E1
8.727923979E1;-2.094145203E-1;4.700225830E-2;-9.817933502E0;9.820279116E0
8.728928079E1;-2.865042114E-1;3.281176758E-1;-9.995464325E0;1.000495142E1
8.729932179E1;-6.765930176E-2;2.653981018E-1;-9.952503662E0;9.956271545E0
8.730936279E1;-5.718109131E-2;1.076261902E-1;-9.920170898E0;9.920919500E0
8.731940479E1;-1.505868530E-1;1.085243225E-1;-1.008348129E1;1.008518958E1
8.732944579E1;-9.445358276E-2;-1.216969299E-1;-1.020218445E1;1.020334745E1
8.733948679E1;-2.420466614E-1;1.285826111E-1;-1.003228775E1;1.003603097E1
8.734952779E1;-3.320095825E-1;6.730004883E-1;-9.885592804E0;9.914035763E0
8.735956979E1;-1.251397705E-1;9.081614685E-1;-9.883497162E0;9.925922293E0
8.736961079E1;5.129832458E-1;9.129515076E-1;-1.024245071E1;1.029584522E1
8.737965179E1;6.791377258E-1;7.209008789E-1;-1.105915237E1;1.110341287E1
8.738969279E1;3.388952637E-1;7.454498291E-1;-1.163305893E1;1.166184400E1
8.739973479E1;3.038681030E-2;1.091380463E0;-1.150417694E1;1.155586958E1
8.740977579E1;1.523831177E-1;9.663903809E-1;-1.205443268E1;1.209406789E1
8.741981679E1;1.020877075E-1;7.448510742E-1;-1.213331863E1;1.215658859E1
8.742985779E1;5.370831299E-1;4.713697815E-1;-1.250304977E1;1.252345405E1
8.743989979E1;1.156794434E0;1.386117554E-1;-1.253074219E1;1.258478789E1
8.744994079E1;1.325643311E0;1.481918335E-2;-1.174981613E1;1.182437013E1
8.745998179E1;1.251248016E0;5.777984619E-2;-1.123368942E1;1.130330651E1
8.747002279E1;1.297651520E0;5.331912231E-1;-1.130359406E1;1.139032181E1
8.748006479E1;1.362616425E0;1.008003845E0;-1.171538773E1;1.183736055E1
8.749010579E1;1.340761871E0;1.118025055E0;-1.240769806E1;1.252990796E1
8.750014679E1;1.129850464E0;1.092128906E0;-1.288520508E1;1.298067092E1
8.751018779E1;1.150806885E0;1.273252258E0;-1.311842010E1;1.323021065E1
8.752022979E1;1.596579895E0;1.638792114E0;-1.347467926E1;1.366754141E1
8.753027079E1;2.037712555E0;1.830393677E0;-1.356898315E1;1.384268461E1
8.754031179E1;2.520608368E0;1.882635040E0;-1.397314270E1;1.432293609E1
8.755035279E1;2.854414215E0;2.047142944E0;-1.373274261E1;1.417486136E1
8.756039479E1;2.332449646E0;2.166295166E0;-1.356134903E1;1.392994413E1
8.757043579E1;1.488953705E0;1.836680603E0;-1.352242996E1;1.372758139E1
8.758047679E1;9.240284729E-1;1.399739227E0;-1.359443024E1;1.369750459E1
8.759051779E1;3.505709839E-1;7.993377686E-1;-1.339803864E1;1.342643959E1
8.760055979E1;-1.158590698E-1;6.671626282E-1;-1.242790604E1;1.244633993E1
8.761060079E1;-2.552192688E-1;1.209335175E0;-1.280931290E1;1.286880435E1
8.762064179E1;5.011578369E-1;1.888622589E0;-1.355820557E1;1.369828430E1
8.763068279E1;1.655557251E0;2.887645111E0;-1.381626892E1;1.421156751E1
8.764072379E1;2.278561707E0;3.636537781E0;-1.396161667E1;1.460626545E1
8.765076579E1;2.333647156E0;3.464246063E0;-1.400891830E1;1.461836865E1
8.766080679E1;2.271825714E0;3.109483795E0;-1.387824005E1;1.440262575E1
8.767084779E1;1.957180023E0;2.977757721E0;-1.374067612E1;1.419520253E1
8.768088879E1;1.835632782E0;2.820734253E0;-1.286275177E1;1.329573137E1
8.769093079E1;1.155297546E0;1.858984222E0;-1.364742004E1;1.382181640E1
8.770097179E1;1.189276886E0;1.705553284E0;-1.541060349E1;1.555024088E1
8.771101279E1;1.766626282E0;2.729723511E0;-1.466410583E1;1.502026494E1
8.772105379E1;1.952689362E0;3.626808014E0;-1.428404617E1;1.486609253E1
8.773109579E1;3.127745819E0;3.589236145E0;-1.371358246E1;1.451646492E1
8.774113679E1;3.845503235E0;3.308120728E0;-1.206610840E1;1.308902325E1
8.775117779E1;3.023712158E0;2.036664734E0;-1.226579315E1;1.279611348E1
8.776121879E1;4.049828339E0;2.620450745E0;-1.424587555E1;1.504037373E1
8.777126079E1;5.043761444E0;4.105512543E0;-1.463042587E1;1.601075026E1
8.778130179E1;4.212689667E0;4.938230896E0;-1.500749176E1;1.635107604E1
8.779134279E1;4.377197571E0;4.683011627E0;-1.528172150E1;1.657170686E1
8.780138379E1;5.990243225E0;4.433929596E0;-1.416309769E1;1.600425199E1
8.781142579E1;7.058122559E0;4.140689392E0;-1.305839493E1;1.541051851E1
8.782146679E1;6.109245758E0;3.034190369E0;-1.297247360E1;1.465654346E1
8.783150779E1;4.309687958E0;1.916464691E0;-1.387569534E1;1.465541431E1
8.784154879E1;4.138593750E0;2.608176270E0;-1.390488464E1;1.474029710E1
8.785159079E1;4.675527191E0;3.924089813E0;-1.405502243E1;1.532327285E1
8.786163179E1;5.632038116E0;3.923940125E0;-1.305854462E1;1.475271998E1
8.787167279E1;7.180418243E0;3.276985474E0;-1.141675873E1;1.387946036E1
8.788171379E1;8.168663177E0;2.264490967E0;-8.825197906E0;1.223679270E1
8.789175579E1;7.344327393E0;3.532653809E-2;-7.438481598E0;1.045329619E1
8.790179679E1;8.554111633E0;1.075363770E0;-1.064870590E1;1.370124704E1
8.791183850E1;1.014066238E1;1.961670685E0;-1.093970078E1;1.504520650E1
8.792187950E1;7.838599548E0;1.440903625E0;-8.426726532E0;1.159868812E1
8.793192150E1;7.242389374E0;1.491049347E0;-7.441026306E0;1.049020040E1
8.794196250E1;8.464597778E0;1.576072540E0;-7.111262054E0;1.116707071E1
8.795200350E1;8.500972137E0;1.356928253E0;-7.534132690E0;1.143988361E1
8.796204450E1;8.986262970E0;1.285676422E0;-8.466543732E0;1.241322878E1
8.797208650E1;9.347312164E0;9.340576172E-1;-9.305099945E0;1.322231422E1
8.798212750E1;9.782906342E0;-4.343966675E-1;-9.629325714E0;1.373382214E1
8.799216850E1;9.931696930E0;-1.809287567E0;-8.434360657E0;1.315486849E1
8.800220950E1;9.036109314E0;-1.678759003E0;-6.262077942E0;1.112129145E1
8.801225150E1;8.146509247E0;2.888992310E-2;-4.450545044E0;9.282984365E0
8.802229250E1;8.480464783E0;9.533674622E-1;-3.436853027E0;9.199953868E0
8.803233350E1;9.792785797E0;7.840695190E-1;-3.481609955E0;1.042281279E1
8.804237450E1;1.135838013E1;1.134640503E-1;-4.240382080E0;1.212462426E1
8.805241650E1;1.278461426E1;-5.424719238E-1;-4.393813019E0;1.352945787E1
8.806245750E1;1.327544357E1;-7.294331360E-1;-3.737427979E0;1.381078718E1
8.807249850E1;1.270602768E1;-5.843847656E-1;-2.663112030E0;1.299526108E1
8.808253950E1;1.137918686E1;-8.587641907E-1;-1.789079590E0;1.155093829E1
8.809258150E1;9.114845581E0;-1.349144440E0;-6.514453125E-1;9.237152250E0
8.810262250E1;6.622678070E0;-1.835333405E0;-9.463320923E-1;6.937136149E0
8.811266350E1;5.664670258E0;-1.665137329E0;-1.392703857E0;6.066365921E0
8.812270450E1;6.448590088E0;-1.133143616E0;-1.603615265E0;6.740913179E0
8.813274550E1;7.726931763E0;-1.056652679E0;-1.612895966E0;7.963882392E0
8.814278750E1;9.002728729E0;-1.275347900E0;-1.078507233E0;9.156353788E0
8.815282850E1;9.165590057E0;-1.619931335E0;-2.883004761E-1;9.312106947E0
8.816286950E1;7.773634644E0;-1.715582428E0;6.580316162E-1;7.987842277E0
8.817291050E1;6.534212036E0;-1.527124329E0;1.075214081E0;6.795890006E0
8.818295250E1;5.363346863E0;-1.003064117E0;1.115779724E0;5.569254132E0
8.819299350E1;4.211791534E0;-3.378474426E-1;1.473535767E0;4.474889549E0
8.820303450E1;3.922592926E0;7.333250427E-1;2.740351410E0;4.840870452E0
8.821307550E1;4.080065460E0;1.445543976E0;3.481460266E0;5.554916483E0
8.822311750E1;4.189637604E0;1.621877289E0;3.681594086E0;5.808414948E0
8.823315850E1;4.045337677E0;1.511706390E0;3.758983154E0;5.725379244E0
8.824319950E1;3.695515137E0;1.291214905E0;3.670666809E0;5.366364028E0
8.825324050E1;3.510350189E0;1.004561005E0;3.276835785E0;4.906052795E0
8.826328250E1;3.528761902E0;5.716612244E-1;3.110082550E0;4.738308832E0
8.827332350E1;3.365152130E0;1.116677856E-1;2.834655304E0;4.401362203E0
8.828336450E1;3.059487762E0;-1.302291870E-1;2.183659058E0;3.761089189E0
8.829340550E1;2.849923553E0;1.017883301E-2;1.880838776E0;3.414633563E0
8.830344750E1;2.581381989E0;7.988887024E-1;2.007176056E0;3.366082567E0
8.831348850E1;2.280208282E0;1.807491302E0;2.202519836E0;3.649310654E0
8.832352950E1;1.902693329E0;2.631378021E0;2.200573883E0;3.922616169E0
8.833357050E1;1.659449158E0;3.056943054E0;2.336640930E0;4.190293925E0
8.834361250E1;1.737586670E0;3.080593872E0;2.702779541E0;4.451323768E0
8.835365350E1;1.939367065E0;2.824925537E0;3.182831268E0;4.676725755E0
8.836369450E1;2.339784393E0;2.658771057E0;3.424877930E0;4.926808640E0
8.837373550E1;2.323318634E0;2.875520325E0;3.404520264E0;5.025652678E0
8.838377750E1;1.544338531E0;3.147504730E0;3.326233063E0;4.832762555E0
8.839381850E1;8.937913513E-1;3.037034454E0;3.507506104E0;4.724938129E0
8.840385950E1;7.144642639E-1;2.495310974E0;4.015699310E0;4.781514090E0
8.841390050E1;5.028044128E-1;2.282154236E0;4.662204895E0;5.215092973E0
8.842394250E1;3.228785706E-1;2.427651672E0;5.003944244E0;5.571104129E0
8.843398350E1;3.050656128E-1;2.946622467E0;4.941074982E0;5.761065090E0
8.844402450E1;2.960842896E-1;3.606001282E0;4.514462128E0;5.785436842E0
8.845406550E1;2.912942505E-1;4.055516510E0;4.060905304E0;5.746565791E0
8.846410750E1;5.649252319E-1;3.937861176E0;4.367168427E0;5.907457255E0
8.847414850E1;1.135688324E0;3.394042053E0;5.114564209E0;6.242441548E0
8.848418950E1;1.191821594E0;2.706372070E0;5.463189240E0;6.212191655E0
8.849423050E1;5.700146484E-1;2.562371521E0;5.571414185E0;6.158840843E0
8.850427250E1;2.312690735E-1;2.727178802E0;6.082900543E0;6.670282500E0
8.851431350E1;4.996609497E-1;2.877615967E0;7.179370422E0;7.750722184E0
8.852435450E1;9.798623657E-1;3.129691772E0;8.172555084E0;8.806006896E0
8.853439550E1;1.310973816E0;3.515888672E0;8.465495911E0;9.259845923E0
8.854443750E1;1.206042023E0;3.931873627E0;8.225993958E0;9.196800757E0
8.855447850E1;8.484356689E-1;4.415667572E0;7.991581421E0;9.169696658E0
8.856451950E1;5.930667114E-1;4.721182251E0;7.127578125E0;8.569927648E0
8.857456050E1;3.379971313E-1;4.771477661E0;6.552474060E0;8.112715787E0
8.858460150E1;2.483335876E-1;4.410727844E0;6.416407013E0;7.790152029E0
8.859464350E1;2.688409424E-1;4.084107056E0;6.106102295E0;7.350965320E0
8.860468450E1;2.782713318E-1;3.927083588E0;6.032006378E0;7.203091099E0
8.861472550E1;3.926335144E-1;3.788621521E0;6.638844452E0;7.653892458E0
8.862476650E1;8.286767578E-1;4.055217133E0;7.709567871E0;8.750367302E0
8.863480850E1;1.442400513E0;4.498595123E0;8.812773743E0;9.999142881E0
8.864484950E1;1.769470367E0;4.881049805E0;9.382339325E0;1.072305758E1
8.865489050E1;1.854792938E0;5.144352264E0;9.272018738E0;1.076452268E1
8.866493150E1;1.393003235E0;5.476062469E0;8.497229919E0;1.020444190E1
8.867497350E1;7.614665222E-1;5.670657806E0;7.347470856E0;9.312438950E0
8.868501450E1;2.116598511E-1;5.877377930E0;6.454577637E0;8.732121374E0
8.869505550E1;2.499801636E-2;5.974825287E0;6.520590363E0;8.844052283E0
8.870509650E1;6.794371033E-1;5.654491425E0;7.139702911E0;9.132922080E0
8.871513850E1;1.540296936E0;5.590724030E0;7.129673767E0;9.190264297E0
8.872517950E1;2.152972870E0;5.775439911E0;7.630382538E0;9.808860077E0
8.873522050E1;2.619402924E0;5.483397217E0;8.210126953E0;1.021445551E1
8.874526150E1;2.688259735E0;4.908742218E0;8.615334320E0;1.027358146E1
8.875530350E1;2.217039642E0;4.465364227E0;9.045539703E0;1.032843313E1
8.876534450E1;1.635498962E0;4.430486755E0;9.242380371E0;1.037909749E1
8.877538550E1;1.203796692E0;4.854554901E0;9.080566864E0;1.036689560E1
8.878542650E1;1.010698242E0;5.191953278E0;8.529113617E0;1.003611822E1
8.879546850E1;5.671705627E-1;5.163811798E0;8.281378784E0;9.775882022E0
8.880550950E1;8.116122437E-1;5.167703705E0;8.084238739E0;9.629059767E0
8.881555050E1;1.707499237E0;5.001998291E0;7.440577240E0;9.126759020E0
8.882559150E1;3.092718658E0;5.204377441E0;7.685318298E0;9.783382370E0
8.883563350E1;4.676724701E0;4.941074982E0;7.457042999E0;1.009422935E1
8.884567450E1;4.717140656E0;3.626209259E0;7.425458679E0;9.515158756E0
8.885571550E1;2.874173126E0;3.031495972E0;8.189320221E0;9.193247776E0
8.886575650E1;1.065184937E0;2.944377136E0;9.017248535E0;9.545404487E0
8.887579850E1;1.445993042E-1;2.951562195E0;9.425150299E0;9.877554683E0
8.888583950E1;-1.588197327E-1;2.833607483E0;9.375453644E0;9.795595240E0
8.889588050E1;-4.915777588E-1;3.049009552E0;8.913813629E0;9.433672740E0
8.890592150E1;-4.376898193E-1;3.472029877E0;8.488098907E0;9.181197466E0
8.891596267E1;2.686912537E-1;3.635190582E0;8.192763062E0;8.967060396E0
8.892600367E1;3.863465881E-1;4.008963318E0;7.878566437E0;8.848325247E0
8.893604467E1;4.308041382E-1;4.413272552E0;7.578141174E0;8.780136131E0
8.894608567E1;1.385967865E0;4.154760132E0;7.643106079E0;8.809086741E0
8.895612767E1;2.459535370E0;3.791166229E0;7.477849731E0;8.737304631E0
8.896616867E1;2.956950989E0;3.993096313E0;7.607929230E0;9.086746639E0
8.897620967E1;3.062331848E0;3.957320709E0;8.634943542E0;9.980005688E0
8.898625067E1;2.646346893E0;3.607797546E0;9.989177399E0;1.094545660E1
8.899629267E1;1.942959595E0;3.184627533E0;1.094359268E1;1.156197065E1
8.900633367E1;9.755213928E-1;2.904559937E0;1.096230377E1;1.138245204E1
8.901637467E1;1.459465027E-1;2.663411407E0;1.023287064E1;1.057481452E1
8.902641567E1;-2.420466614E-1;2.569406891E0;9.648785248E0;9.987967517E0
8.903645767E1;-3.137475586E-1;2.641856232E0;9.238638153E0;9.614066611E0
8.904649867E1;-9.325607300E-2;2.999911652E0;9.382489014E0;9.850851065E0
8.905653967E1;-1.901046753E-2;3.476670227E0;9.401499481E0;1.002376126E1
8.906658067E1;4.790039062E-3;3.454516296E0;8.850195923E0;9.500509126E0
8.907662267E1;-9.131011963E-2;3.088377686E0;8.418942719E0;8.967999262E0
8.908666367E1;-1.022373962E-1;2.543510742E0;8.202043762E0;8.587981210E0
8.909670467E1;-1.441502380E-1;2.441572723E0;8.403973846E0;8.752647203E0
8.910674567E1;-1.142124939E-1;2.709365845E0;9.317673798E0;9.704264669E0
8.911678767E1;-2.366578674E-1;2.590213623E0;1.007000931E1;1.040049523E1
8.912682867E1;-6.830296326E-1;2.512375488E0;1.018571869E1;1.051320243E1
8.913686967E1;-1.004411316E0;2.569855957E0;9.705217896E0;1.008980952E1
8.914691067E1;-1.036744080E0;2.660267944E0;8.817414093E0;9.268152734E0
8.915695267E1;-7.761360168E-1;2.784060516E0;8.217461700E0;8.710915961E0
8.916699367E1;-2.754272461E-1;3.059787140E0;8.442743225E0;8.984323607E0
8.917703467E1;-6.840774536E-2;3.429518280E0;8.615783386E0;9.273510587E0
8.918707567E1;-1.847158813E-1;3.455713806E0;8.544082489E0;9.218319990E0
8.919711667E1;-3.338058472E-1;3.302133179E0;8.455616455E0;9.083664432E0
8.920715867E1;-5.884263611E-1;3.452420654E0;8.187374268E0;8.904973406E0
8.921719967E1;-9.677375793E-1;3.646117859E0;7.849826202E0;8.709217122E0
8.922724067E1;-9.897418213E-1;3.524869995E0;7.715705109E0;8.540281183E0
8.923728167E1;-7.420069885E-1;3.226540375E0;7.516319733E0;8.213172316E0
8.924732367E1;-5.153782654E-1;3.140020294E0;7.359146576E0;8.017629359E0
8.925736467E1;-1.624122620E-1;3.283272400E0;7.601941681E0;8.282256499E0
8.926740567E1;2.146536255E-1;3.540886688E0;8.240663452E0;8.971760633E0
8.927744667E1;4.921765137E-1;3.994144135E0;9.029223633E0;9.885459246E0
8.928748867E1;5.815406799E-1;4.332889709E0;9.428892517E0;1.039308120E1
8.929752967E1;8.863069153E-1;4.454436951E0;9.824519806E0;1.082352706E1
8.930757067E1;1.386267242E0;4.377946014E0;1.015039215E1;1.114085315E1
8.931761167E1;1.626817017E0;4.265978851E0;1.021595581E1;1.118976596E1
8.932765367E1;1.426383820E0;4.198169861E0;1.032807266E1;1.123958566E1
8.933769467E1;7.816744995E-1;4.002975769E0;1.030531998E1;1.108307042E1
8.934773567E1;-1.053808594E-1;3.572620697E0;9.898915100E0;1.052441181E1
8.935777667E1;-5.939648438E-1;3.254981232E0;9.175319824E0;9.753675765E0
8.936781867E1;-4.126918030E-1;2.826272736E0;8.952283630E0;9.396888543E0
8.937785967E1;2.290237427E-1;2.885399780E0;9.464518433E0;9.897226527E0
8.938790067E1;3.408412170E-1;3.586242371E0;9.803264008E0;1.044419898E1
8.939794167E1;6.179150391E-1;4.056714020E0;1.011985565E1;1.092017518E1
8.940798367E1;1.040186920E0;4.222120056E0;1.068238586E1;1.153350139E1
8.941802467E1;9.888436890E-1;4.299359436E0;1.060903839E1;1.148973450E1
8.942806567E1;9.541159058E-1;4.130809937E0;9.868079224E0;1.074024746E1
8.943810667E1;8.936416626E-1;3.820205841E0;9.078321533E0;9.889817488E0
8.944814867E1;7.940986633E-1;3.892655182E0;9.001680908E0;9.839391050E0
8.945818967E1;6.411167908E-1;4.014352112E0;9.390422516E0;1.023259931E1
8.946823067E1;3.505709839E-1;4.164489899E0;1.021386017E1;1.103579701E1
8.947827167E1;1.938468933E-1;4.860991516E0;1.089868607E1;1.193516540E1
8.948831367E1;4.098477173E-1;5.624853058E0;1.119432129E1;1.253474277E1
8.949835467E1;4.803511047E-1;5.316045227E0;1.086440735E1;1.210480983E1
8.950839567E1;6.084846497E-1;4.416416016E0;1.017119888E1;1.110532623E1
8.951843667E1;2.131567383E-1;3.933071136E0;9.176517334E0;9.986138129E0
8.952847867E1;-8.487350464E-2;3.869603119E0;8.349936218E0;9.203394301E0
8.953851967E1;-9.086105347E-2;3.901337128E0;7.767946472E0;8.693082279E0
8.954856067E1;2.918930054E-2;4.139342194E0;7.494465179E0;8.561659543E0
8.955860167E1;5.845344543E-1;4.243076477E0;7.470964050E0;8.611659675E0
8.956864367E1;1.434467010E0;4.431684265E0;7.474257202E0;8.806931461E0
8.957868467E1;1.723515930E0;4.957989807E0;7.582631836E0;9.222173044E0
8.958872567E1;1.177301788E0;5.113366699E0;7.815996552E0;9.413945007E0
8.959876667E1;3.323089600E-1;4.725223846E0;8.282875671E0;9.541708392E0
8.960880867E1;-5.887257385E-1;4.195475464E0;8.456664276E0;9.458529645E0
8.961884967E1;-1.485211487E0;3.936364288E0;8.236921234E0;9.249199338E0
8.962889067E1;-2.301164703E0;3.693569183E0;7.863298187E0;8.987172563E0
8.963893167E1;-2.458337860E0;3.652255096E0;8.148754578E0;9.261997273E0
8.964897367E1;-1.078806610E0;3.583697662E0;8.029153290E0;8.858556044E0
8.965901467E1;1.948647766E0;3.651506653E0;8.219407654E0;9.202683909E0
8.966905567E1;3.105591888E0;4.270319824E0;8.881929932E0;1.033290916E1
8.967909667E1;2.106269989E0;4.063899078E0;1.050350784E1;1.145754450E1
8.968913867E1;2.944377136E-1;3.470832367E0;1.170221512E1;1.220963593E1
8.969917967E1;-9.767189026E-1;2.996917877E0;1.162482605E1;1.204458705E1
8.970922067E1;-1.482068024E0;3.166365509E0;1.100631226E1;1.154821656E1
8.971926167E1;-1.963317261E0;3.603606262E0;1.049033524E1;1.126444522E1
8.972930367E1;-3.067570953E0;3.174448700E0;9.839788055E0;1.078464395E1
8.973934467E1;-3.302432556E0;2.833607483E0;8.415649567E0;9.474098890E0
8.974938567E1;-1.038690033E0;3.687431946E0;7.260950775E0;8.209594235E0
8.975942667E1;-1.689985657E-1;3.678750000E0;8.107590179E0;8.904761681E0
8.976946867E1;-6.556365967E-2;3.849245453E0;6.589746552E0;7.631890248E0
8.977950967E1;7.749385071E-1;4.091591492E0;8.060438232E0;9.072613467E0
8.978955067E1;1.247206421E0;3.964505768E0;9.320368195E0;1.020500334E1
8.979959167E1;7.355703735E-1;4.236340485E0;9.587113495E0;1.050715897E1
8.980963367E1;-1.317260742E-2;4.249812469E0;9.342372437E0;1.026357649E1
8.981967467E1;-1.658551025E-1;4.085304565E0;9.635462952E0;1.046706108E1
8.982971567E1;-2.513273621E-1;3.839515686E0;9.646539917E0;1.038560439E1
8.983975667E1;-3.998185730E-1;3.419788513E0;9.355994110E0;9.969424966E0
8.984979867E1;-5.023553467E-1;3.296744385E0;8.733289032E0;9.348327217E0
8.985983967E1;-4.849914551E-2;3.542383575E0;7.931705933E0;8.686932287E0
8.986988067E1;1.012644196E0;4.025728455E0;7.892337799E0;8.917451082E0
8.987992167E1;1.944606171E0;4.076173553E0;8.066425781E0;9.244669214E0
8.988996367E1;1.799408112E0;4.150718536E0;9.141340485E0;1.019953135E1
8.990000467E1;1.015039215E0;4.322411499E0;1.008243347E1;1.101676044E1
8.991004567E1;3.143463135E-1;4.431684265E0;9.888885956E0;1.084106565E1
8.992008787E1;-1.393601990E-1;4.337829437E0;8.716823273E0;9.737514748E0
8.993012987E1;-3.914360046E-1;4.233496399E0;7.699688416E0;8.795505420E0
8.994017087E1;-5.092410278E-1;4.213438110E0;7.453600159E0;8.577210646E0
8.995021188E1;-4.957690430E-1;4.315525818E0;7.764054565E0;8.896633820E0
8.996025287E1;-3.336561584E-1;4.527934113E0;7.972570953E0;9.174715329E0
8.997029387E1;-4.161346436E-2;4.598287811E0;7.774832153E0;9.032939582E0
8.998033587E1;2.719844055E-1;4.809648285E0;7.570956116E0;8.973631854E0
8.999037687E1;2.248324585E-1;5.072202301E0;7.662415924E0;9.191866166E0
9.000041788E1;-9.205856323E-2;5.082979889E0;7.820786591E0;9.327907709E0
9.001045988E1;-7.280859375E-1;5.015021210E0;7.639812927E0;9.167730822E0
9.002050088E1;-1.199006653E0;5.206772461E0;7.321724396E0;9.063980612E0
9.003054187E1;-1.147364044E0;5.072202301E0;7.201374664E0;8.882762942E0
9.004058288E1;-4.159849548E-1;4.952601013E0;7.173682251E0;8.727142563E0
9.005062388E1;-1.707948303E-1;5.098248138E0;6.582411804E0;8.327631723E0
9.006066588E1;-6.369255066E-1;5.253325653E0;6.601871338E0;8.460957965E0
9.007070688E1;-9.427395630E-1;5.238506470E0;7.333998871E0;9.061911904E0
9.008074787E1;-1.175655212E0;5.254822540E0;7.746091919E0;9.433836183E0
9.009078888E1;-1.013841705E0;5.320685577E0;7.759264526E0;9.462756258E0
9.010083087E1;-4.505630493E-1;5.271437988E0;7.590265961E0;9.252199894E0
9.011087188E1;-1.784289551E-1;5.322182465E0;7.521558838E0;9.215818489E0
9.012091288E1;-2.269281006E-1;5.388494568E0;7.754773865E0;9.445839707E0
9.013095387E1;-3.588038635E-1;5.461842041E0;8.318351898E0;9.957682310E0
9.014099588E1;-6.373745728E-1;5.569019165E0;8.814420319E0;1.044577553E1
9.015103687E1;-1.204694824E0;5.619913330E0;8.995094604E0;1.067456989E1
9.016107788E1;-1.924547882E0;5.632038116E0;8.918453979E0;1.072205947E1
9.017111888E1;-2.361788635E0;5.661227417E0;8.676257629E0;1.062567588E1
9.018116088E1;-2.217788086E0;5.727389832E0;8.538993073E0;1.051836399E1
9.019120187E1;-1.740580444E0;5.707930298E0;8.617729340E0;1.048214422E1
9.020124287E1;-1.430724792E0;5.625302124E0;8.688532104E0;1.044899936E1
9.021128388E1;-1.398092651E0;5.623805237E0;8.627908173E0;1.039339443E1
9.022132588E1;-1.285077667E0;5.543871460E0;8.517587585E0;1.024379000E1
9.023136688E1;-1.152154083E0;5.566324768E0;8.462651825E0;1.019450373E1
9.024140787E1;-1.025068359E0;5.660029907E0;8.451574860E0;1.022329797E1
9.025144887E1;-8.086184692E-1;5.505102081E0;8.476273499E0;1.013938978E1
9.026149087E1;-7.289840698E-1;5.419480133E0;8.472980347E0;1.008432341E1
9.027153188E1;-8.421487427E-1;5.449417877E0;8.536897430E0;1.016287299E1
9.028157288E1;-1.012494507E0;5.489833832E0;8.734486542E0;1.036603472E1
9.029161387E1;-1.268911285E0;5.463937683E0;9.083111572E0;1.067556400E1
9.030165588E1;-1.552721100E0;5.411097565E0;9.074429626E0;1.067877300E1
9.031169687E1;-1.680555267E0;5.540578308E0;8.979676666E0;1.068442170E1
9.032173788E1;-1.644629974E0;5.465135193E0;8.838669891E0;1.052114993E1
9.033177888E1;-1.395098877E0;5.498366089E0;8.808432770E0;1.047696609E1
9.034182088E1;-1.266216888E0;5.497168579E0;8.758137360E0;1.041763589E1
9.035186188E1;-1.328188019E0;5.365442505E0;8.586444397E0;1.021171308E1
9.036190287E1;-1.196012878E0;5.342240753E0;8.537795563E0;1.014218596E1
9.037194388E1;-9.608518982E-1;5.223387909E0;8.767867126E0;1.025097613E1
9.038198587E1;-7.737409973E-1;5.130730591E0;9.030271454E0;1.041483913E1
9.039202688E1;-7.331753540E-1;5.053042145E0;9.158554688E0;1.048570002E1
9.040206788E1;-7.688012695E-1;4.967569885E0;9.244176636E0;1.052248106E1
9.041210887E1;-6.918612671E-1;4.788841553E0;9.302255859E0;1.048540126E1
9.042215087E1;-7.765850830E-1;4.711751862E0;9.178313599E0;1.034626167E1
9.043219187E1;-9.150471497E-1;4.677173767E0;9.013805695E0;1.019617373E1
9.044223288E1;-8.322692871E-1;4.634811859E0;8.853638763E0;1.002801438E1
9.045227388E1;-8.982820129E-1;4.616699524E0;8.711584167E0;9.900127463E0
9.046231588E1;-1.229243774E0;4.594096527E0;8.680299225E0;9.897694569E0
9.047235687E1;-1.554068298E0;4.613855438E0;8.683292999E0;9.955017207E0
9.048239787E1;-1.623523865E0;4.595443726E0;8.613687744E0;9.896946465E0
9.049243888E1;-1.428629150E0;4.509223022E0;8.567134552E0;9.786208047E0
9.050248088E1;-1.161734161E0;4.436623993E0;8.336314545E0;9.514588741E0
9.051252188E1;-1.111738129E0;4.390819244E0;7.646249542E0;8.887091052E0
9.052256287E1;-9.744735718E-1;4.493655396E0;8.244255981E0;9.439824905E0
9.053260388E1;-9.303153992E-1;4.586761780E0;8.753796387E0;9.926370009E0
9.054264587E1;-9.298663330E-1;4.436174927E0;8.804840240E0;9.903005152E0
9.055268688E1;-8.752299500E-1;4.274511108E0;8.623118134E0;9.664141919E0
9.056272788E1;-8.126600647E-1;4.263134766E0;8.208779755E0;9.285407879E0
9.057276887E1;-8.800199890E-1;4.357738037E0;8.306227112E0;9.421131822E0
9.058281088E1;-9.157955933E-1;4.417613525E0;8.537196808E0;9.655968111E0
9.059285187E1;-9.196875000E-1;4.517455902E0;8.857530670E0;9.985443530E0
9.060289288E1;-1.016087036E0;4.609065399E0;9.051227875E0;1.020787161E1
9.061293388E1;-1.348246307E0;4.696483612E0;8.733438721E0;1.000738119E1
9.062297588E1;-1.239272919E0;4.743186493E0;8.386160889E0;9.713974981E0